market_id,condition_id,question_id,token_id,question,title,event_id,event_title,event_slug,slug,status,outcomes,volume,liquidity,best_bid,best_ask,last_trade_price,start_date,end_date,team_a,team_b,game_classification,reject_reason
1029750,0x68730687766f5294a9840b6d3b7b57b8040d082dd69cffbcff899610decb8e17,0xe85f7805f085fb0e82210193fa0fe0a8746118291706ee02dc210df318f7e2c5,,,Oregon vs. Texas Tech Red Raiders,125455,Oregon vs. Texas Tech Red Raiders,cfb-ore-txtech-2026-01-01,cfb-ore-txtech-2026-01-01,closed,"[{'label': 'Oregon', 'token_id': '63862073753649885935080463830589655254663805704506413296220636708425522392321', 'predexon_id': 'px-oglypnwywz2x', 'price': 1.0}, {'label': 'Texas Tech Red Raiders', 'token_id': '109720219547713151239071564265228265809829651619804267192682147152166040276656', 'predexon_id': 'px-eb66dxgix63y', 'price': 0.0}]",,,,,,,,Oregon,Texas Tech,mixed_one_mm_one_not,not_cbb
941103,0x94b10c0bfeda43011714c678f959b6c2429adf6bef06d4e1f7703a2b137d6ff0,0x27649478f3db34230e34cd1ef8417450c164ab044335204955e056151bc5d771,,,Alabama vs. Oklahoma,105898,Alabama vs. Oklahoma,cfb-ala-okl-2025-12-19,cfb-ala-okl-2025-12-19,closed,"[{'label': 'Alabama', 'token_id': '70397070945080281371503368041633716131190827582594191712463794311321843229891', 'predexon_id': 'px-6c63rldzzkys', 'price': 1.0}, {'label': 'Oklahoma', 'token_id': '40822607585190461195073710936487425414197193102743166888221781257244481598994', 'predexon_id': 'px-mofqwfga3bx4', 'price': 0.0}]",,,,,,,,Alabama,Oklahoma,mixed_one_mm_one_not,not_cbb
1602245,0x4491df698adf8d361aacc240a34d12e751f51baef01d79d523a4d498baa45fba,0x0b2a543449b1a626440f0ca9fdeb15c7c2209e328641ac1b30fd5f4fcec1885d,,,Missouri Tigers vs. Miami Hurricanes,274192,Missouri Tigers vs. Miami Hurricanes,cbb-missr-mia-2026-03-20,cbb-missr-mia-2026-03-20,closed,"[{'label': 'Missouri Tigers', 'token_id': '5533407621462204419366790705917923676675270766779491181055620828944815843041', 'predexon_id': 'px-i6iuamvra3j3', 'price': 0.0}, {'label': 'Miami Hurricanes', 'token_id': '20405373265263690273095397068448682914028493604888619902586392206352942539171', 'predexon_id': 'px-lcrob4okmv6m', 'price': 1.0}]",,,,,,,,Missouri,Miami Hurricanes,mixed_one_mm_one_not,bad_outcomes
1668974,0x6e98165eba914614002d6462a847867bece25d7dec8c29ec6c77870b6a5b5b15,0x8ff92143c008bb7acadcc06ebde13d740deda90fa1ab986a4289d3f08e36bd9a,,,Miami Hurricanes vs. Purdue Boilermakers,291888,Miami Hurricanes vs. Purdue Boilermakers,cbb-mia-pur-2026-03-22,cbb-mia-pur-2026-03-22,closed,"[{'label': 'Miami Hurricanes', 'token_id': '23174936636582961456223035370231131689912018591533001152034041867256444695541', 'predexon_id': 'px-7ifqjcgrtdpl', 'price': 0.0}, {'label': 'Purdue Boilermakers', 'token_id': '41689876958203396083000604965080212324957511415230803937491891625514739152109', 'predexon_id': 'px-rzernwc25cm3', 'price': 1.0}]",,,,,,,,Miami Hurricanes,Purdue,mixed_one_mm_one_not,bad_outcomes
1029747,0x269b70d13789a587fde5b6482688ae5bb18c8de7e357ec5903c32948454ea849,0x57c5b427d153a65d92c40313e79512774226a62fae7afa8b9888e536a3876dfc,,,Ole Miss vs. Georgia,125454,Ole Miss vs. Georgia,cfb-miss-ga-2026-01-01,cfb-miss-ga-2026-01-01,closed,"[{'label': 'Ole Miss', 'token_id': '61495332530348640979262423024840451050068932850211347033029490398010647228646', 'predexon_id': 'px-vehzm3mjhf5c', 'price': 1.0}, {'label': 'Georgia', 'token_id': '53781894574751442678055586850760815444217119659170124593491912417747358377315', 'predexon_id': 'px-tcwywhidmkj2', 'price': 0.0}]",,,,,,,,Ole Miss,Georgia,mixed_one_mm_one_not,not_cbb
687824,0x3b292e9b57d64a36df92b0c8e9ba1f0c8acb7693922126ef78ab948d7907015f,0x4f62092096dd85c211af4e0972287c9e590240861703e85fbe6db7a83b0cc4bf,,,Missouri vs. Oklahoma,83850,Missouri vs. Oklahoma,cfb-missr-okl-2025-11-22,cfb-missr-okl-2025-11-22,closed,"[{'label': 'Missouri', 'token_id': '90044343820630031456729213931568588592334997977779552543717083517976160910103', 'predexon_id': 'px-nojvd5hrvwes', 'price': 0.0}, {'label': 'Oklahoma', 'token_id': '28423980411476904008854614248955435866625433164028991441359923025185654781979', 'predexon_id': 'px-yqpz53eeyk4l', 'price': 1.0}]",,,,,,,,Missouri,Oklahoma,mixed_one_mm_one_not,not_cbb
635309,0x49afdc2072ba5ddea5f41258aae271afec1f5ccef877f2d1a2f5e8e0f5c3adb8,0x63f01c98fa80dc507800f5a57f1d9a73a378dfe1ca1542e820bc8f718befd1fe,,,Louisville vs. Miami,59326,Louisville vs. Miami,cfb-lou-mia-2025-10-17,cfb-lou-mia-2025-10-17,closed,"[{'label': 'Louisville', 'token_id': '28158942024648163229035544972069470900608454264056085385448902544103259948806', 'predexon_id': 'px-7vbhc3xgmc5c', 'price': 1.0}, {'label': 'Miami', 'token_id': '7829405558695415098933992896472306188032145335278437157264989840913307976331', 'predexon_id': 'px-26sokdmkmtlf', 'price': 0.0}]",,,,,,,,Louisville,Miami,mixed_one_mm_one_not,not_cbb
790758,0x99c6571e36ee889a598ed57dc0cd7c72934e13ccafc739b81ef462536a1bbda8,0x8d5fbfbb5d996ad58103d4586ced979edf663621be397991c263dd0d537015ff,,,Ohio State vs. Indiana,95309,Ohio State vs. Indiana,cfb-ohiost-ind-2025-12-06,cfb-ohiost-ind-2025-12-06,closed,"[{'label': 'Ohio State', 'token_id': '72563027128355945368260722418418949671347248712787387160522591545859181326757', 'predexon_id': 'px-6aqra4e3efmr', 'price': 0.0}, {'label': 'Indiana', 'token_id': '14336133425811262902419451276005441760352776510579560608392953556071846750643', 'predexon_id': 'px-4fhxtlsaipho', 'price': 1.0}]",,,,,,,,Ohio State,Indiana,mixed_one_mm_one_not,not_cbb
1029741,0xbd3a3e46de3aab7d3180e1981269041dac35dc338029568e3d503d9ed51bf446,0xdad22bbe42d0bb7cff5a66378e1888c609c2e5b4f1c156b5bef9e2369b287eb8,,,Miami vs. Ohio State,125452,Miami vs. Ohio State,cfb-mia-ohiost-2025-12-31,cfb-mia-ohiost-2025-12-31,closed,"[{'label': 'Miami', 'token_id': '99093432786402804880099032071467135852496600757661324561038671432812359584511', 'predexon_id': 'px-uxli2twg4apz', 'price': 1.0}, {'label': 'Ohio State', 'token_id': '23471650063393958803671967126227185829114796538841575733768368413094724320080', 'predexon_id': 'px-3e3ukhdn5y4v', 'price': 0.0}]",,,,,,,,Miami,Ohio State,mixed_one_mm_one_not,not_cbb
943842,0x31eafc75bdaa2f9f476774c9e87d05ca8f019a48c5e27b432e58b7271aba0270,0x7d8c60f1f1fe270ccdcab79284639516bf02761ca93f431632da5f9810bda3c5,,,Washington State vs. Utah State,106204,Washington State vs. Utah State,cfb-washst-utahst-2025-12-22,cfb-washst-utahst-2025-12-22,closed,"[{'label': 'Washington State', 'token_id': '73686282727313648870418464663601032970752942706133369297526579912528356075306', 'predexon_id': 'px-umpdtrm3u5kb', 'price': 1.0}, {'label': 'Utah State', 'token_id': '85343758333450929869530077584435877187723811999880175077236708535788614916628', 'predexon_id': 'px-kzyt7emueauq', 'price': 0.0}]",,,,,,,,Washington State,Utah State,mixed_one_mm_one_not,not_cbb
997112,0xb46c7b524db0113c19a52cc55dae1a2bba8642c2dfca4ce56087f08abd8ac2bf,0x682cf9f75f0d6ac8d12eca22c9fa6c33546a4339eb374b63127cedb5ef1b1a67,,,California vs. Hawaii,118099,California vs. Hawaii,cfb-cah-hawaii-2025-12-24,cfb-cah-hawaii-2025-12-24,closed,"[{'label': 'California', 'token_id': '41996979170610020272966450394564902917152261666489982731217298110368910937435', 'predexon_id': 'px-hpau2vbmjyvt', 'price': 0.0}, {'label': 'Hawaii', 'token_id': '58032360241934380307701167010847333273984700496262271922793271519406969637016', 'predexon_id': 'px-nqein3z7fvra', 'price': 1.0}]",,,,,,,,California,Hawaii,mixed_one_mm_one_not,not_cbb
673281,0x61128a17dcc76c7afa1fb58daccc3f456a4a9e9c5aeb359b140160a9ddc56746,0xdb3f32806bc20c344a3836ffd9fee116e44630b06d22e34ea7f507896cab0d95,,,Texas State vs. Southern Miss,77198,Texas State vs. Southern Miss,cfb-txst-soumis-2025-11-15,cfb-txst-soumis-2025-11-15,closed,"[{'label': 'Texas State', 'token_id': '12502520854540172115841697234430430832879691227208438610016613580542855718173', 'predexon_id': 'px-xjkuutkeva7l', 'price': 1.0}, {'label': 'Southern Miss', 'token_id': '44614025455547025832031057360722949663859741688861644577692058326229643557547', 'predexon_id': 'px-thnzpomgnzwb', 'price': 0.0}]",,,,,,,,Texas,Southern Miss,mixed_one_mm_one_not,not_cbb
1029744,0x404fd3f6a231ab1dc3e949c4c544b94d911e0597d3a4eef5b581ff9336601b34,0xbb15cc2e1a58c57dd2dfbdb532119804bd4242828a6c85f1a341f81a29e3fad7,,,Alabama vs. Indiana,125453,Alabama vs. Indiana,cfb-ala-ind-2026-01-01,cfb-ala-ind-2026-01-01,closed,"[{'label': 'Alabama', 'token_id': '55177338345205600810745478040444717610689274926726402515626371893009305876425', 'predexon_id': 'px-funqrk6irvdy', 'price': 0.0}, {'label': 'Indiana', 'token_id': '10601569859742297242580892881614341473331699091327653986218789211764689090669', 'predexon_id': 'px-25haeuxdwzne', 'price': 1.0}]",,,,,,,,Alabama,Indiana,mixed_one_mm_one_not,not_cbb
1053627,0xf70c920368b689bdd16772f9eda0959708f8cbf18742602a936460be4af836da,0x863b260fc60a770d03fa520f8559511227dc37703472fa880beb6ce6f7ca7504,,,Spread: Indiana (-7.5),125453,Alabama vs. Indiana,cfb-ala-ind-2026-01-01,cfb-ala-ind-2026-01-01-spread-home-7pt5,closed,"[{'label': 'Indiana', 'token_id': '79404463522161410598456928249150933829868716828065270115484117104777008284474', 'predexon_id': 'px-oasqd5aldmaj', 'price': 1.0}, {'label': 'Alabama', 'token_id': '5899779596420385742790970793770351439521807175853565998904177130118795015517', 'predexon_id': 'px-f7luhaqkxb2n', 'price': 0.0}]",,,,,,,,Indiana,Alabama,mixed_one_mm_one_not,not_cbb
1207246,0x3432e217c128c6a2f8cf2ff3b6a5e79de380751c937bdbdb233ff3f913afba03,0x2ef5f74022c64385fd9ce42dba9f4eb73e9fcf40ab7de9af7bf43d2d1ade4cc3,,,Utah State Aggies vs. Colorado State Rams,170352,Utah State Aggies vs. Colorado State Rams,cbb-utahst-colst-2026-01-23,cbb-utahst-colst-2026-01-23,closed,"[{'label': 'Utah State Aggies', 'token_id': '81915570392615312876104294635076855985617284623629676206763560384578937391877', 'predexon_id': 'px-6s7jpxjkexk4', 'price': 1.0}, {'label': 'Colorado State Rams', 'token_id': '68591138998367127965250023697401300721942124242179723368655462042938229100882', 'predexon_id': 'px-vhty7j67cojj', 'price': 0.0}]",,,,,,,,Utah State,Colorado State Rams,mixed_one_mm_one_not,outside_date_window
703198,0x9da3ff37ed004859707cbf2e120d3dce327b6dfc8dbf2193447417a00f418b6b,0x85c9254c9026bc525f221253af2001776c847383e2e3c83da9c9180a547d6ebf,,,North Carolina State Wolfpack vs. Boise State Broncos,90119,North Carolina State Wolfpack vs. Boise State Broncos,cbb-ncst-boise-2025-11-25,cbb-ncst-boise-2025-11-25,closed,"[{'label': 'North Carolina State Wolfpack', 'token_id': '102001903738769467900475990930610436806455632018042706151162749716586055400218', 'predexon_id': 'px-2emwgwtgmjcn', 'price': 1.0}, {'label': 'Boise State Broncos', 'token_id': '63352664087391117918915676524256229625928896522483698507923638475418781426669', 'predexon_id': 'px-ioyp3mgggxp4', 'price': 0.0}]",,,,,,,,NC State,Boise State Broncos,mixed_one_mm_one_not,outside_date_window
941094,0x6c4e44a1693702ad439d301b5002fee2f321326bf164b544bb1e1247677bbda9,0x3af3db7b46acb64791e8465d0fb63ed059e68d70a796b2a61469dd9d3451acda,,,Old Dominion vs. South Florida,105895,Old Dominion vs. South Florida,cfb-old-sfl-2025-12-17,cfb-old-sfl-2025-12-17,closed,"[{'label': 'Old Dominion', 'token_id': '52872415119790059528516144068098260568495221372370308164654340565704732994282', 'predexon_id': 'px-6gynx6rocc2r', 'price': 1.0}, {'label': 'South Florida', 'token_id': '25431951355778543049035850659359418296954963776552784930042271936702282491742', 'predexon_id': 'px-cmzubq5ihp4x', 'price': 0.0}]",,,,,,,,Old Dominion,South Florida,mixed_one_mm_one_not,not_cbb
673142,0x7849d8f545da990d5aecb91d0d44ab7c772772c659a101292a907b7ee68c11b9,0x26204b9a9d1ba710bf36241ffb07b2870f8afadbda29544042c21ef37baa9fad,,,Buffalo vs. Central Michigan,77151,Buffalo vs. Central Michigan,cfb-buf-cmich-2025-11-12,cfb-buf-cmich-2025-11-12,closed,"[{'label': 'Buffalo', 'token_id': '90984476475184025034086633010925204693852116503475036366055588907863981719798', 'predexon_id': 'px-65yw4vog5wjt', 'price': 0.0}, {'label': 'Central Michigan', 'token_id': '42660351183619578043212613685699745421195431878989966240014828939955239920903', 'predexon_id': 'px-ybug7hzfpsgh', 'price': 1.0}]",,,,,,,,Buffalo,Michigan,mixed_one_mm_one_not,not_cbb
705525,0x9ff2a601d5870463140ae1ca4a977bee5630488b6bb9aa2f1abad005e2b7ae61,0x2b8f6e76a3933078ca4fce7459e4aa15b39cfdef86436a5059a34af706c4553b,,,Spread: Houston Cougars (-10.5),90992,Notre Dame Fighting Irish vs. Houston Cougars,cbb-nd-hou-2025-11-26,cbb-nd-hou-2025-11-26-spread-home-10pt5,closed,"[{'label': 'Houston Cougars', 'token_id': '37311372599257889156249439460144238247682408451219096366356186228674624182328', 'predexon_id': 'px-xs7x3n3yq53e', 'price': 0.0}, {'label': 'Notre Dame Fighting Irish', 'token_id': '49050010573780225782267280959909220827916337371126664229930346859269202649904', 'predexon_id': 'px-wuayp6qw335z', 'price': 1.0}]",,,,,,,,Houston,Notre Dame Fighting Irish,mixed_one_mm_one_not,outside_date_window
2353263,0x7a6bd71bcc1f8cbd5c207ac58a0d4ee2789a0f4e4fb31ae7812d903ef271e8a7,0x361c5c693769ff024f5e9d2172b34454b42e502299eb9c85fcc871d033e352e0,,,Chicago Cubs vs. St. Louis Cardinals,523543,Chicago Cubs vs. St. Louis Cardinals,mlb-chc-stl-2026-05-31,mlb-chc-stl-2026-05-31,closed,"[{'label': 'Chicago Cubs', 'token_id': '101499848959514781987469251454184285778482373918263765072342787847444890353071', 'predexon_id': 'px-qf6jjh6pwj5a', 'price': 0.0}, {'label': 'St. Louis Cardinals', 'token_id': '113011720858659516990914631176839710466392226020051367327316133452676786812993', 'predexon_id': 'px-6nwf5qjgpxrq', 'price': 1.0}]",,,,,,,,Chicago Cubs,Saint Louis,mixed_one_mm_one_not,not_cbb
941115,0xdf52833e285b6f8d3d341ca08aeee99b267fdff24b930eecf0290fa630886298,0x65fa6ebb71c1984e16d4e53f0e6ae0f91069ede625ef4f62f274ca632ec68789,,,Miami vs. Texas A&M,105902,Miami vs. Texas A&M,cfb-mia-txam-2025-12-20,cfb-mia-txam-2025-12-20,closed,"[{'label': 'Miami', 'token_id': '109279402282371042125359071527895031721922791211809941043112015932916264649483', 'predexon_id': 'px-burfjzrcaaql', 'price': 1.0}, {'label': 'Texas A&M', 'token_id': '104502650213466411463045311724199884208371974668649535446789190162665656808221', 'predexon_id': 'px-mmfmhdbnpc5x', 'price': 0.0}]",,,,,,,,Miami,Texas A&M,mixed_one_mm_one_not,not_cbb
1029748,0x81aa83aaad4d47ad31b81bbbcd6b9638af91a09bf1145a4113989dc6c3a3273e,0x9e6b85a72c5be910db18f3b53d867854e36ca1fce88d9cbd74db3e82fba811b9,,,Spread: Georgia (-6.5),125454,Ole Miss vs. Georgia,cfb-miss-ga-2026-01-01,cfb-miss-ga-2026-01-01-spread-home-6pt5,closed,"[{'label': 'Georgia', 'token_id': '49039677465343223133445393670925653629219223258213737203812645365871738006258', 'predexon_id': 'px-ig4odmenmyui', 'price': 0.0}, {'label': 'Ole Miss', 'token_id': '77428362051232139457088077342440257676686967150434347032558199076096718694631', 'predexon_id': 'px-2z2z5frewtki', 'price': 1.0}]",,,,,,,,Georgia,Ole Miss,mixed_one_mm_one_not,not_cbb
1946795,0x8666fd4c10a01066aded35d2cd0607252bcaf5fb78a9839be5bb6cc563f706b2,0xebe09be14b00d20addd873ccfd9ac2cbbe05988c9ac13f8701a08b247702fa9f,,,Texas Rangers vs. Seattle Mariners,367683,Texas Rangers vs. Seattle Mariners,mlb-tex-sea-2026-04-17,mlb-tex-sea-2026-04-17,closed,"[{'label': 'Texas Rangers', 'token_id': '57851794296486593204343620348491334220583037261890986366144538341507480487467', 'predexon_id': 'px-y7vtc7inx7pa', 'price': 1.0}, {'label': 'Seattle Mariners', 'token_id': '90250687417506189866561136573806716123195166108416276499427416298511705850910', 'predexon_id': 'px-gy33j7tmeve3', 'price': 0.0}]",,,,,,,,Texas,Seattle Mariners,mixed_one_mm_one_not,not_cbb
624056,0xb36991336fa973aca12aaf523ca8425e98ebfa6c5521b3f723e8d487adfe9f09,0x9f42b1bde3a2293962e2e845903d8cc6696c42e66865a877b095dbdbd1350b86,,,Oklahoma vs. Texas,55219,Oklahoma vs. Texas,cfb-okl-tx-2025-10-11,cfb-okl-tx-2025-10-11,closed,"[{'label': 'Oklahoma', 'token_id': '49945677446949854939249813961357533799656959277424929759437590321236921505383', 'predexon_id': 'px-fvujadtjdgx3', 'price': 0.0}, {'label': 'Texas', 'token_id': '104929492716875514485577985165637566324862098832337471374203033844882440829195', 'predexon_id': 'px-lwqvrgwjrdth', 'price': 1.0}]",,,,,,,,Oklahoma,Texas,mixed_one_mm_one_not,not_cbb
1860437,0x62a34e0175edc4bce80bb7088a8222535aad15f7fc51a91921c580f05e39fbcc,0x7305ff463efcae284d74c7047506798a0a4a708e6455c8920dd1b879aaed0a8b,,,Texas Rangers vs. Los Angeles Dodgers,343123,Texas Rangers vs. Los Angeles Dodgers,mlb-tex-lad-2026-04-10,mlb-tex-lad-2026-04-10,closed,"[{'label': 'Texas Rangers', 'token_id': '99237965040716747156198706150009093244910918607150806774948813739478780304538', 'predexon_id': 'px-pvq2vssczuuj', 'price': 0.0}, {'label': 'Los Angeles Dodgers', 'token_id': '72519142109348165762238956813810475240690683787619523285687459534148214121789', 'predexon_id': 'px-45zhzcki5p6j', 'price': 1.0}]",,,,,,,,Texas,Los Angeles Dodgers,mixed_one_mm_one_not,not_cbb
2490325,0x617bd276ccbc092f366d59dc997a4c67f13f809e7592498f15244933b56d9dcd,0xb4026c2f3320b4c6a60164a46fefbff56574c31bdf9ceecb1bdde5181d897459,,,Detroit Tigers vs. Houston Astros,579960,Detroit Tigers vs. Houston Astros,mlb-det-hou-2026-06-16,mlb-det-hou-2026-06-16,closed,"[{'label': 'Detroit Tigers', 'token_id': '36078836267048933154314993239492462224758108351892204962301139554682417452403', 'predexon_id': 'px-dmwo3pqu2ygz', 'price': 0.0}, {'label': 'Houston Astros', 'token_id': '50851088058082364042563950872858898678082384466518839368099421057190872803200', 'predexon_id': 'px-myosc3awjvv5', 'price': 1.0}]",,,,,,,,Detroit Tigers,Houston,mixed_one_mm_one_not,not_cbb
2361112,0x48f2db75359548df03667b6acfe4020ce18b0f9527f0ca4562c17506ae399127,0x548508ed30f982681409df9852f2d7cba215b03f2d020e767df24326a452bb93,,,Kansas City Royals vs. Cincinnati Reds,527083,Kansas City Royals vs. Cincinnati Reds,mlb-kc-cin-2026-06-01,mlb-kc-cin-2026-06-01,closed,"[{'label': 'Kansas City Royals', 'token_id': '91926727989326306580641509434027860293569406495383285472379484443296860168400', 'predexon_id': 'px-q5cyhejspjlf', 'price': 1.0}, {'label': 'Cincinnati Reds', 'token_id': '51994065055409602915992199300998186494836800281268304468019520599063428796028', 'predexon_id': 'px-z27v5opobtbp', 'price': 0.0}]",,,,,,,,Kansas,Cincinnati Reds,mixed_one_mm_one_not,not_cbb
1213522,0xff8d37e1b4fecb20c1114a81e61388b1a24197f6bc338ea1d3a8ca554e69ad57,0x5d8d9df2efaa6cf04a8bc0c3352ef3f2adb31e774f8f33e387dafd792554733f,,,Furman Paladins vs. UNCG Spartans,172428,Furman Paladins vs. UNCG Spartans,cbb-furman-ncg-2026-01-24,cbb-furman-ncg-2026-01-24,closed,"[{'label': 'Furman Paladins', 'token_id': '92986585643278228651605412055158836406123309129768618894816260075054439021465', 'predexon_id': 'px-qsj5nsmdo5tn', 'price': 1.0}, {'label': 'UNCG Spartans', 'token_id': '17863676742986423672213377727234909817799944667714272515868726566011911698743', 'predexon_id': 'px-jifq57jymqak', 'price': 0.0}]",,,,,,,,Furman,UNCG Spartans,mixed_one_mm_one_not,outside_date_window
532669,0x9e565844c71aaabca5023d61f41c290332ff46085b750d4d0db07d757f177c4d,0xb718bbcb18c9426e439e249916a19053e5c9c74378cddf3772ae3b38edb30dc9,,,Florida vs. Auburn,21871,Florida vs. Auburn,cbb-uf-aub-2025-04-05,cbb-uf-aub-2025-04-05,closed,"[{'label': 'Florida', 'token_id': '4651558520295432153224010638476547248052704872516968366067139771062616613125', 'predexon_id': 'px-n2ycc4ibxn66', 'price': 1.0}, {'label': 'Auburn', 'token_id': '78307253419658138241084306009502824099679519672241549034930483926994549852003', 'predexon_id': 'px-nsz6t553nbcr', 'price': 0.0}]",,,,,,,,Florida,Auburn,mixed_one_mm_one_not,outside_date_window
641901,0x2cf1be28fe36433b67f5c8c7ac045aa58c8365a9b269f86abc302e2e1105e256,0xc67c0cafafee9ff759dad6681625b6110e8a5f836495ff89d352264b91982479,,,California vs. Virginia Tech,62606,California vs. Virginia Tech,cfb-cah-vtech-2025-10-24,cfb-cah-vtech-2025-10-24,closed,"[{'label': 'California', 'token_id': '15684980356130957862988720106480049352938674010277319228029245526861706426840', 'predexon_id': 'px-vccmw6zuooae', 'price': 0.0}, {'label': 'Virginia Tech', 'token_id': '64581711809025882264011689503628516781551592050683755277643179311010284326085', 'predexon_id': 'px-atb5dehxrcpt', 'price': 1.0}]",,,,,,,,California,Virginia,mixed_one_mm_one_not,not_cbb
1029720,0xeffb4b076374698234b50e8625eaac98c91d1540b83c7e889e99528ca71f03d6,0x59d7e9c0e5dc65e8d812ac608822446bf121fe498f38102d45763a9e73a2c027,,,USC vs. TCU,125445,USC vs. TCU,cfb-usc-tcu-2025-12-30,cfb-usc-tcu-2025-12-30,closed,"[{'label': 'USC', 'token_id': '115189248250615777717696155580879616536906662821380645404039022015448614276408', 'predexon_id': 'px-32y7ngu27nrw', 'price': 0.0}, {'label': 'TCU', 'token_id': '87973363840455373735711385775981918050826367689521183708986955469765336342090', 'predexon_id': 'px-awkjuxqpkzu7', 'price': 1.0}]",,,,,,,,USC,TCU,mixed_one_mm_one_not,not_cbb
641940,0x3a39350b952cd1484411dfef5c7df76b2ca5320c38abce7e54e3eefd14da38b8,0x70ae53a21e7dbcf810af013ee5df2ae58007e8837e784203e376a4d19002856c,,,Rutgers vs. Purdue Boilermakers,62619,Rutgers vs. Purdue Boilermakers,cfb-rutger-pur-2025-10-25,cfb-rutger-pur-2025-10-25,closed,"[{'label': 'Rutgers', 'token_id': '3889887760259165616313502267676982280659103382224326350719814218030287278925', 'predexon_id': 'px-ozxcecs6jggm', 'price': 1.0}, {'label': 'Purdue Boilermakers', 'token_id': '112622563403430241472714740655735688969983519666302836349948385602595301973815', 'predexon_id': 'px-qzog7vad6u3j', 'price': 0.0}]",,,,,,,,Rutgers,Purdue,mixed_one_mm_one_not,not_cbb
687932,0x713e497584739df7c461addeb01cbb09066ad484c8f2f5147807b1a0c9344301,0xc0a89a88efa01b039b7b81ef57bc07d51c95f29bfc42fe8e6f23ada73107a5ad,,,Utah State vs. Fresno State,83888,Utah State vs. Fresno State,cfb-utahst-frest-2025-11-22,cfb-utahst-frest-2025-11-22,closed,"[{'label': 'Utah State', 'token_id': '100480309269575900177872808547594708278417251788350572454219940341583861646844', 'predexon_id': 'px-ipwpgarquxdd', 'price': 1.0}, {'label': 'Fresno State', 'token_id': '10480210608955224062000717930114946804405244260887638985794410598788461401673', 'predexon_id': 'px-mwse5f7zaply', 'price': 0.0}]",,,,,,,,Utah State,Fresno State,mixed_one_mm_one_not,not_cbb
790752,0x890583532a17ef17c9d196005c78168bc8399aa525059ace154574b7e0b0577d,0xae402850a4c8391f3599a6ae77550fbe20357973bba6ba08f26b64b7a949d77b,,,North Texas vs. Tulane,95307,North Texas vs. Tulane,cfb-ntx-tulane-2025-12-05,cfb-ntx-tulane-2025-12-05,closed,"[{'label': 'North Texas', 'token_id': '106030380401728095172804925879144487064714302208793465659991701064663527590860', 'predexon_id': 'px-nc54zjx7tnhy', 'price': 0.0}, {'label': 'Tulane', 'token_id': '64593616229088584770916490166157825674164301688945646722349952237376476851137', 'predexon_id': 'px-xzfu6kyonsy3', 'price': 1.0}]",,,,,,,,Texas,Tulane,mixed_one_mm_one_not,not_cbb
2427526,0xb91bcf97aed2a45f079de5a8683035e8505562523bc2b643518175ee11fb7bed,0xbdbc92c59c9b5b78b21e00294411863bebb239dafd6005300b9fc0fee3366518,,,Arizona Diamondbacks vs. Miami Marlins,555170,Arizona Diamondbacks vs. Miami Marlins,mlb-ari-mia-2026-06-09,mlb-ari-mia-2026-06-09,closed,"[{'label': 'Arizona Diamondbacks', 'token_id': '24966866628666790729984033039889044480255111454766340822693895037219873864109', 'predexon_id': 'px-thkbx3k4madx', 'price': 0.0}, {'label': 'Miami Marlins', 'token_id': '31232421682960001105826623941217547138998834298705166871879814019888783572321', 'predexon_id': 'px-sitgxgqusoly', 'price': 1.0}]",,,,,,,,Arizona,Miami Marlins,mixed_one_mm_one_not,not_cbb
673184,0x6c8908bab512d1af0925e4c19ac675f4c835ab2eabc2d091ef7ffadd126fc62c,0xec5b9d2e130ff230d110db07bf15fc5b9b8d93957b6173ded65ca9cec5864f3d,,,South Carolina vs. Texas A&M,77165,South Carolina vs. Texas A&M,cfb-sc-txam-2025-11-15,cfb-sc-txam-2025-11-15,closed,"[{'label': 'South Carolina', 'token_id': '51949223488306938253841499604713754996687100426608956708820807695784347849766', 'predexon_id': 'px-rerwt5esqgdf', 'price': 0.0}, {'label': 'Texas A&M', 'token_id': '6230517288861281329914831994010423752014343921274302687787587576709215448697', 'predexon_id': 'px-eixdvet4mdbs', 'price': 1.0}]",,,,,,,,South Carolina,Texas A&M,mixed_one_mm_one_not,not_cbb
2339621,0x937bca76e94824d59a5d3c5d58c7b8470832005a38b7a45e4b059034119a69c5,0x7d95e318e17a82cbef024efc6b0a37b6849945e3de8fc3e0575da8e6cdad243b,,,Arizona Diamondbacks vs. Seattle Mariners,516901,Arizona Diamondbacks vs. Seattle Mariners,mlb-ari-sea-2026-05-29,mlb-ari-sea-2026-05-29,closed,"[{'label': 'Arizona Diamondbacks', 'token_id': '67100866537918448863211383398587860868785657368034430872233458523507984384368', 'predexon_id': 'px-zg2i3hphn5kz', 'price': 0.0}, {'label': 'Seattle Mariners', 'token_id': '7672278326893631243134950633892893864209325817573148461258083998648454433008', 'predexon_id': 'px-zf35ov6iyazr', 'price': 1.0}]",,,,,,,,Arizona,Seattle Mariners,mixed_one_mm_one_not,not_cbb
691441,0x8319d10bfb7989321cd0b32c8d886b95584e51efed0ced6cd06d39d38ea9b2e5,0x7c25cc5dbf3e0180375a094e1a062a9fa13090c08249c9fdeed83b2bbb65e45e,,,Michigan Wolverines vs. Auburn Tigers,85397,Michigan Wolverines vs. Auburn Tigers,cbb-mich-aubrn-2025-11-25,cbb-mich-aubrn-2025-11-25,closed,"[{'label': 'Michigan Wolverines', 'token_id': '63406971869569688783968079227418413896180813196552918933492102849424081704211', 'predexon_id': 'px-u5xrala3iasa', 'price': 1.0}, {'label': 'Auburn Tigers', 'token_id': '58441110012680165077792535605042573474085069831946870798387432473688047939804', 'predexon_id': 'px-il7igdowc6ng', 'price': 0.0}]",,,,,,,,Michigan,Auburn Tigers,mixed_one_mm_one_not,outside_date_window
598299,0xcb48a4793e9c7b9a638447ecdbbeaa39584ccb8cff323847a3d25c61fd7fdfdb,0xd7255bcb4aff58371869f0128573c16a33562f1699b2cb29593bd7389cbc0b72,,,Iowa vs. Rutgers,44724,Iowa vs. Rutgers,cfb-iowa-rutg-2025-09-19,cfb-iowa-rutg-2025-09-19,closed,"[{'label': 'Iowa', 'token_id': '107058893357043948924402768971891074251892938013858053223691491063715153720888', 'predexon_id': 'px-opn6oks7l65i', 'price': 1.0}, {'label': 'Rutgers', 'token_id': '31841525450571111665511077903425745331075349456788869550588113604023762712498', 'predexon_id': 'px-jbpembfthbaj', 'price': 0.0}]",,,,,,,,Iowa,Rutgers,mixed_one_mm_one_not,not_cbb
516918,0x43e71688ad296d11bbaa2fd65a5c81e3408401b85e444f320f202a709fea29eb,0xb44f5a35a335798267d257864efcf321b6df0acf920df677b4733e2b219bbf9e,,,Notre Dame vs. Georgia,16159,Notre Dame vs. Georgia,cfb-ndame-uga-2025-01-01,cfb-ndame-uga-2025-01-01,closed,"[{'label': 'Notre Dame', 'token_id': '42074928064881307660324912823038805319520007336524325828189290890613800956295', 'predexon_id': 'px-hai2nyf47cqn', 'price': 1.0}, {'label': 'Georgia', 'token_id': '112770939561534441232238194680914037856868097235475613424732889910595350727623', 'predexon_id': 'px-7ixczclpbtwo', 'price': 0.0}]",,,,,,,,Notre Dame,Georgia,mixed_one_mm_one_not,not_cbb
1890656,0x0ba5db7ef8a22627d6ed3048a76948234aed90741548c22ed3eb97d5887becaa,0xfa3e312b96a6dac3e28e33d73cfc5890b12f65773930fa0cbbe49707e548d0c1,,,Chicago White Sox vs. Kansas City Royals,350295,Chicago White Sox vs. Kansas City Royals,mlb-cws-kc-2026-04-12,mlb-cws-kc-2026-04-12,closed,"[{'label': 'Chicago White Sox', 'token_id': '36348988882210654327793333821373148284800969268104550207011578943670467241135', 'predexon_id': 'px-eyicsow2rl4z', 'price': 1.0}, {'label': 'Kansas City Royals', 'token_id': '97984552035539742450531579351596984119836983438106782818191042334134718785453', 'predexon_id': 'px-vhethozosqlu', 'price': 0.0}]",,,,,,,,Chicago White Sox,Kansas,mixed_one_mm_one_not,not_cbb
2490309,0xd121d7fa08b0aa417fd07952b61e7d64286b74ebbb9ba9f3f6d9a19aed893985,0x20d1b0d2fdb32bc75bf87b7a2e56ab8c036eed2e1a50c26a2edded5ae07048ac,,,Kansas City Royals vs. Washington Nationals,579952,Kansas City Royals vs. Washington Nationals,mlb-kc-wsh-2026-06-16,mlb-kc-wsh-2026-06-16,closed,"[{'label': 'Kansas City Royals', 'token_id': '107063511769208509883001305125102083092460745359623590130498638988283974432601', 'predexon_id': 'px-noi3ijrjzvrw', 'price': 0.0}, {'label': 'Washington Nationals', 'token_id': '18141977798271706048605044399292739369870989679270841636832886925041880052399', 'predexon_id': 'px-yrevi7tgdun3', 'price': 1.0}]",,,,,,,,Kansas,Washington Nationals,mixed_one_mm_one_not,not_cbb
698724,0xb1724dc7a1283aa1e504b470f97f3c8c783e7a438b6356f91da0e0c822063cd6,0xeeba9d42b03e36dc1fd4b23f139f81ce20ca7e7c390a47308d0099b0fef56c71,,,Alabama vs. Auburn,88572,Alabama vs. Auburn,cfb-ala-aubrn-2025-11-29,cfb-ala-aubrn-2025-11-29,closed,"[{'label': 'Alabama', 'token_id': '100421850344077309675244370547811252266275030680763914204667214273189166204593', 'predexon_id': 'px-rc67mah5mtj6', 'price': 1.0}, {'label': 'Auburn', 'token_id': '45749458517559406829961993618062806151960129187106060805608447824951561603036', 'predexon_id': 'px-ku4cfzbjpdcr', 'price': 0.0}]",,,,,,,,Alabama,Auburn,mixed_one_mm_one_not,not_cbb
652763,0x4891d40f8dff2ba9f067518d2c3277eb7fd90e22e3e4ed12047913e7e14f01c7,0x43a6683b7d8539c3f6928e7ba1f6aabf610625ff8134e3fec0cd132677d8f7d5,,,UCF vs. Baylor,66586,UCF vs. Baylor,cfb-ucf-bayl-2025-11-01,cfb-ucf-bayl-2025-11-01,closed,"[{'label': 'UCF', 'token_id': '14830907745505886803513541715980485480771581449593579079043197404409324544644', 'predexon_id': 'px-34fmrxlbfzgp', 'price': 0.0}, {'label': 'Baylor', 'token_id': '109591003485133643052755054814722046599171933527238933433257526714385690138901', 'predexon_id': 'px-wi5zcs7yikdv', 'price': 1.0}]",,,,,,,,UCF,Baylor,mixed_one_mm_one_not,not_cbb
642030,0x37f0e6a2912a88c8409e4942b4cc4d8cb1d43dd5103a0310fef6bea73034de39,0x509958119565776beadbe9241d7abb045f7ea19b4364822651130dcfc92785e7,,,Akron vs. Buffalo,62649,Akron vs. Buffalo,cfb-akron-buf-2025-10-25,cfb-akron-buf-2025-10-25,closed,"[{'label': 'Akron', 'token_id': '43153822791771172655262293021463402130871524700542699563835376938799900038830', 'predexon_id': 'px-z42up5pebizj', 'price': 1.0}, {'label': 'Buffalo', 'token_id': '14116672574968842458764960955855297837483026405669628335987524632917792304841', 'predexon_id': 'px-vua5ttal6s62', 'price': 0.0}]",,,,,,,,Akron,Buffalo,mixed_one_mm_one_not,not_cbb
1918054,0x600f38d80c2f97f8fd2a82ca7b672b1691d075d7346f2702e7daa5ac1c5af536,0x2fc5e23cbd7782874aec089fbecfc523d5757ce3c5a9f05f779044dc1504c907,,,Arizona Diamondbacks vs. Baltimore Orioles,357340,Arizona Diamondbacks vs. Baltimore Orioles,mlb-ari-bal-2026-04-14,mlb-ari-bal-2026-04-14,closed,"[{'label': 'Arizona Diamondbacks', 'token_id': '7900631110900880644634412921596970867180695032409057823168978718112729798237', 'predexon_id': 'px-z3fg27vd35lh', 'price': 1.0}, {'label': 'Baltimore Orioles', 'token_id': '49110602170979429152740051659863343929871474411049766812504588133249313493605', 'predexon_id': 'px-df5gzmztbu7n', 'price': 0.0}]",,,,,,,,Arizona,Baltimore Orioles,mixed_one_mm_one_not,not_cbb
673163,0xf2e6b4f9a332368ad3da13e16d950df9b08479d02c337e6281f1e19dece22055,0x5350155e163639ab3c3692ca09731292cc15541824391a70f64c372180dbaef4,,,Florida Gators vs. Ole Miss,77158,Florida Gators vs. Ole Miss,cfb-fl-miss-2025-11-15,cfb-fl-miss-2025-11-15,closed,"[{'label': 'Florida Gators', 'token_id': '114828809827903037193839039321118745204675345262688877567022773759892120380812', 'predexon_id': 'px-bgdyyjm7zoj2', 'price': 0.0}, {'label': 'Ole Miss', 'token_id': '85380074764992289393752913614916971007791495155781518167975023223855443417826', 'predexon_id': 'px-iydhxg4hbpxb', 'price': 1.0}]",,,,,,,,Florida,Ole Miss,mixed_one_mm_one_not,not_cbb
2386071,0xd7452ed15f208a7fdd9df2fd4489d7351a919cc90d1f3387c6f7222ebacc12be,0x51dfd7918ca04a29c9dcb662b1e7b4d309a5beabbba125f2ee769181d07c0e4c,,,Los Angeles Dodgers vs. Arizona Diamondbacks,537933,Los Angeles Dodgers vs. Arizona Diamondbacks,mlb-lad-ari-2026-06-04,mlb-lad-ari-2026-06-04,closed,"[{'label': 'Los Angeles Dodgers', 'token_id': '75412136385733183998870283073498543479985570692853473371608569980871345568561', 'predexon_id': 'px-52raxpkdhhor', 'price': 0.0}, {'label': 'Arizona Diamondbacks', 'token_id': '12072748426479410565707081416637522426677996678013765992072643812940937177790', 'predexon_id': 'px-2ycxbh3psgxi', 'price': 1.0}]",,,,,,,,Los Angeles Dodgers,Arizona,mixed_one_mm_one_not,not_cbb
635343,0xc89d563cf0f773ca00205d78f850d4ad2f9f93911c62bad2aae6e408e081a965,0x237b3c6885800d259eaf4033655fcdca04842bc7b59dddc4d4c786d2275b499d,,,LSU vs. Vanderbilt,59338,LSU vs. Vanderbilt,cfb-lsu-vand-2025-10-18,cfb-lsu-vand-2025-10-18,closed,"[{'label': 'LSU', 'token_id': '80992623088370345528539642459139080881583991537904594665278304738281967352940', 'predexon_id': 'px-krwsqv6biitz', 'price': 0.0}, {'label': 'Vanderbilt', 'token_id': '103680991403392273426942017657077311832890206700893088124116458331237506971975', 'predexon_id': 'px-3dkdmooe2xkd', 'price': 1.0}]",,,,,,,,LSU,Vanderbilt,mixed_one_mm_one_not,not_cbb
624096,0xd8446b11ddcb2707ea46676c009f2166bd0303b310d5077cce47c9d443ef77bf,0xd31d5f12efdff5e5ca3926849fac2113527fb747795e367ffacd7b7fc36509cd,,,Arizona State vs. Utah,55233,Arizona State vs. Utah,cfb-arzst-utah-2025-10-12,cfb-arzst-utah-2025-10-12,closed,"[{'label': 'Arizona State', 'token_id': '37701028936262128213825718369170636546933514754093585310289427209039091463276', 'predexon_id': 'px-cedxmtqs6mnb', 'price': 0.0}, {'label': 'Utah', 'token_id': '6607880269968837191543167250889594696149485983385742547219983129927876623098', 'predexon_id': 'px-ildwq4r6bptc', 'price': 1.0}]",,,,,,,,Arizona,Utah,mixed_one_mm_one_not,not_cbb
510339,0x67749947d4e6a3041b36a90504c81545710fe044e0b1ce4de513d43b243357ed,0x1c3ee3dd51d1bde7e07889bfe246242ddc023b33b2548e4778e560b1c85d35e5,,,Will Trump do better in Florida or Alaska?,13571,Will Trump do better in Florida or Alaska?,trumps-margin-of-victory-higher-in-florida-or-alaska,trumps-margin-of-victory-higher-in-florida-or-alaska,closed,"[{'label': 'Florida', 'token_id': '7918811809900895264895390325466779629389551517481462000618326162363418720805', 'predexon_id': 'px-zatgqxhldwus', 'price': 0.0}, {'label': 'Alaska', 'token_id': '56938639884939685426754489025946356459987666830699645968756256140962332421014', 'predexon_id': 'px-avjugecr3324', 'price': 1.0}]",,,,,,,,Florida,Alaska,mixed_one_mm_one_not,not_cbb
997109,0x02e61f7e9053341e4df6e33118cfa145d116667e74989dec40df01c7394b3e8f,0x1da912ab217cc7884adc82ba7c785aa71134b6421a4320f10b56c4f553c036c1,,,Toledo vs. Louisville,118098,Toledo vs. Louisville,cfb-toledo-lou-2025-12-23,cfb-toledo-lou-2025-12-23,closed,"[{'label': 'Toledo', 'token_id': '37539720430156054376476743719399377729625228663699433794792376335423977787135', 'predexon_id': 'px-wmjhn7ksjvog', 'price': 0.0}, {'label': 'Louisville', 'token_id': '34211367277245945102460875753662619568371458627035863996118008676613239832076', 'predexon_id': 'px-2fwlfrwngftk', 'price': 1.0}]",,,,,,,,Toledo,Louisville,mixed_one_mm_one_not,not_cbb
705612,0xd5559e90029382994a2e45b01d718f98a0ce4d4a7c42b7d9ca17b42863d0249e,0xe1dcbffc1071e14826ca840005de9dfd9d0b612982c839d3c6ab45e18607befa,,,Spread: Alabama (-6.5),88572,Alabama vs. Auburn,cfb-ala-aubrn-2025-11-29,cfb-ala-aubrn-2025-11-29-spread-away-6pt5,closed,"[{'label': 'Alabama', 'token_id': '44594464469272110633710920922749632389218262921028913292820643193292110024864', 'predexon_id': 'px-cfqydwywjjrl', 'price': 1.0}, {'label': 'Auburn', 'token_id': '24057078126660932465961079557234831662033015902419812227822335039881340528301', 'predexon_id': 'px-rm75bsllz2yp', 'price': 0.0}]",,,,,,,,Alabama,Auburn,mixed_one_mm_one_not,not_cbb
687796,0x7986c63ed57f780cb3a6edd174ae9e764cd34b08f5d3350b36d12950fb13f803,0xd9567f032bbd849c9d27ba85fe4edb37f5679bb5a3e6315475026a0bf963db7d,,,Miami (OH) vs. Buffalo,83840,Miami (OH) vs. Buffalo,cfb-miaoh-buf-2025-11-19,cfb-miaoh-buf-2025-11-19,closed,"[{'label': 'Miami (OH)', 'token_id': '94170306267496090106942356395822202007149309899380774605404423272249462389915', 'predexon_id': 'px-a5huwjwdhdmp', 'price': 1.0}, {'label': 'Buffalo', 'token_id': '9070144997499410995396066245439946247972745732508285057488689010543377797182', 'predexon_id': 'px-j2uvntarva3s', 'price': 0.0}]",,,,,,,,Miami (OH),Buffalo,mixed_one_mm_one_not,not_cbb
2014071,0x49fad890dc44aa97b92ed5ccf0d5f173a697c11cc5eb25fae5cd1463f7d5759c,0x4831c64a575b412e5a1785afedce4ded0c6bf32d8b0404b65cea9bca4a75a5a9,,,Athletics vs. Texas Rangers,392148,Athletics vs. Texas Rangers,mlb-oak-tex-2026-04-24,mlb-oak-tex-2026-04-24,closed,"[{'label': 'Athletics', 'token_id': '32234217259352725560501898226364315095781993668172561498287150788461137247303', 'predexon_id': 'px-gxodqmqfxbdj', 'price': 1.0}, {'label': 'Texas Rangers', 'token_id': '107841639870780006279356222327192372339386298306068853182765511444128910219358', 'predexon_id': 'px-bpuhqovfjxfv', 'price': 0.0}]",,,,,,,,Athletics,Texas,mixed_one_mm_one_not,not_cbb
965597,0x00d918c24d336699a7b7a1f8dbef6abe039b2ee62a6883b0df05072a72f41929,0xbcee5cc534d89883faad1950026350fabcfc6824dd54953ee1782f0a396dcc70,,,Spread: North Carolina State (-3.5),105900,Memphis vs. North Carolina State,cfb-mphs-ncst-2025-12-19,cfb-mphs-ncst-2025-12-19-spread-home-3pt5,closed,"[{'label': 'North Carolina State', 'token_id': '70362674987843460607922983942793384611036072221061734103994459268120250472638', 'predexon_id': 'px-p77qi4uaot77', 'price': 1.0}, {'label': 'Memphis', 'token_id': '27395576905478902183689175603734818670009219416077871338648645113316328767003', 'predexon_id': 'px-gykmc6gj6nvc', 'price': 0.0}]",,,,,,,,North Carolina,Memphis,mixed_one_mm_one_not,not_cbb
693822,0x4954dfdb44cb4e8af46d9f13f5424b3af86ac6c8c34592fda3735e79506b6c9b,0xfa217bb291aa633644ea15ee7708bd8beaf8c2a316b38a61a7bc72374b32b9e5,,,Spread: Virginia Cavaliers (-3.5),82123,Northwestern Wildcats vs. Virginia Cavaliers,cbb-nw-vir-2025-11-21,cbb-nw-vir-2025-11-21-spread-home-3pt5,closed,"[{'label': 'Virginia Cavaliers', 'token_id': '50005367325994818823196012975896987192044163287659716864693910671337946789608', 'predexon_id': 'px-2q4fvxh2buap', 'price': 1.0}, {'label': 'Northwestern Wildcats', 'token_id': '25018320874823086570380713106351227074539548412492068503413912310666256771274', 'predexon_id': 'px-qgma77qynfoq', 'price': 0.0}]",,,,,,,,Virginia,Northwestern Wildcats,mixed_one_mm_one_not,outside_date_window
664183,0x26925b9fbfa9c316ff1d421b74e8f7ad191134f49775354c312c2ab4bb56d888,0xb97dbc0fefabc1f7d5e0fc5680daf2471264771e44ad783f44beb0aaba4ab00a,,,SMU Mustangs vs. Boston College,72581,SMU Mustangs vs. Boston College,cfb-smu-boscol-2025-11-08,cfb-smu-boscol-2025-11-08,closed,"[{'label': 'SMU Mustangs', 'token_id': '39060541275955071728526177931114018954375365969866995419428125593023904554614', 'predexon_id': 'px-p7dqvjqx3bj2', 'price': 1.0}, {'label': 'Boston College', 'token_id': '41484714267315093900078063953852706066572768225986322049572839284406589693668', 'predexon_id': 'px-dc6p2is52wmc', 'price': 0.0}]",,,,,,,,SMU,Boston College,mixed_one_mm_one_not,not_cbb
2260360,0x94a7478259e67e8935c76c5c3249c1d7144a03aa5820078cd0d6f79c32be3a2d,0x1cc92bcfb48dc26c780ab530be1ffcb4638109a6cccc34ac0b041553bbc74d9b,,,San Francisco Giants vs. Arizona Diamondbacks,484762,San Francisco Giants vs. Arizona Diamondbacks,mlb-sf-ari-2026-05-20,mlb-sf-ari-2026-05-20,closed,"[{'label': 'San Francisco Giants', 'token_id': '4371591176123520713788705938762692354838630330394030913992586315864987237278', 'predexon_id': 'px-32stgvrkpmfn', 'price': 0.0}, {'label': 'Arizona Diamondbacks', 'token_id': '78492941693621993548041011263272430630754567191741458292049768083419385515470', 'predexon_id': 'px-7nxwtomoqgzj', 'price': 1.0}]",,,,,,,,San Francisco Giants,Arizona,mixed_one_mm_one_not,not_cbb
2292436,0x51a5ea3c02a90ef3c149d41f5409c6048eb07816acd43b7ace43749961088140,0x44ab6986bc6b1999c906b0c650c13b7807b19a7eec7a40be53f818791384cd02,,,Texas Rangers vs. Los Angeles Angels,498295,Texas Rangers vs. Los Angeles Angels,mlb-tex-laa-2026-05-24,mlb-tex-laa-2026-05-24,closed,"[{'label': 'Texas Rangers', 'token_id': '96759559198397240598741852759018584378453720152417603402263816887347073382312', 'predexon_id': 'px-zirs54xhbd67', 'price': 0.0}, {'label': 'Los Angeles Angels', 'token_id': '55257094151702435041875483784740305450890810089152502270713857142569715675125', 'predexon_id': 'px-lrcvmafvlxpq', 'price': 1.0}]",,,,,,,,Texas,Los Angeles Angels,mixed_one_mm_one_not,not_cbb
664293,0x69968f6c545afe581c4474f4986681a122d986ccde53874c94c0de2846a0804b,0xaf43d2e2277a134c699e0610718ea717f452a35adb9ee0fc442df57863ad2412,,,Texas State vs. Louisiana,72621,Texas State vs. Louisiana,cfb-txst-loulaf-2025-11-08,cfb-txst-loulaf-2025-11-08,closed,"[{'label': 'Texas State', 'token_id': '58782268610494854613686357464756193474730417578256543349478088088273599566068', 'predexon_id': 'px-bolnaxzkewao', 'price': 0.0}, {'label': 'Louisiana', 'token_id': '70189345639847139239611921360046417771400060146785301034047964679574368803466', 'predexon_id': 'px-mlqxjuytvksw', 'price': 1.0}]",,,,,,,,Texas,Louisiana,mixed_one_mm_one_not,not_cbb
532213,0x4cf8ddde57a43a5cf7cfbc590f90a2013593c8b7955603e499ea8edd80bfb33e,0x2697cf5354f16c26c49ce5c04b42bce74371c7b288ae03314f22568d49bc5154,,,Michigan State vs. Auburn,21785,Michigan State vs. Auburn,cbb-msu-aub-2025-03-30,cbb-msu-aub-2025-03-30,closed,"[{'label': 'Michigan State', 'token_id': '81391019311630991506448402970111899430818190885874670714521068879795745894054', 'predexon_id': 'px-kh3uyybivara', 'price': 0.0}, {'label': 'Auburn', 'token_id': '89740983080495933604786735653047979425511471272467831970232700903021923751606', 'predexon_id': 'px-xfbnhnxvhs6x', 'price': 1.0}]",,,,,,,,Michigan State,Auburn,mixed_one_mm_one_not,outside_date_window
652685,0x4841b309a14de1972ea872b169405cccc5fdf3ad456ca90604aed1a6603c0b35,0xdf5f40e145e0bd614255666fba42ad57d378ec7641858934adf307525cf0a97c,,,North Carolina vs. Syracuse,66560,North Carolina vs. Syracuse,cfb-ncar-syra-2025-10-31,cfb-ncar-syra-2025-10-31,closed,"[{'label': 'North Carolina', 'token_id': '5921975590215331075292052058466120910594346066997718744368743595057974095291', 'predexon_id': 'px-g6itvun6cv7t', 'price': 1.0}, {'label': 'Syracuse', 'token_id': '78875120231123503634956512412557459212966477276659891446229561916229079373891', 'predexon_id': 'px-sxlodgpabdip', 'price': 0.0}]",,,,,,,,North Carolina,Syracuse,mixed_one_mm_one_not,not_cbb
1160013,0x9f8e9f2b43d148df48d8ec25823da37051fbedcd84344aae747c6a0a1401076a,0x424324c68414069c09a403b77b12bc3abd0e3fd1a4dff8f5c1699b2bf5c3bea1,,,Iowa State Cyclones vs. Cincinnati Bearcats,157642,Iowa State Cyclones vs. Cincinnati Bearcats,cbb-iowast-cin-2026-01-17,cbb-iowast-cin-2026-01-17,closed,"[{'label': 'Iowa State Cyclones', 'token_id': '102692938530422241037521165111357157387311502785105177155184191459359472011880', 'predexon_id': 'px-znon2yirwee3', 'price': 0.0}, {'label': 'Cincinnati Bearcats', 'token_id': '25979577095025775051815842667397515597385326099177523068393708527167106576466', 'predexon_id': 'px-fogx2eqbp3l5', 'price': 1.0}]",,,,,,,,Iowa State,Cincinnati Bearcats,mixed_one_mm_one_not,outside_date_window
2132520,0xe86f6cb0275992a0047cba25323e117f404c0a328f5766f7878803385146d68d,0x63641cb833ab6f4c16023eaf99aa15f0d43300b46420fc027cf35c8cbb866d60,,,St. Louis Cardinals vs. San Diego Padres,437877,St. Louis Cardinals vs. San Diego Padres,mlb-stl-sd-2026-05-07,mlb-stl-sd-2026-05-07,closed,"[{'label': 'St. Louis Cardinals', 'token_id': '32650408953655790803966866311263113634723412181981549050983493380966522185175', 'predexon_id': 'px-kyjvhhty7ppa', 'price': 1.0}, {'label': 'San Diego Padres', 'token_id': '28568297565075007537794546553732783466613192061508962060573595945422502854993', 'predexon_id': 'px-6tgxot4asbar', 'price': 0.0}]",,,,,,,,Saint Louis,San Diego Padres,mixed_one_mm_one_not,not_cbb
997124,0xb028f44a46be5e396af42aef8a281179ca8157bd7d73af6fe5f8435188554d65,0xca0364bc18a921a52af36d7bf2da9a36940cbe5102c0eb860e48fff1bee35b3c,,,LSU vs. Houston,118103,LSU vs. Houston,cfb-lsu-hou-2025-12-27,cfb-lsu-hou-2025-12-27,closed,"[{'label': 'LSU', 'token_id': '47656223969168062463686539381429858719940365710749380537055734213566362223678', 'predexon_id': 'px-caz6eyvdlkd3', 'price': 0.0}, {'label': 'Houston', 'token_id': '108381801497004798804572301855462166750009198805460549922915723721524138318754', 'predexon_id': 'px-fb3ia6nojj5p', 'price': 1.0}]",,,,,,,,LSU,Houston,mixed_one_mm_one_not,not_cbb
687808,0x3e2a784c1dfd51474a0fde2a39ad0c11e869183a26ce79206ab3e453fc30db16,0x14d04bea30331f64f3af489307156d817b954bcc010c25cdd1629035ebdfcd87,,,Hawaii vs. UNLV,83844,Hawaii vs. UNLV,cfb-hawaii-unlv-2025-11-21,cfb-hawaii-unlv-2025-11-21,closed,"[{'label': 'Hawaii', 'token_id': '98304898673144676804584986360824051417827090647299907467128089224139436489890', 'predexon_id': 'px-4fxeq5zcbmkt', 'price': 0.0}, {'label': 'UNLV', 'token_id': '29744006485429842367376700877700416676865206097518497193866695197015120326521', 'predexon_id': 'px-kfnwpsq5gcdb', 'price': 1.0}]",,,,,,,,Hawaii,UNLV,mixed_one_mm_one_not,not_cbb
624011,0x76779f1ea78bdd607e90406656e4b7a05f64ae1572485a30775ca9562fd9d33a,0xcd0856bb9a25e84d7a1c791072786dbfcda7713fe2b69439274f3ef2ed6572b4,,,Louisiana Tech vs. Kennesaw State,55202,Louisiana Tech vs. Kennesaw State,cfb-loutch-kenest-2025-10-09,cfb-loutch-kenest-2025-10-09,closed,"[{'label': 'Louisiana Tech', 'token_id': '22146558640841655144903904057369803164355290369280359904229791311049056087411', 'predexon_id': 'px-25yvnxmalouc', 'price': 0.0}, {'label': 'Kennesaw State', 'token_id': '24573589121195271679212201187166968194551291474089530510731433977249879504406', 'predexon_id': 'px-wv2d5vnftyo7', 'price': 1.0}]",,,,,,,,Louisiana Tech,Kennesaw State,mixed_one_mm_one_not,not_cbb
673133,0x5907554a7142584ce4e6c6113b1c17a60fe56607dbf203d5d6334f2bed55ec80,0x8ca9514b921a814c3f1256640a0f9f830e938103e5317c16cc12c56cbaaa5c79,,,Ohio vs. Western Michigan,77148,Ohio vs. Western Michigan,cfb-ohio-wmich-2025-11-11,cfb-ohio-wmich-2025-11-11,closed,"[{'label': 'Ohio', 'token_id': '60577097076938557199716840459874470438674051356905581681778522155830101947398', 'predexon_id': 'px-g72x4ggcqlk7', 'price': 0.0}, {'label': 'Western Michigan', 'token_id': '70606722543297919046927730119477924240618528547356603429667662618954622224781', 'predexon_id': 'px-nrmv62747er2', 'price': 1.0}]",,,,,,,,Ohio,Michigan,mixed_one_mm_one_not,not_cbb
518479,0x0dad90cd38c25a89c0a602601b150058eaa778c90c569471ca26bc26b4ea1c80,0xff9effe108b753b33b9a6dd756cf6ecb83e857de661dfe3b87f36775e1057c08,,,Ohio State vs. Notre Dame,16728,Ohio State vs. Notre Dame,cfb-ohst-ndame-2025-01-20,cfb-ohst-ndame-2025-01-20,closed,"[{'label': 'Ohio State', 'token_id': '65488610322305829337536702888155111983178430906338659918284764422392927742600', 'predexon_id': 'px-treplaxpqxrv', 'price': 1.0}, {'label': 'Notre Dame', 'token_id': '9368699244009394501571792892974331020216584131674857592284497129303366885065', 'predexon_id': 'px-3jvpddhxr35x', 'price': 0.0}]",,,,,,,,Ohio State,Notre Dame,mixed_one_mm_one_not,not_cbb
2022787,0xfab7826489d4fb5b8fe950beeabc0680a1ad5044d2356dd59f9f8513721fbec1,0xcdd1d159b7bb5cb7f23b2a16b30650f2227dd06736d2a2de218d4dbab6d00d2b,,,Athletics vs. Texas Rangers,395661,Athletics vs. Texas Rangers,mlb-oak-tex-2026-04-25,mlb-oak-tex-2026-04-25,closed,"[{'label': 'Athletics', 'token_id': '78250458222025839179458794716914598728282053957044234541387351758113066038817', 'predexon_id': 'px-qzf4xqdxbymv', 'price': 0.0}, {'label': 'Texas Rangers', 'token_id': '19234791934045947495766541351767888136139199993335495892172269649249212580664', 'predexon_id': 'px-pt2duyts6cod', 'price': 1.0}]",,,,,,,,Athletics,Texas,mixed_one_mm_one_not,not_cbb
641970,0x434f2686307cacbfe3fe1ede62ec6fb4d8106ec0d1e848fa198d51603127bced,0x47408f2aef320a4dfafcda98cbe0691c54c9d6ad8101d9211c9a54d2f385370d,,,Texas A&M vs. LSU,62629,Texas A&M vs. LSU,cfb-txam-lsu-2025-10-25,cfb-txam-lsu-2025-10-25,closed,"[{'label': 'Texas A&M', 'token_id': '40641881592768586937896402140205308527865533951893380704029325825733209808128', 'predexon_id': 'px-t6rn2ye33iuv', 'price': 1.0}, {'label': 'LSU', 'token_id': '14701374384188638218845973322430946761039383144845992474199101230251170255547', 'predexon_id': 'px-6qdy7jvvtqdo', 'price': 0.0}]",,,,,,,,Texas A&M,LSU,mixed_one_mm_one_not,not_cbb
2443678,0x08a40aba4b5a9ab0524847c9b5c4ba280563602942498fba87aa2a2bd02076b7,0x0e50ba13514211def77cc86985cf9e7d2aed2d849655149cf7c01a17f882d432,,,Arizona Diamondbacks vs. Miami Marlins,562079,Arizona Diamondbacks vs. Miami Marlins,mlb-ari-mia-2026-06-11,mlb-ari-mia-2026-06-11,closed,"[{'label': 'Arizona Diamondbacks', 'token_id': '52400516528562488212999320520240794256334452554750730214523547186042344683368', 'predexon_id': 'px-oitvkgaqjzop', 'price': 0.0}, {'label': 'Miami Marlins', 'token_id': '5878139993286370954421108290809311473147690078027696558974398517790752709044', 'predexon_id': 'px-mtyzdsgpk4rt', 'price': 1.0}]",,,,,,,,Arizona,Miami Marlins,mixed_one_mm_one_not,not_cbb
2312565,0x72d3c68f6e2536f68686eff0c7b60d8adb2f2d178ce72189448d8875318c7c14,0x6bffea14a11a315652859c533cc1853593f4fa0fb67f5a09f4b612b132a17ff9,,,St. Louis Cardinals vs. Milwaukee Brewers,505995,St. Louis Cardinals vs. Milwaukee Brewers,mlb-stl-mil-2026-05-26,mlb-stl-mil-2026-05-26,closed,"[{'label': 'St. Louis Cardinals', 'token_id': '80479669449486131563398220689002491889062687873376385707803373587645059853468', 'predexon_id': 'px-qc5coxjms3ex', 'price': 0.0}, {'label': 'Milwaukee Brewers', 'token_id': '105706404408875720325080999950128290891746484535937013553330709754572159059389', 'predexon_id': 'px-5h66t44aumlk', 'price': 1.0}]",,,,,,,,Saint Louis,Milwaukee Brewers,mixed_one_mm_one_not,not_cbb
2268388,0x0ca29cfddcb089006c4f0126280825da9d63d976272c9bba37d9d100774b3a7e,0xdb0d510998d406ab2e8cdaf4baf07c8cb3422166b49943c501f224b106359054,,,Pittsburgh Pirates vs. St. Louis Cardinals,488067,Pittsburgh Pirates vs. St. Louis Cardinals,mlb-pit-stl-2026-05-21,mlb-pit-stl-2026-05-21,closed,"[{'label': 'Pittsburgh Pirates', 'token_id': '114460009478015867831971582044774423623977847673045790924032449197461603103761', 'predexon_id': 'px-gfh2gx2jmenf', 'price': 1.0}, {'label': 'St. Louis Cardinals', 'token_id': '68129590604414429477610702654946995566648421089296239486434989015653709812053', 'predexon_id': 'px-nzmkdfrbkl3q', 'price': 0.0}]",,,,,,,,Pittsburgh Pirates,Saint Louis,mixed_one_mm_one_not,not_cbb
941091,0x067ce84d419e3269ef1055e1c396cfae0bc9bc41a9f7f5db37eacdd8bddf71cd,0xad511376ddde5f06446870654be0dcff449ce429993d4ebc6c7240a89ddf5602,,,Troy vs. Jacksonville State,105894,Troy vs. Jacksonville State,cfb-troy-jaxst-2025-12-16,cfb-troy-jaxst-2025-12-16,closed,"[{'label': 'Troy', 'token_id': '10834294736685439735304990214097225195432550300210918184250892802881707158460', 'predexon_id': 'px-fag6qewai4dr', 'price': 0.0}, {'label': 'Jacksonville State', 'token_id': '12992646636861004421424946993453857359413353170712425368193430999881174992024', 'predexon_id': 'px-l7nxuc76kvli', 'price': 1.0}]",,,,,,,,Troy,Jacksonville State,mixed_one_mm_one_not,not_cbb
652778,0x8b29c0e793df39a48cbe5be8747ec7eca40350e4a029b8fa760413803b5f272b,0x583d127b84c20976ea45636694c904d37e5e4fd87fb0c31b8a8f11053c3a6db4,,,UAB Blazers vs. UConn,66591,UAB Blazers vs. UConn,cfb-uab-uconn-2025-11-01,cfb-uab-uconn-2025-11-01,closed,"[{'label': 'UAB Blazers', 'token_id': '5997398863489011553826652135373850594837188802602079517555456251510769236341', 'predexon_id': 'px-kgd4slsub3y6', 'price': 0.0}, {'label': 'UConn', 'token_id': '114423252369998820653854000016116474285096805362809535827990322383158575443', 'predexon_id': 'px-o2xbyu7msgkw', 'price': 1.0}]",,,,,,,,UAB Blazers,UConn,mixed_one_mm_one_not,not_cbb
1160021,0x5d7ebc8c71ce35f2cb5bed39611edb1755253186dec6d7ea2a147eeeec95987f,0x224de345ca663db7da3d304505fd848d6974106395eda80e0d729fea66eb134b,,,Texas Southern Tigers vs. Alcorn State Braves,157650,Texas Southern Tigers vs. Alcorn State Braves,cbb-txs-alcst-2026-01-17,cbb-txs-alcst-2026-01-17,closed,"[{'label': 'Texas Southern Tigers', 'token_id': '28414227786275130150876040735148670533482405409015374157283845064842197328850', 'predexon_id': 'px-g34jpf45pwcv', 'price': 1.0}, {'label': 'Alcorn State Braves', 'token_id': '37105358477684943974045606837257136606438754083239072607369537755296209358766', 'predexon_id': 'px-57pfdwfpgkru', 'price': 0.0}]",,,,,,,,Texas,Alcorn State Braves,mixed_one_mm_one_not,outside_date_window
1711534,0x747d46dd645cc2ba6fd558c4487b2e476954a24e3c5dcc202b9d8063306429f2,0x16c1381a576a71c26ddad27e827ed0f7125016685abbc2d672ae9ac0287a9187,,,Kansas City Royals vs. Atlanta Braves,305262,Kansas City Royals vs. Atlanta Braves,mlb-kc-atl-2026-03-27,mlb-kc-atl-2026-03-27,closed,"[{'label': 'Kansas City Royals', 'token_id': '59814106116398024288385482600952887734145618111295259813937679958187730599900', 'predexon_id': 'px-ekbopugaktyh', 'price': 0.0}, {'label': 'Atlanta Braves', 'token_id': '54835771362562871227367128462948123927198199818314332902553377985544534998908', 'predexon_id': 'px-ttl2liw4p5oh', 'price': 1.0}]",,,,,,,,Kansas,Atlanta Braves,mixed_one_mm_one_not,not_cbb
2443680,0x5b1e3bbbc177f124ae80e0919243ecbb4d00c1418dea343879204536465fff86,0x81545118630704c61d394fd479b71b938ee4c1b03c3938f2f72aa4d45aab1920,,,St. Louis Cardinals vs. New York Mets,562080,St. Louis Cardinals vs. New York Mets,mlb-stl-nym-2026-06-11,mlb-stl-nym-2026-06-11,closed,"[{'label': 'St. Louis Cardinals', 'token_id': '64232115208457892838047344850434103383478267006475418323473233749364699649033', 'predexon_id': 'px-7szod57frlf2', 'price': 0.0}, {'label': 'New York Mets', 'token_id': '16315978056144400715986752304043384603448640923293425508305159935188536936338', 'predexon_id': 'px-ck7xbxhjugia', 'price': 1.0}]",,,,,,,,Saint Louis,New York Mets,mixed_one_mm_one_not,not_cbb
673130,0x328a3a60f900117191ce2c7642a4e13c078cc79eb7ff79c29b7e6ee873b2f5a0,0xa00e1e609512d6282d2a2bb38776754bbb7e9204ee2648f1dc3e0beaa5b25e8d,,,Kent State Golden Flashes vs. Akron,77147,Kent State Golden Flashes vs. Akron,cfb-kentst-akron-2025-11-11,cfb-kentst-akron-2025-11-11,closed,"[{'label': 'Kent State Golden Flashes', 'token_id': '2526822079651454624535784089214727628060786444315270204458499337168426947293', 'predexon_id': 'px-byuog72ff46d', 'price': 1.0}, {'label': 'Akron', 'token_id': '21366453365916463756751489254197551423331903931798095522548925774579066681768', 'predexon_id': 'px-fxdmvy57hwiq', 'price': 0.0}]",,,,,,,,Kent State Golden Flashes,Akron,mixed_one_mm_one_not,not_cbb
1877573,0xb17a25f289d2fa2cd8320e3776016ccc0eefe5bfa9a00c857d6bec621db4d407,0xbe2a533c85977d552e02b813367a39c8793334b6338dc6727082d9fe93dab277,,,Arizona Diamondbacks vs. Philadelphia Phillies,346758,Arizona Diamondbacks vs. Philadelphia Phillies,mlb-ari-phi-2026-04-11,mlb-ari-phi-2026-04-11,closed,"[{'label': 'Arizona Diamondbacks', 'token_id': '4931042854470791933974732960604667881015164811129239347625051166194287216857', 'predexon_id': 'px-nnqgp4da4gvv', 'price': 0.0}, {'label': 'Philadelphia Phillies', 'token_id': '90123270813109776910574089159277183295440722951796823158441289748652861612363', 'predexon_id': 'px-i72heu65dqgc', 'price': 1.0}]",,,,,,,,Arizona,Philadelphia Phillies,mixed_one_mm_one_not,not_cbb
1760063,0x3c3a8f30ed7627a14478a57b1aa820b5775fb71e2a1774496ebbdbabb8f09784,0x669d8924913bd419c1029248fc92d2f55c05a80201373007b4b5962b467d00fe,,,Milwaukee Brewers vs. Kansas City Royals,317810,Milwaukee Brewers vs. Kansas City Royals,mlb-mil-kc-2026-04-03,mlb-mil-kc-2026-04-03,closed,"[{'label': 'Milwaukee Brewers', 'token_id': '17960374439355496271516405018908893144700745878117386222169799952410915079892', 'predexon_id': 'px-6fht3qmrozmr', 'price': 0.0}, {'label': 'Kansas City Royals', 'token_id': '80389557553664115756725687419643989089479946673428412925117512575714036886848', 'predexon_id': 'px-pwpd3slnngsk', 'price': 1.0}]",,,,,,,,Milwaukee Brewers,Kansas,mixed_one_mm_one_not,not_cbb
2470076,0xb6543fe370d7fd8cec63fcf47b7ed14bbcd58b22ba5e2d0e04c8a6fbe05cafde,0x2602d0623bd79d42d30b09d5cd5dd4dc17deb3e7235f85d82444c63624f0b504,,,Texas Rangers vs. Boston Red Sox,572669,Texas Rangers vs. Boston Red Sox,mlb-tex-bos-2026-06-14,mlb-tex-bos-2026-06-14,closed,"[{'label': 'Texas Rangers', 'token_id': '59281379607788557952165459010735887322890682446315560517465684707184848970924', 'predexon_id': 'px-km7ldfjmrir6', 'price': 1.0}, {'label': 'Boston Red Sox', 'token_id': '63895832171922786430686702620759519277506715478689823059441065885067228477301', 'predexon_id': 'px-ppb7v7jkotsi', 'price': 0.0}]",,,,,,,,Texas,Boston Red Sox,mixed_one_mm_one_not,not_cbb
2022792,0x9f47588324f2d6283e3e4c1240260afc5952a28b254a479bccc59598b20c9fcb,0xe53d85d6dc53fbee987f363a1262ed577134199528a6053411606c0904de0337,,,Los Angeles Angels vs. Kansas City Royals,395664,Los Angeles Angels vs. Kansas City Royals,mlb-laa-kc-2026-04-25,mlb-laa-kc-2026-04-25,closed,"[{'label': 'Los Angeles Angels', 'token_id': '103811771989974959294443036969940181487299171429271996940739314474721928449696', 'predexon_id': 'px-s53lnaxqs6fp', 'price': 0.0}, {'label': 'Kansas City Royals', 'token_id': '87431014222602936306217590367897683893562920839648604683297799264035065866746', 'predexon_id': 'px-zludktpvdntq', 'price': 1.0}]",,,,,,,,Los Angeles Angels,Kansas,mixed_one_mm_one_not,not_cbb
1167537,0x94dc55cd9fe50cd3081502d608d99d74123ab1eaf139f05e6f2197b18535bfca,0x0eadf81a3f47f14b08e4bc9834ac4c77895b89178b5932e6e0a08de056b9d801,,,Penn State Nittany Lions vs. Maryland Terrapins,159771,Penn State Nittany Lions vs. Maryland Terrapins,cbb-pennst-mary-2026-01-18,cbb-pennst-mary-2026-01-18,closed,"[{'label': 'Penn State Nittany Lions', 'token_id': '19720515821515797040963584073613999513108298131699469748695726281324750625249', 'predexon_id': 'px-ssfjid6mrb4j', 'price': 0.0}, {'label': 'Maryland Terrapins', 'token_id': '5169707085996429478558089641945840189779239335323061187060468391169853579605', 'predexon_id': 'px-xif7jgmtqslr', 'price': 1.0}]",,,,,,,,Penn,Maryland Terrapins,mixed_one_mm_one_not,outside_date_window
517470,0x4e497eadb192f90c118d295bc83f865c5844700d11879aa9a099226a7327d4fb,0x6b6e713250d06ac07d390894fc43412430bccccbf9da06327baafb748e8fc293,,,Notre Dame vs. Penn State,16401,Notre Dame vs. Penn State,cfb-ndame-psu-2025-01-09,cfb-ndame-psu-2025-01-09,closed,"[{'label': 'Notre Dame', 'token_id': '22590918842309486495490508786581172174559730278567758461198135791039659082129', 'predexon_id': 'px-lskifjcfr3mw', 'price': 1.0}, {'label': 'Penn State', 'token_id': '85071132408483929521311540258994869577715412892586374412275736548705742491035', 'predexon_id': 'px-zxcegeib7aqd', 'price': 0.0}]",,,,,,,,Notre Dame,Penn,mixed_one_mm_one_not,not_cbb
635394,0xf4bcf5c7ebf00579f4f4e707401721e008c6e177432df16f65e9d46e2dded8b7,0xe702bf6e7da73dfa3e76335d6748026f6dd084770ff81825e0d8c5d2c57d1af9,,,Utah vs. BYU,59355,Utah vs. BYU,cfb-utah-byu-2025-10-19,cfb-utah-byu-2025-10-19,closed,"[{'label': 'Utah', 'token_id': '61247516115237450579851907099300213201681078579830658045913453372806393418140', 'predexon_id': 'px-kmkuksby2lsa', 'price': 0.0}, {'label': 'BYU', 'token_id': '50889436340810128264291291100542888064059004956870738182862306685370214901538', 'predexon_id': 'px-7brwnawwso3h', 'price': 1.0}]",,,,,,,,Utah,BYU,mixed_one_mm_one_not,not_cbb
