active,best_ask,best_bid,clob_token_ids,closed,condition_id,end_date,event_id,event_slug,event_title,game_classification,game_clean,last_trade_price,liquidity,market_id,market_source_type,outcomes,pair_key,platform,question,question_id,reject_reason,slug,source,start_date,status,team_a,team_a_clean,team_b,team_b_clean,title,token_id,volume,polymarket_token_id_1,polymarket_token_id_2
,,,"[""105015751806411093867366456953350999512252519399462229009921348002493556208921"", ""79308286211285981481697518081271815960844799414039636458581868757032388361925""]",,0x04c109837e9c83aa410e4a1bfa32d5574b05fafd0a432514965c03a20e2511a6,,274183,cbb-akron-txtech-2026-03-20,Akron Zips vs. Texas Tech Red Raiders,both_mm,Akron vs Texas Tech,,,1602165,game_winner,"[{'label': 'Akron Zips', 'token_id': '105015751806411093867366456953350999512252519399462229009921348002493556208921', 'predexon_id': 'px-juffvqv25q6f', 'price': 0.0}, {'label': 'Texas Tech Red Raiders', 'token_id': '79308286211285981481697518081271815960844799414039636458581868757032388361925', 'predexon_id': 'px-qjflgttjbxgu', 'price': 1.0}]",Akron || Texas Tech,polymarket,,0x2a1fabde27162ce5f1227a76b5e1460458bb50757cf5b9cbfe3a84fedc0a1a54,keep,cbb-akron-txtech-2026-03-20,predexon_polymarket_candidates,,closed,Akron,Akron,Texas Tech,Texas Tech,Akron Zips vs. Texas Tech Red Raiders,,,105015751806411093867366456953350999512252519399462229009921348002493556208921,79308286211285981481697518081271815960844799414039636458581868757032388361925
,,,"[""31058028660405173173651315689025730539994483848792849474560279252203011850319"", ""84031203592002917334262470868576093775510312558710425317269896203693659940128""]",,0x682ec1e399ff437b2e0cf7bd7e6df650916186829dfa1112f2f2e81a402ece30,,298735,cbb-ala-mich-2026-03-27,Alabama Crimson Tide vs. Michigan Wolverines,both_mm,Alabama vs Michigan,,,1688876,game_winner,"[{'label': 'Alabama Crimson Tide', 'token_id': '31058028660405173173651315689025730539994483848792849474560279252203011850319', 'predexon_id': 'px-zvpd3onwzdbd', 'price': 0.0}, {'label': 'Michigan Wolverines', 'token_id': '84031203592002917334262470868576093775510312558710425317269896203693659940128', 'predexon_id': 'px-pszyi6bsu2qg', 'price': 1.0}]",Alabama || Michigan,polymarket,,0x3167f286eae1e868f0b65c1a53b540d937ca834437cfbf194e1474bbbf263123,keep,cbb-ala-mich-2026-03-27,predexon_polymarket_candidates,,closed,Alabama,Alabama,Michigan,Michigan,Alabama Crimson Tide vs. Michigan Wolverines,,,31058028660405173173651315689025730539994483848792849474560279252203011850319,84031203592002917334262470868576093775510312558710425317269896203693659940128
,,,"[""41100365308798661859145040199494781670056892400248239396610536912652520057776"", ""82191725722679457478728557018601391881404208647693525967471584875912376235549""]",,0x0846ea47be5f14e6dca27e14581d79c09583ca653719ce37dc054494e3997952,,298436,cbb-ark-arz-2026-03-26,Arkansas Razorbacks vs. Arizona Wildcats,both_mm,Arkansas vs Arizona,,,1688000,game_winner,"[{'label': 'Arkansas Razorbacks', 'token_id': '41100365308798661859145040199494781670056892400248239396610536912652520057776', 'predexon_id': 'px-tixpu26cb7hp', 'price': 0.0}, {'label': 'Arizona Wildcats', 'token_id': '82191725722679457478728557018601391881404208647693525967471584875912376235549', 'predexon_id': 'px-oluajr3boddf', 'price': 1.0}]",Arizona || Arkansas,polymarket,,0xa4c223fa30ccc78f8f36643b6b908966dce897475d4f7f61c6d3e7a47cb2bbb0,keep,cbb-ark-arz-2026-03-26,predexon_polymarket_candidates,,closed,Arkansas,Arkansas,Arizona,Arizona,Arkansas Razorbacks vs. Arizona Wildcats,,,41100365308798661859145040199494781670056892400248239396610536912652520057776,82191725722679457478728557018601391881404208647693525967471584875912376235549
,,,"[""44766497521417298224542775684305151578865412839932497569295014747238754685930"", ""20996999543007691583276658905733278225425842004273126945333981068139574656671""]",,0x05eec7f96b04c81dfee7ebf538409e0e6c7be08b7c6bd69bad3b02b6f160dfe0,,322957,cbb-arz-mich-2026-04-04,Arizona Wildcats vs. Michigan Wolverines,both_mm,Arizona vs Michigan,,,1782751,game_winner,"[{'label': 'Arizona Wildcats', 'token_id': '44766497521417298224542775684305151578865412839932497569295014747238754685930', 'predexon_id': 'px-ftwsmzozojf5', 'price': 0.0}, {'label': 'Michigan Wolverines', 'token_id': '20996999543007691583276658905733278225425842004273126945333981068139574656671', 'predexon_id': 'px-h57dqq2t4kva', 'price': 1.0}]",Arizona || Michigan,polymarket,,0xf29a0804a2140b7f57be41cb3351bd9cbef2ef786b96df2cdb77560d486e9a47,keep,cbb-arz-mich-2026-04-04,predexon_polymarket_candidates,,closed,Arizona,Arizona,Michigan,Michigan,Arizona Wildcats vs. Michigan Wolverines,,,44766497521417298224542775684305151578865412839932497569295014747238754685930,20996999543007691583276658905733278225425842004273126945333981068139574656671
,,,"[""55204324117415704168078913327623215628887924189767611245475223031027952461194"", ""86216391130601990922184673346889196651962583362510043343400869228681856704674""]",,0xe71ad07c930b35064a3e03ab42ffc443e95c785019387b7d616394f1709a2902,,274196,cbb-cabap-kan-2026-03-20,California Baptist Lancers vs. Kansas Jayhawks,both_mm,California Baptist vs Kansas,,,1602249,game_winner,"[{'label': 'California Baptist Lancers', 'token_id': '55204324117415704168078913327623215628887924189767611245475223031027952461194', 'predexon_id': 'px-3sj3ynqohpmu', 'price': 0.0}, {'label': 'Kansas Jayhawks', 'token_id': '86216391130601990922184673346889196651962583362510043343400869228681856704674', 'predexon_id': 'px-3oespcychsnc', 'price': 1.0}]",California Baptist || Kansas,polymarket,,0xe0b64038960e89cb1b9bffd8ac4193de7ce9ada0abff3c50e06486bda4b0a90d,keep,cbb-cabap-kan-2026-03-20,predexon_polymarket_candidates,,closed,Cal Baptist,California Baptist,Kansas,Kansas,California Baptist Lancers vs. Kansas Jayhawks,,,55204324117415704168078913327623215628887924189767611245475223031027952461194,86216391130601990922184673346889196651962583362510043343400869228681856704674
,,,"[""115197014545790711455252704048542820163808143402660557569124115092108053667594"", ""89108373864437510966053279018117953216832793306244932425971907442192231322683""]",,0xa975ba5b4a113fd1dab41d787d37d714ba0c5a144dba4a4e06491110d665522d,,274198,cbb-furman-uconn-2026-03-20,Furman Paladins vs. Connecticut Huskies,both_mm,Furman vs UConn,,,1602251,game_winner,"[{'label': 'Furman Paladins', 'token_id': '115197014545790711455252704048542820163808143402660557569124115092108053667594', 'predexon_id': 'px-bdrukivxuark', 'price': 0.0}, {'label': 'Connecticut Huskies', 'token_id': '89108373864437510966053279018117953216832793306244932425971907442192231322683', 'predexon_id': 'px-oltq6mdpzgyq', 'price': 1.0}]",Furman || UConn,polymarket,,0x55064a4059b42f5d1ac7f170f58377487f2adbc190604f5f28dd44aba6596453,keep,cbb-furman-uconn-2026-03-20,predexon_polymarket_candidates,,closed,Furman,Furman,UConn,UConn,Furman Paladins vs. Connecticut Huskies,,,115197014545790711455252704048542820163808143402660557569124115092108053667594,89108373864437510966053279018117953216832793306244932425971907442192231322683
1.0,,,"[""111285681397453829083749098730190303781369482965681151498085797450573114783420"", ""91305714843440087528678011601178789708752825938382623719554889290326802694751""]",1.0,0x231c6c3ccff8c6872ef2d2795a70799a8483b97adab86b0adb7e0abb52e65554,2026-03-19T04:00:00Z,274169,cbb-hawaii-ark-2026-03-19,Hawaii Rainbow Warriors vs. Arkansas Razorbacks,,Hawaii vs Arkansas,,,1602031,game_winner,"[""Hawaii Rainbow Warriors"", ""Arkansas Razorbacks""]",Arkansas || Hawaii,polymarket,Hawaii Rainbow Warriors vs. Arkansas Razorbacks,0xcbd007b8290e7618770442be91cfe2c771079e3fee125afc98fdb0ac6c719bdd,,cbb-hawaii-ark-2026-03-19,polymarket_gamma_slug,2026-03-15T23:07:42.529453Z,,Hawaii,Hawaii,Arkansas,Arkansas,Hawaii Rainbow Warriors vs. Arkansas Razorbacks,,,111285681397453829083749098730190303781369482965681151498085797450573114783420,91305714843440087528678011601178789708752825938382623719554889290326802694751
,,,"[""29049461839578908236523492739355178159371369103001808454443054866483894885322"", ""76341225335584030858099123253090069370153706642291968639596138457391093565914""]",,0x553fc3e6702408b07899e79cc490d34d3d01ab1cecb61ce0d27fce12232f3ac8,,274185,cbb-hofst-ala-2026-03-20,Hofstra Pride vs. Alabama Crimson Tide,both_mm,Hofstra vs Alabama,,,1602175,game_winner,"[{'label': 'Hofstra Pride', 'token_id': '29049461839578908236523492739355178159371369103001808454443054866483894885322', 'predexon_id': 'px-yo74xgcerfmg', 'price': 0.0}, {'label': 'Alabama Crimson Tide', 'token_id': '76341225335584030858099123253090069370153706642291968639596138457391093565914', 'predexon_id': 'px-afh3lsz4zmyz', 'price': 1.0}]",Alabama || Hofstra,polymarket,,0x9d9cbb2ed399d7f5bbf8962b4800c48da5d984afe611f38ceecc24cbf3914521,keep,cbb-hofst-ala-2026-03-20,predexon_polymarket_candidates,,closed,Hofstra,Hofstra,Alabama,Alabama,Hofstra Pride vs. Alabama Crimson Tide,,,29049461839578908236523492739355178159371369103001808454443054866483894885322,76341225335584030858099123253090069370153706642291968639596138457391093565914
,,,"[""24030578345687573290297317228457747680294453914402028128646921013553594905544"", ""38420438425201589923495043800959999482229759531158073337968044890409960431355""]",,0x89b4953ff93ac3d91d3b29040bcc1f1a1b35939a274223c837bd5953a7bdefeb,,284348,cbb-howrd-mich-2026-03-19,Howard Bison vs. Michigan Wolverines,both_mm,Howard vs Michigan,,,1644186,game_winner,"[{'label': 'Howard Bison', 'token_id': '24030578345687573290297317228457747680294453914402028128646921013553594905544', 'predexon_id': 'px-kifxglfu3om4', 'price': 0.0}, {'label': 'Michigan Wolverines', 'token_id': '38420438425201589923495043800959999482229759531158073337968044890409960431355', 'predexon_id': 'px-m5kue4ej3ucx', 'price': 1.0}]",Howard || Michigan,polymarket,,0x4000ec375b1c580156c47a7f1a5f5adf4dfd70c47781b295b14e045b0e955332,keep,cbb-howrd-mich-2026-03-19,predexon_polymarket_candidates,,closed,Howard,Howard,Michigan,Michigan,Howard Bison vs. Michigan Wolverines,,,24030578345687573290297317228457747680294453914402028128646921013553594905544,38420438425201589923495043800959999482229759531158073337968044890409960431355
,,,"[""35619554017483865307889123235764517895280444380913860505343366017190716564053"", ""62005142967004570262404026040602814208043813003828505855202303887392147053753""]",,0x63f4859ba6b341ec56c53fc5d49e371def1dab41ccae6e02fb05166d8b96f5fd,,274163,cbb-howrd-umbc-2026-03-17,Howard Bison vs. UMBC Retrievers,both_mm,Howard vs UMBC,,,1602025,game_winner,"[{'label': 'Howard Bison', 'token_id': '35619554017483865307889123235764517895280444380913860505343366017190716564053', 'predexon_id': 'px-7xqzmzfuv3yd', 'price': 1.0}, {'label': 'UMBC Retrievers', 'token_id': '62005142967004570262404026040602814208043813003828505855202303887392147053753', 'predexon_id': 'px-epw4orkdcvtf', 'price': 0.0}]",Howard || UMBC,polymarket,,0xf230ebe3a5e53376bf7e59023eb178185516b8c4e9d909155249995a8671f39d,keep,cbb-howrd-umbc-2026-03-17,predexon_polymarket_candidates,,closed,Howard,Howard,UMBC,UMBC,Howard Bison vs. UMBC Retrievers,,,35619554017483865307889123235764517895280444380913860505343366017190716564053,62005142967004570262404026040602814208043813003828505855202303887392147053753
,,,"[""10351488456972320960464420513577538550642649173769444067847547392785623688376"", ""23526519598114222980736548014711094899008313570855727665180497321326429349863""]",,0x91942bc1670d23f58cf10595b5d712334f3ce651b4b06720a290f3d3e3353f48,,287718,cbb-hpnt-ark-2026-03-21,High Point Panthers vs. Arkansas Razorbacks,both_mm,High Point vs Arkansas,,,1656217,game_winner,"[{'label': 'High Point Panthers', 'token_id': '10351488456972320960464420513577538550642649173769444067847547392785623688376', 'predexon_id': 'px-wx3wbasuodr4', 'price': 0.0}, {'label': 'Arkansas Razorbacks', 'token_id': '23526519598114222980736548014711094899008313570855727665180497321326429349863', 'predexon_id': 'px-qmhydjledyrs', 'price': 1.0}]",Arkansas || High Point,polymarket,,0x27c688e1f9670f8823edb2fe9a1d0025699100ead37fc00491efd68cd214edf5,keep,cbb-hpnt-ark-2026-03-21,predexon_polymarket_candidates,,closed,High Point,High Point,Arkansas,Arkansas,High Point Panthers vs. Arkansas Razorbacks,,,10351488456972320960464420513577538550642649173769444067847547392785623688376,23526519598114222980736548014711094899008313570855727665180497321326429349863
,,,"[""78247433322859832209905493083476424620017252740026398257045598193045405409604"", ""105014857322298860955907554362436574090310628655183544852483667313232638302024""]",,0x00342368bcca5a5b6e21d837edaebc7efaab6e48ce9041c6a215ddc7d22420d6,,274167,cbb-hpnt-wisc-2026-03-19,High Point Panthers vs. Wisconsin Badgers,both_mm,High Point vs Wisconsin,,,1602029,game_winner,"[{'label': 'High Point Panthers', 'token_id': '78247433322859832209905493083476424620017252740026398257045598193045405409604', 'predexon_id': 'px-me75wfb5kfeq', 'price': 1.0}, {'label': 'Wisconsin Badgers', 'token_id': '105014857322298860955907554362436574090310628655183544852483667313232638302024', 'predexon_id': 'px-jvenfa72yb4i', 'price': 0.0}]",High Point || Wisconsin,polymarket,,0x15e8e82ff745234a4c8215c4512824650f9bb023adbb71f9bd162c29e409c253,keep,cbb-hpnt-wisc-2026-03-19,predexon_polymarket_candidates,,closed,High Point,High Point,Wisconsin,Wisconsin,High Point Panthers vs. Wisconsin Badgers,,,78247433322859832209905493083476424620017252740026398257045598193045405409604,105014857322298860955907554362436574090310628655183544852483667313232638302024
1.0,,,"[""30303840818630395425342036097160414920080450344351409266338001257015601683947"", ""4475145311217296731087102781298270910208993524500339526303354822301020879243""]",1.0,0x74f43598db97701c04c821d2cb0cd1418078fde4c71868aff2f524cb9a7db410,2026-03-19T04:00:00Z,274177,cbb-idaho-hou-2026-03-19,Idaho Vandals vs. Houston Cougars,,Idaho vs Houston,,,1602095,game_winner,"[""Idaho Vandals"", ""Houston Cougars""]",Houston || Idaho,polymarket,Idaho Vandals vs. Houston Cougars,0xe660a0d9abd0746ba5b66f3eec77a20648abf018bb1ca2dea67ff9513c9eedf5,,cbb-idaho-hou-2026-03-19,polymarket_gamma_slug,2026-03-15T23:05:35.107804Z,,Idaho,Idaho,Houston,Houston,Idaho Vandals vs. Houston Cougars,,,30303840818630395425342036097160414920080450344351409266338001257015601683947,4475145311217296731087102781298270910208993524500339526303354822301020879243
,,,"[""32808458875366467745777044160603661512817861173859925631005519080722962618453"", ""59202108327135535421172568160321982683582378216670455227255549883175903089000""]",,0x742cccb8094536132d2afee783308a6eb3498a094f2082dc26dd13bfd0bf3c2b,,294977,cbb-ill-hou-2026-03-26,Illinois Fighting Illini vs. Houston Cougars,both_mm,Illinois vs Houston,,,1678319,game_winner,"[{'label': 'Illinois Fighting Illini', 'token_id': '32808458875366467745777044160603661512817861173859925631005519080722962618453', 'predexon_id': 'px-hcgr4oqbf4bk', 'price': 1.0}, {'label': 'Houston Cougars', 'token_id': '59202108327135535421172568160321982683582378216670455227255549883175903089000', 'predexon_id': 'px-2kyugeya3m43', 'price': 0.0}]",Houston || Illinois,polymarket,,0xe7f090fd239b19938fe841349dcb88fa382906018f79e73c697badf6af2ef916,keep,cbb-ill-hou-2026-03-26,predexon_polymarket_candidates,,closed,Illinois,Illinois,Houston,Houston,Illinois Fighting Illini vs. Houston Cougars,,,32808458875366467745777044160603661512817861173859925631005519080722962618453,59202108327135535421172568160321982683582378216670455227255549883175903089000
,,,"[""51016507619180924665597559307500966371300359990730628147295374239685630001225"", ""94447182302194482310220356455575365299769150002438081485821221492788471804424""]",,0x36815bf4ed83781ab21bd4ed89e32afcbcd16afa0881f84ef36ddfc446595fca,,312713,cbb-ill-iowa-2026-03-28,Illinois Fighting Illini vs. Iowa Hawkeyes,both_mm,Illinois vs Iowa,,,1739839,game_winner,"[{'label': 'Illinois Fighting Illini', 'token_id': '51016507619180924665597559307500966371300359990730628147295374239685630001225', 'predexon_id': 'px-dshhikfkhsdf', 'price': 1.0}, {'label': 'Iowa Hawkeyes', 'token_id': '94447182302194482310220356455575365299769150002438081485821221492788471804424', 'predexon_id': 'px-tbwld655dwjq', 'price': 0.0}]",Illinois || Iowa,polymarket,,0x24a3883f9baef4c08f598a55c0b2a53652fae05aff284546ac23a1f683c76175,keep,cbb-ill-iowa-2026-03-28,predexon_polymarket_candidates,,closed,Illinois,Illinois,Iowa,Iowa,Illinois Fighting Illini vs. Iowa Hawkeyes,,,51016507619180924665597559307500966371300359990730628147295374239685630001225,94447182302194482310220356455575365299769150002438081485821221492788471804424
,,,"[""88019718517198041112185994197211713400925479368660214430030324078219596742767"", ""32146107534054651254521208750298898199286769571146548559273896548639204207770""]",,0x41eec77b0af2e0ffa40d1abfa0bfb1cb8c4ca6e304ba42f9fffe7291d69db9be,,274194,cbb-iowa-clmsn-2026-03-20,Iowa Hawkeyes vs. Clemson Tigers,both_mm,Iowa vs Clemson,,,1602247,game_winner,"[{'label': 'Iowa Hawkeyes', 'token_id': '88019718517198041112185994197211713400925479368660214430030324078219596742767', 'predexon_id': 'px-i7jv2ncrc5yp', 'price': 1.0}, {'label': 'Clemson Tigers', 'token_id': '32146107534054651254521208750298898199286769571146548559273896548639204207770', 'predexon_id': 'px-b6vzbfugmdp3', 'price': 0.0}]",Clemson || Iowa,polymarket,,0x2ce81b27dc32ae87fec6be1479e0d4c7511d094626020c1b50be97dac4e198ff,keep,cbb-iowa-clmsn-2026-03-20,predexon_polymarket_candidates,,closed,Iowa,Iowa,Clemson,Clemson,Iowa Hawkeyes vs. Clemson Tigers,,,88019718517198041112185994197211713400925479368660214430030324078219596742767,32146107534054651254521208750298898199286769571146548559273896548639204207770
,,,"[""22982279647126304725876246383164468293958197558580061538886168962946310215031"", ""61940465982040397744031242031058401133822591164359218772886913831781005236268""]",,0x320a8227bf171846c24d01a6640e638da65f0e5e9a2c9f2346b5c248b5eb4ea5,,291749,cbb-iowa-fl-2026-03-22,Iowa Hawkeyes vs. Florida Gators,both_mm,Iowa vs Florida,,,1668647,game_winner,"[{'label': 'Iowa Hawkeyes', 'token_id': '22982279647126304725876246383164468293958197558580061538886168962946310215031', 'predexon_id': 'px-jm3kyv52ifzk', 'price': 1.0}, {'label': 'Florida Gators', 'token_id': '61940465982040397744031242031058401133822591164359218772886913831781005236268', 'predexon_id': 'px-4lx4xzsmv7vx', 'price': 0.0}]",Florida || Iowa,polymarket,,0x6e68ac8ec7531da391315c88e15b9ecec66529d8b0176cb2c7c161b8f71403d2,keep,cbb-iowa-fl-2026-03-22,predexon_polymarket_candidates,,closed,Iowa,Iowa,Florida,Florida,Iowa Hawkeyes vs. Florida Gators,,,22982279647126304725876246383164468293958197558580061538886168962946310215031,61940465982040397744031242031058401133822591164359218772886913831781005236268
,,,"[""77364380867744027853554654244578357160431146267569463684209979869576327589886"", ""77282343979654298927369197320420855801023450579123253894160386420792023206588""]",,0x1b6cf3bee8120b0e83a7ce6a10bb4586e670a96d91542c93888c90c7d60daec8,,274170,cbb-kenest-gnzg-2026-03-19,Kennesaw State Owls vs. Gonzaga Bulldogs,both_mm,Kennesaw State vs Gonzaga,,,1602032,game_winner,"[{'label': 'Kennesaw State Owls', 'token_id': '77364380867744027853554654244578357160431146267569463684209979869576327589886', 'predexon_id': 'px-lgoe3hhy3nyj', 'price': 0.0}, {'label': 'Gonzaga Bulldogs', 'token_id': '77282343979654298927369197320420855801023450579123253894160386420792023206588', 'predexon_id': 'px-evtsedarlka3', 'price': 1.0}]",Gonzaga || Kennesaw State,polymarket,,0xbb39a1b056ec2451191209ee763c2136b9d95fe92e0f4a1dc95704141e1e1164,keep,cbb-kenest-gnzg-2026-03-19,predexon_polymarket_candidates,,closed,Kennesaw State,Kennesaw State,Gonzaga,Gonzaga,Kennesaw State Owls vs. Gonzaga Bulldogs,,,77364380867744027853554654244578357160431146267569463684209979869576327589886,77282343979654298927369197320420855801023450579123253894160386420792023206588
,,,"[""69822760506963293788091860614727344210894891120716057456257735813369996441588"", ""79261892311773612151914108261572861958184785682610290193371234066836996484694""]",,0xa5bb84a7462befd81df5497dba54cf6e2050d8da5449a0387db1cc67212d65d0,,274165,cbb-lehi-pvam-2026-03-18,Lehigh Mountain Hawks vs. Prairie View A&M Panthers,both_mm,Lehigh vs Prairie View A&M,,,1602027,game_winner,"[{'label': 'Lehigh Mountain Hawks', 'token_id': '69822760506963293788091860614727344210894891120716057456257735813369996441588', 'predexon_id': 'px-7xypnd2d2gi3', 'price': 0.0}, {'label': 'Prairie View A&M Panthers', 'token_id': '79261892311773612151914108261572861958184785682610290193371234066836996484694', 'predexon_id': 'px-cbwkowhw3pew', 'price': 1.0}]",Lehigh || Prairie View A&M,polymarket,,0xc557c30764d7a71afdc237873406094695810092e183a73d9cc2180fe33a0def,keep,cbb-lehi-pvam-2026-03-18,predexon_polymarket_candidates,,closed,Lehigh,Lehigh,Prairie View A&M,Prairie View A&M,Lehigh Mountain Hawks vs. Prairie View A&M Panthers,,,69822760506963293788091860614727344210894891120716057456257735813369996441588,79261892311773612151914108261572861958184785682610290193371234066836996484694
,,,"[""4913730361920920558781272693126281406435302316350570006478823349891310491549"", ""9409490930224923614822487614966291700996606300666789458000739662899013820681""]",,0xf5874f9c3df03935b16aea2f2606f28160a5ed410b1a433fd5e16cbb8326a1a8,,274190,cbb-liub-arz-2026-03-20,LIU Sharks vs. Arizona Wildcats,both_mm,Long Island vs Arizona,,,1602240,game_winner,"[{'label': 'LIU Sharks', 'token_id': '4913730361920920558781272693126281406435302316350570006478823349891310491549', 'predexon_id': 'px-fvehpodf23e6', 'price': 0.0}, {'label': 'Arizona Wildcats', 'token_id': '9409490930224923614822487614966291700996606300666789458000739662899013820681', 'predexon_id': 'px-hv4s4kw3ygxj', 'price': 1.0}]",Arizona || Long Island,polymarket,,0xbb5899e6d846b51dc31cd96efc8efee112397ca8555011d584885340dec9d1f5,keep,cbb-liub-arz-2026-03-20,predexon_polymarket_candidates,,closed,LIU,Long Island,Arizona,Arizona,LIU Sharks vs. Arizona Wildcats,,,4913730361920920558781272693126281406435302316350570006478823349891310491549,9409490930224923614822487614966291700996606300666789458000739662899013820681
,,,"[""79314174435030405040841373011512243248925330349434286718546566867748458510236"", ""105450548550809864639402122015530684852985789423661313415373991994626046117823""]",,0x4ef8323193ded8cf5f54bad711a61fb9f2b29588f2663d126d0174e5fabbe054,,287721,cbb-lou-mst-2026-03-21,Louisville Cardinals vs. Michigan State Spartans,both_mm,Louisville vs Michigan State,,,1656256,game_winner,"[{'label': 'Louisville Cardinals', 'token_id': '79314174435030405040841373011512243248925330349434286718546566867748458510236', 'predexon_id': 'px-yqng4ch56twk', 'price': 0.0}, {'label': 'Michigan State Spartans', 'token_id': '105450548550809864639402122015530684852985789423661313415373991994626046117823', 'predexon_id': 'px-6rz7rrxjrt4a', 'price': 1.0}]",Louisville || Michigan State,polymarket,,0xbf49be09ff8866c9b8d35c247962b5510e8b639b22e52d5bead63d1ea3853108,keep,cbb-lou-mst-2026-03-21,predexon_polymarket_candidates,,closed,Louisville,Louisville,Michigan State,Michigan State,Louisville Cardinals vs. Michigan State Spartans,,,79314174435030405040841373011512243248925330349434286718546566867748458510236,105450548550809864639402122015530684852985789423661313415373991994626046117823
,,,"[""27111001495479706166271767350773999931249596087734065390549271691958894627713"", ""55148318464700958356194782246886046839288867263420618196013838582304311616567""]",,0xc30c463a0e2da8a260a7cb9e6a12ed11f12fa37209106ba8cae34f2f9b5e8dfa,,274171,cbb-mcnst-vand-2026-03-19,McNeese State Cowboys vs. Vanderbilt Commodores,both_mm,McNeese vs Vanderbilt,,,1602033,game_winner,"[{'label': 'McNeese State Cowboys', 'token_id': '27111001495479706166271767350773999931249596087734065390549271691958894627713', 'predexon_id': 'px-4b3tsexgb4it', 'price': 0.0}, {'label': 'Vanderbilt Commodores', 'token_id': '55148318464700958356194782246886046839288867263420618196013838582304311616567', 'predexon_id': 'px-vakfsqnlohmi', 'price': 1.0}]",McNeese || Vanderbilt,polymarket,,0x42e6182ef081d86234afe1ed1fe5298e5eca4d9f61be2c38b088b9f09cb6c07a,keep,cbb-mcnst-vand-2026-03-19,predexon_polymarket_candidates,,closed,McNeese,McNeese,Vanderbilt,Vanderbilt,McNeese State Cowboys vs. Vanderbilt Commodores,,,27111001495479706166271767350773999931249596087734065390549271691958894627713,55148318464700958356194782246886046839288867263420618196013838582304311616567
1.0,,,"[""23174936636582961456223035370231131689912018591533001152034041867256444695541"", ""41689876958203396083000604965080212324957511415230803937491891625514739152109""]",1.0,0x6e98165eba914614002d6462a847867bece25d7dec8c29ec6c77870b6a5b5b15,2026-03-22T04:00:00Z,291888,cbb-mia-pur-2026-03-22,Miami Hurricanes vs. Purdue Boilermakers,,Miami (FL) vs Purdue,,,1668974,game_winner,"[""Miami Hurricanes"", ""Purdue Boilermakers""]",Miami (FL) || Purdue,polymarket,Miami Hurricanes vs. Purdue Boilermakers,0x8ff92143c008bb7acadcc06ebde13d740deda90fa1ab986a4289d3f08e36bd9a,,cbb-mia-pur-2026-03-22,polymarket_gamma_slug,2026-03-21T05:14:20.005345Z,,Miami (FL),Miami (FL),Purdue,Purdue,Miami Hurricanes vs. Purdue Boilermakers,,,23174936636582961456223035370231131689912018591533001152034041867256444695541,41689876958203396083000604965080212324957511415230803937491891625514739152109
,,,"[""10696829412422789596652280302007811169147111169060983455844222823735867461821"", ""95116678499487829660553279054924039933269173867807388462085382967292030127474""]",,0x23e6461dd15fbc9365dda1717464b34fe88d88c7588c7e2104b2fee7d840e9d5,,286019,cbb-miaoh-tenn-2026-03-20,Miami (OH) RedHawks vs. Tennessee Volunteers,both_mm,Miami (Ohio) vs Tennessee,,,1649973,game_winner,"[{'label': 'Miami (OH) RedHawks', 'token_id': '10696829412422789596652280302007811169147111169060983455844222823735867461821', 'predexon_id': 'px-7jf3kre4pyl5', 'price': 0.0}, {'label': 'Tennessee Volunteers', 'token_id': '95116678499487829660553279054924039933269173867807388462085382967292030127474', 'predexon_id': 'px-va5izxxtteig', 'price': 1.0}]",Miami (Ohio) || Tennessee,polymarket,,0xfe1cca7d1c15159e58788a949147b3303bd7c931f4d9b3382b971ddcf371edea,keep,cbb-miaoh-tenn-2026-03-20,predexon_polymarket_candidates,,closed,Miami (OH),Miami (Ohio),Tennessee,Tennessee,Miami (OH) RedHawks vs. Tennessee Volunteers,,,10696829412422789596652280302007811169147111169060983455844222823735867461821,95116678499487829660553279054924039933269173867807388462085382967292030127474
1.0,,,"[""5533407621462204419366790705917923676675270766779491181055620828944815843041"", ""20405373265263690273095397068448682914028493604888619902586392206352942539171""]",1.0,0x4491df698adf8d361aacc240a34d12e751f51baef01d79d523a4d498baa45fba,2026-03-20T04:00:00Z,274192,cbb-missr-mia-2026-03-20,Missouri Tigers vs. Miami Hurricanes,,Missouri vs Miami (FL),,,1602245,game_winner,"[""Missouri Tigers"", ""Miami Hurricanes""]",Miami (FL) || Missouri,polymarket,Missouri Tigers vs. Miami Hurricanes,0x0b2a543449b1a626440f0ca9fdeb15c7c2209e328641ac1b30fd5f4fcec1885d,,cbb-missr-mia-2026-03-20,polymarket_gamma_slug,2026-03-15T23:09:35.236539Z,,Missouri,Missouri,Miami (FL),Miami (FL),Missouri Tigers vs. Miami Hurricanes,,4134305.151280973,5533407621462204419366790705917923676675270766779491181055620828944815843041,20405373265263690273095397068448682914028493604888619902586392206352942539171
,,,"[""23071365530007840499595140099244953388320355039725407838409210788227385062169"", ""908726398549149977786555873192888390832262725037682630056119381505182857140""]",,0xcdedd4460eed2734e4680bf73b08872fe7347931814cda6f2eb570231ba08c03,,298584,cbb-mst-uconn-2026-03-27,Michigan State Spartans vs. Connecticut Huskies,both_mm,Michigan State vs UConn,,,1688392,game_winner,"[{'label': 'Michigan State Spartans', 'token_id': '23071365530007840499595140099244953388320355039725407838409210788227385062169', 'predexon_id': 'px-mmq55ucezwq3', 'price': 0.0}, {'label': 'Connecticut Huskies', 'token_id': '908726398549149977786555873192888390832262725037682630056119381505182857140', 'predexon_id': 'px-74unshlzk3dp', 'price': 1.0}]",Michigan State || UConn,polymarket,,0x9d2dc4135e2c206841d8e94bc9dfedd9a062a9b3dab2945fb06c8ab4e03a8eaa,keep,cbb-mst-uconn-2026-03-27,predexon_polymarket_candidates,,closed,Michigan State,Michigan State,UConn,UConn,Michigan State Spartans vs. Connecticut Huskies,,,23071365530007840499595140099244953388320355039725407838409210788227385062169,908726398549149977786555873192888390832262725037682630056119381505182857140
,,,"[""12455156370346502964446515471898297967094417076003511613388969803156735461714"", ""73913355380663729482146870516690254329641759670733169669020655468591872136585""]",,0x68cbb3bd267f30f766bc22ae7dd3ea0263c3abe3dc769eb63f98a12cd3b7ebfb,,274161,cbb-ncst-tx-2026-03-17,North Carolina State Wolfpack vs. Texas Longhorns,both_mm,NC State vs Texas,,,1602023,game_winner,"[{'label': 'North Carolina State Wolfpack', 'token_id': '12455156370346502964446515471898297967094417076003511613388969803156735461714', 'predexon_id': 'px-y7n32ljljstb', 'price': 0.0}, {'label': 'Texas Longhorns', 'token_id': '73913355380663729482146870516690254329641759670733169669020655468591872136585', 'predexon_id': 'px-qojtmody7hsp', 'price': 1.0}]",NC State || Texas,polymarket,,0xcf74b8a941f68e7f50292d4a455d717d80ca974fed2bf83da081960a924d08d8,keep,cbb-ncst-tx-2026-03-17,predexon_polymarket_candidates,,closed,NC State,NC State,Texas,Texas,North Carolina State Wolfpack vs. Texas Longhorns,,,12455156370346502964446515471898297967094417076003511613388969803156735461714,73913355380663729482146870516690254329641759670733169669020655468591872136585
1.0,,,"[""37117774055781171628696450569643118518022957725364776546944295109909297255290"", ""98647227610042006446671855515348373858227063749757924036987820626027226521356""]",1.0,0x2ae609994bd186406948b28d610d132771e30b0b79618302efc57d4d5de167da,2026-03-19T04:00:00Z,274182,cbb-ndkst-mst-2026-03-19,North Dakota State Bison vs. Michigan State Spartans,,North Dakota State vs Michigan State,,,1602148,game_winner,"[""North Dakota State Bison"", ""Michigan State Spartans""]",Michigan State || North Dakota State,polymarket,North Dakota State Bison vs. Michigan State Spartans,0x27f92dd03d778b302cc6ed466e00699829c53dca896e10725717d3695dc8acce,,cbb-ndkst-mst-2026-03-19,polymarket_gamma_slug,2026-03-15T23:09:34.908233Z,,North Dakota State,North Dakota State,Michigan State,Michigan State,North Dakota State Bison vs. Michigan State Spartans,,,37117774055781171628696450569643118518022957725364776546944295109909297255290,98647227610042006446671855515348373858227063749757924036987820626027226521356
,,,"[""6143758395191852229197516807548968371194839168426806816072019634277215860097"", ""8407769013236185519523211059555999620435865750175863777492373951715898856141""]",,0xe96bab86f43e9ae8647eedb5ed680747a8875571c027d11f1f2bae39867d4209,,298311,cbb-nebr-iowa-2026-03-26,Nebraska Cornhuskers vs. Iowa Hawkeyes,both_mm,Nebraska vs Iowa,,,1687801,game_winner,"[{'label': 'Nebraska Cornhuskers', 'token_id': '6143758395191852229197516807548968371194839168426806816072019634277215860097', 'predexon_id': 'px-v7zpecj4rmwi', 'price': 0.0}, {'label': 'Iowa Hawkeyes', 'token_id': '8407769013236185519523211059555999620435865750175863777492373951715898856141', 'predexon_id': 'px-sczpqomwd6ek', 'price': 1.0}]",Iowa || Nebraska,polymarket,,0xb72f9836c45d7c7288beb5e5d2a3377791e8e581eca1c4bfe7886f05326f361c,keep,cbb-nebr-iowa-2026-03-26,predexon_polymarket_candidates,,closed,Nebraska,Nebraska,Iowa,Iowa,Nebraska Cornhuskers vs. Iowa Hawkeyes,,,6143758395191852229197516807548968371194839168426806816072019634277215860097,8407769013236185519523211059555999620435865750175863777492373951715898856141
,,,"[""55801363062437471428303088900148458552848867285220568959087703537314018520002"", ""28882775410265555682378301862169900393141889664473253758091424010365598882358""]",,0x2af36fa2f72491886f22164ded901b5df8ff07c2636d1aac3924e91d7c046382,,274195,cbb-niowa-stjohn-2026-03-20,Northern Iowa Panthers vs. St. John's Red Storm,both_mm,Northern Iowa vs Saint John's,,,1602248,game_winner,"[{'label': 'Northern Iowa Panthers', 'token_id': '55801363062437471428303088900148458552848867285220568959087703537314018520002', 'predexon_id': 'px-gxsey3hbue2p', 'price': 0.0}, {'label': ""St. John's Red Storm"", 'token_id': '28882775410265555682378301862169900393141889664473253758091424010365598882358', 'predexon_id': 'px-cpcxij56ldkp', 'price': 1.0}]",Northern Iowa || Saint John's,polymarket,,0xf1a16555ebdb15cb24eeaacb57686c8a46727925dacb3fd2745ca27c024ea763,keep,cbb-niowa-stjohn-2026-03-20,predexon_polymarket_candidates,,closed,Northern Iowa,Northern Iowa,St. John's,Saint John's,Northern Iowa Panthers vs. St. John's Red Storm,,,55801363062437471428303088900148458552848867285220568959087703537314018520002,28882775410265555682378301862169900393141889664473253758091424010365598882358
1.0,,,"[""81404167820010055383499375374467265634429682969273009244958531274920188746081"", ""71788196604816936595733729779480423507342573446534526103969944547654421480053""]",1.0,0x59ba893939deff4d8d7a558b01c00e547408d9ca6305e4e4c4e0247bbcc63a04,2026-03-19T04:00:00Z,274175,cbb-penn-ill-2026-03-19,Penn Quakers vs. Illinois Fighting Illini,,Penn vs Illinois,,,1602065,game_winner,"[""Penn Quakers"", ""Illinois Fighting Illini""]",Illinois || Penn,polymarket,Penn Quakers vs. Illinois Fighting Illini,0x89180155681ae5fceb75cc70adfbd4dc75218309a80fddbdd4311de0465d89f9,,cbb-penn-ill-2026-03-19,polymarket_gamma_slug,2026-03-15T23:03:43.226619Z,,Penn,Penn,Illinois,Illinois,Penn Quakers vs. Illinois Fighting Illini,,,81404167820010055383499375374467265634429682969273009244958531274920188746081,71788196604816936595733729779480423507342573446534526103969944547654421480053
,,,"[""78514933453541516935187387600874432418436460096129547384891808930037790284911"", ""64024535238733125841763079646903083308933520686600379980978305341937621090800""]",,0x7e0a944a6f318025ac3847a05a5081a73c84850facdc2ea3a784962a89737fa4,,312712,cbb-pur-arz-2026-03-28,Purdue Boilermakers vs. Arizona Wildcats,both_mm,Purdue vs Arizona,,,1739838,game_winner,"[{'label': 'Purdue Boilermakers', 'token_id': '78514933453541516935187387600874432418436460096129547384891808930037790284911', 'predexon_id': 'px-io27mlbro4yh', 'price': 0.0}, {'label': 'Arizona Wildcats', 'token_id': '64024535238733125841763079646903083308933520686600379980978305341937621090800', 'predexon_id': 'px-6prniq6oked5', 'price': 1.0}]",Arizona || Purdue,polymarket,,0x6c996273ba17ab39511049f02d9ac1e88ec3621f4615da180227de71a3f406b4,keep,cbb-pur-arz-2026-03-28,predexon_polymarket_candidates,,closed,Purdue,Purdue,Arizona,Arizona,Purdue Boilermakers vs. Arizona Wildcats,,,78514933453541516935187387600874432418436460096129547384891808930037790284911,64024535238733125841763079646903083308933520686600379980978305341937621090800
1.0,,,"[""93692058997916821630227683765337700778148812937100324458244474729785610766780"", ""38468583956973569139483379322927785078119689767943787258589960939647369019676""]",1.0,0x253310f4e8839dd3eab2cffac9585f723ea7f1e88dc5cf36032186ac12a0722b,2026-03-21T01:25:00Z,286020,cbb-pvam-fl-2026-03-20,Prairie View A&M Panthers vs. Florida Gators,,Prairie View A&M vs Florida,,,1649974,game_winner,"[""Prairie View A&M Panthers"", ""Florida Gators""]",Florida || Prairie View A&M,polymarket,Prairie View A&M Panthers vs. Florida Gators,0x4984ffe9af1b75af0cc207d8b5d76f0ff7b925ccabec3efe71774bb160b90c9e,,cbb-pvam-fl-2026-03-20,polymarket_gamma_slug,2026-03-19T12:04:06.086223Z,,Prairie View A&M,Prairie View A&M,Florida,Florida,Prairie View A&M Panthers vs. Florida Gators,,,93692058997916821630227683765337700778148812937100324458244474729785610766780,38468583956973569139483379322927785078119689767943787258589960939647369019676
,,,"[""108608431028516805322910059035854453364954187404710588904556256395227379154690"", ""94825023307695897341413564197216476268630722522032138668056667049777676974099""]",,0x281b8f17cea3d2b6bc0982b55411d094f569ac9219aa53b001e12c49cd8b11e4,,274193,cbb-queen-pur-2026-03-20,Queens (NC) Royals vs. Purdue Boilermakers,both_mm,Queens vs Purdue,,,1602246,game_winner,"[{'label': 'Queens (NC) Royals', 'token_id': '108608431028516805322910059035854453364954187404710588904556256395227379154690', 'predexon_id': 'px-mztpkr6xsjhw', 'price': 0.0}, {'label': 'Purdue Boilermakers', 'token_id': '94825023307695897341413564197216476268630722522032138668056667049777676974099', 'predexon_id': 'px-f4h3q3d7zwb7', 'price': 1.0}]",Purdue || Queens,polymarket,,0x82e9d55533069a555a8cc146841cf3342ae04e848f329e70c43c66540b3904f1,keep,cbb-queen-pur-2026-03-20,predexon_polymarket_candidates,,closed,Queens,Queens,Purdue,Purdue,Queens (NC) Royals vs. Purdue Boilermakers,,,108608431028516805322910059035854453364954187404710588904556256395227379154690,94825023307695897341413564197216476268630722522032138668056667049777676974099
,,,"[""7209208853410266549175490708044855137325697203910236238375646804764733435388"", ""96201733608502458627905480167652884986457888149548653845440039271543270786117""]",,0x1877d73f4f3cb7fc56ac69f4b83dbaebbecefd8390da3b47265ed4cc7df0f80c,,274187,cbb-sanclr-uk-2026-03-20,Santa Clara Broncos vs. Kentucky Wildcats,both_mm,Santa Clara vs Kentucky,,,1602208,game_winner,"[{'label': 'Santa Clara Broncos', 'token_id': '7209208853410266549175490708044855137325697203910236238375646804764733435388', 'predexon_id': 'px-grnojhqrf3w3', 'price': 0.0}, {'label': 'Kentucky Wildcats', 'token_id': '96201733608502458627905480167652884986457888149548653845440039271543270786117', 'predexon_id': 'px-pnuryrucdf3u', 'price': 1.0}]",Kentucky || Santa Clara,polymarket,,0xd00db610fe82a2da94718727cdcc329b178ef49c524bfb9632b8b8649e2a4e30,keep,cbb-sanclr-uk-2026-03-20,predexon_polymarket_candidates,,closed,Santa Clara,Santa Clara,Kentucky,Kentucky,Santa Clara Broncos vs. Kentucky Wildcats,,,7209208853410266549175490708044855137325697203910236238375646804764733435388,96201733608502458627905480167652884986457888149548653845440039271543270786117
,,,"[""79683168977793405368408014202910010834474183585397308403134237692342458505581"", ""68656678862547551986739165606156144618089179299986883035106515773477403186433""]",,0x3e5a63708c82a66ed7dfe147155ad1b96470dc81a2e7ed6dd97ff6b4791a4714,,274181,cbb-sfl-lou-2026-03-19,South Florida Bulls vs. Louisville Cardinals,both_mm,South Florida vs Louisville,,,1602139,game_winner,"[{'label': 'South Florida Bulls', 'token_id': '79683168977793405368408014202910010834474183585397308403134237692342458505581', 'predexon_id': 'px-yvhkpddwans2', 'price': 0.0}, {'label': 'Louisville Cardinals', 'token_id': '68656678862547551986739165606156144618089179299986883035106515773477403186433', 'predexon_id': 'px-baajl67nnpud', 'price': 1.0}]",Louisville || South Florida,polymarket,,0x5a758192e7d78a6aae65d852bdc3558af152812a3248d41508e39f21e7f1ae27,keep,cbb-sfl-lou-2026-03-19,predexon_polymarket_candidates,,closed,South Florida,South Florida,Louisville,Louisville,South Florida Bulls vs. Louisville Cardinals,,,79683168977793405368408014202910010834474183585397308403134237692342458505581,68656678862547551986739165606156144618089179299986883035106515773477403186433
,,,"[""41622565764221085043478569931827007164838436241101211618312502343929522507287"", ""85240826252041168427291833071947073018229022348166789562987180937596002495490""]",,0xca488e90716d549283660f2aa30f362e57bfaa360ea8338cdf49bb85ffbefe74,,274179,cbb-siena-duke-2026-03-19,Siena Saints vs. Duke Blue Devils,both_mm,Siena vs Duke,,,1602111,game_winner,"[{'label': 'Siena Saints', 'token_id': '41622565764221085043478569931827007164838436241101211618312502343929522507287', 'predexon_id': 'px-w7cuutaukzns', 'price': 0.0}, {'label': 'Duke Blue Devils', 'token_id': '85240826252041168427291833071947073018229022348166789562987180937596002495490', 'predexon_id': 'px-3olmj3tj4gpq', 'price': 1.0}]",Duke || Siena,polymarket,,0x2b2e26a9bf5ef79b8df5d199d38429a134acbd97d204dfca2e1bf2f8a6157132,keep,cbb-siena-duke-2026-03-19,predexon_polymarket_candidates,,closed,Siena,Siena,Duke,Duke,Siena Saints vs. Duke Blue Devils,,,41622565764221085043478569931827007164838436241101211618312502343929522507287,85240826252041168427291833071947073018229022348166789562987180937596002495490
,,,"[""97680764462362719807816565271070331344977188616224656081540186712724715324049"", ""4169199864079179409684298532464251586307022912118496235043055728208766412019""]",,0x5b595ea6839dc7e91db4fe62b07822395aeaf9a761e52e1fb01401e7ade063a8,,274164,cbb-smu-miaoh-2026-03-18,SMU Mustangs vs. Miami (OH) RedHawks,both_mm,SMU vs Miami (Ohio),,,1602026,game_winner,"[{'label': 'SMU Mustangs', 'token_id': '97680764462362719807816565271070331344977188616224656081540186712724715324049', 'predexon_id': 'px-6vmsbs7e74a7', 'price': 0.0}, {'label': 'Miami (OH) RedHawks', 'token_id': '4169199864079179409684298532464251586307022912118496235043055728208766412019', 'predexon_id': 'px-z6blo3heazke', 'price': 1.0}]",Miami (Ohio) || SMU,polymarket,,0xc36375b6c51debc72edfe4a626aa4c2f85daf6470f7a1b2ae8c6d0e52b539523,keep,cbb-smu-miaoh-2026-03-18,predexon_polymarket_candidates,,closed,SMU,SMU,Miami (OH),Miami (Ohio),SMU Mustangs vs. Miami (OH) RedHawks,,,97680764462362719807816565271070331344977188616224656081540186712724715324049,4169199864079179409684298532464251586307022912118496235043055728208766412019
,,,"[""14199212569863976541165240497836603109354451747519471965245480949207679185215"", ""65503641970158136703516259292243467669354193972901151416267326116001014725196""]",,0x891e9e5612fb38538cfc8e972e8298f51112d78817f73fbfa73d55f5a2a9b477,,298026,cbb-stjohn-duke-2026-03-27,St. John's Red Storm vs. Duke Blue Devils,both_mm,Saint John's vs Duke,,,1686946,game_winner,"[{'label': ""St. John's Red Storm"", 'token_id': '14199212569863976541165240497836603109354451747519471965245480949207679185215', 'predexon_id': 'px-lbzzhljiojs4', 'price': 0.0}, {'label': 'Duke Blue Devils', 'token_id': '65503641970158136703516259292243467669354193972901151416267326116001014725196', 'predexon_id': 'px-djpahbjzli3w', 'price': 1.0}]",Duke || Saint John's,polymarket,,0xe844ff32303e7dfacf3215b098c99fb61572b06a293b8487bd36653cf206d36c,keep,cbb-stjohn-duke-2026-03-27,predexon_polymarket_candidates,,closed,St. John's,Saint John's,Duke,Duke,St. John's Red Storm vs. Duke Blue Devils,,,14199212569863976541165240497836603109354451747519471965245480949207679185215,65503641970158136703516259292243467669354193972901151416267326116001014725196
,,,"[""48068488443929504799541214060128349541428360301712650373263604966011388230686"", ""73540916657698057460080250711463737886661802002626636307453497280366356175445""]",,0x4894a87bf837238e58bba3768d046a053946bc54fd8c800f7cd2a561f1796977,,291890,cbb-stjohn-kan-2026-03-22,St. John's Red Storm vs. Kansas Jayhawks,both_mm,Saint John's vs Kansas,,,1668979,game_winner,"[{'label': ""St. John's Red Storm"", 'token_id': '48068488443929504799541214060128349541428360301712650373263604966011388230686', 'predexon_id': 'px-5b563647iqdw', 'price': 1.0}, {'label': 'Kansas Jayhawks', 'token_id': '73540916657698057460080250711463737886661802002626636307453497280366356175445', 'predexon_id': 'px-oj644jec4eyt', 'price': 0.0}]",Kansas || Saint John's,polymarket,,0x239d5756b2d6978c3feae500edaf33c351e3cd939698f2ae97318a96fb69dc39,keep,cbb-stjohn-kan-2026-03-22,predexon_polymarket_candidates,,closed,St. John's,Saint John's,Kansas,Kansas,St. John's Red Storm vs. Kansas Jayhawks,,,48068488443929504799541214060128349541428360301712650373263604966011388230686,73540916657698057460080250711463737886661802002626636307453497280366356175445
,,,"[""32383763199294923318526347312242993888949003428719061559136080445195605493642"", ""54034530941382088240057378429034130481256150294287711254662539979606717652302""]",,0xec0aab1943dd221b8c07506b4bf6d8c8241db46be9df6c0939f42d77d8e9e957,,274166,cbb-stlou-ga-2026-03-19,Saint Louis Billikens vs. Georgia Bulldogs,both_mm,Saint Louis vs Georgia,,,1602028,game_winner,"[{'label': 'Saint Louis Billikens', 'token_id': '32383763199294923318526347312242993888949003428719061559136080445195605493642', 'predexon_id': 'px-5e4xwtqetjsw', 'price': 1.0}, {'label': 'Georgia Bulldogs', 'token_id': '54034530941382088240057378429034130481256150294287711254662539979606717652302', 'predexon_id': 'px-47vjc4tsnppx', 'price': 0.0}]",Georgia || Saint Louis,polymarket,,0x17174995f6dfc06f2ab331d7042642afd2d25dbd53501bac96a1f6ef26a8fba8,keep,cbb-stlou-ga-2026-03-19,predexon_polymarket_candidates,,closed,Saint Louis,Saint Louis,Georgia,Georgia,Saint Louis Billikens vs. Georgia Bulldogs,,,32383763199294923318526347312242993888949003428719061559136080445195605493642,54034530941382088240057378429034130481256150294287711254662539979606717652302
,,,"[""90165392354287523194649928276156650853679653157996853313489593575944678845533"", ""93482529882228198401028054832708894775854664220478672633036348991274461494423""]",,0xbfe7802ee83008e9c2b425c3a014f21203f15dc948af16e15ac6d282cbe3ce54,,288555,cbb-stlou-mich-2026-03-21,Saint Louis Billikens vs. Michigan Wolverines,both_mm,Saint Louis vs Michigan,,,1659144,game_winner,"[{'label': 'Saint Louis Billikens', 'token_id': '90165392354287523194649928276156650853679653157996853313489593575944678845533', 'predexon_id': 'px-d4d5ut7g3wtr', 'price': 0.0}, {'label': 'Michigan Wolverines', 'token_id': '93482529882228198401028054832708894775854664220478672633036348991274461494423', 'predexon_id': 'px-g64tm7m4uzvh', 'price': 1.0}]",Michigan || Saint Louis,polymarket,,0x332416172c18ba5f729f9a9bb7f8ab908904ef7cc8b5c62ab40650fe426c5b0b,keep,cbb-stlou-mich-2026-03-21,predexon_polymarket_candidates,,closed,Saint Louis,Saint Louis,Michigan,Michigan,Saint Louis Billikens vs. Michigan Wolverines,,,90165392354287523194649928276156650853679653157996853313489593575944678845533,93482529882228198401028054832708894775854664220478672633036348991274461494423
,,,"[""26879357605581648552030763042288008630825370418236877925670628276238616411768"", ""90576790101411314186358099588684245267465903531290573999378152746429050365668""]",,0x65933c93527508665229e5d49cd68907731f92e46f02672b02160504f4d111f4,,287720,cbb-tcu-duke-2026-03-21,TCU Horned Frogs vs. Duke Blue Devils,both_mm,TCU vs Duke,,,1656244,game_winner,"[{'label': 'TCU Horned Frogs', 'token_id': '26879357605581648552030763042288008630825370418236877925670628276238616411768', 'predexon_id': 'px-houfojzq3vmd', 'price': 0.0}, {'label': 'Duke Blue Devils', 'token_id': '90576790101411314186358099588684245267465903531290573999378152746429050365668', 'predexon_id': 'px-5qcmsqmshylb', 'price': 1.0}]",Duke || TCU,polymarket,,0x09c160b984407340366f7fc2098561b00584a011eb2b2efd57503f676ae5fc18,keep,cbb-tcu-duke-2026-03-21,predexon_polymarket_candidates,,closed,TCU,TCU,Duke,Duke,TCU Horned Frogs vs. Duke Blue Devils,,,26879357605581648552030763042288008630825370418236877925670628276238616411768,90576790101411314186358099588684245267465903531290573999378152746429050365668
,,,"[""58726589905511844388202427084789336286370979148438729614953611254856096987951"", ""25041790120082913142830289704554002065922685936030849614487780676957407176862""]",,0xd5cfd04e025af43806274ae2bee1e5559f529661f663cea5e1307d7b287159e9,,274180,cbb-tcu-ohiost-2026-03-19,TCU Horned Frogs vs. Ohio State Buckeyes,both_mm,TCU vs Ohio State,,,1602122,game_winner,"[{'label': 'TCU Horned Frogs', 'token_id': '58726589905511844388202427084789336286370979148438729614953611254856096987951', 'predexon_id': 'px-u222ueludwde', 'price': 1.0}, {'label': 'Ohio State Buckeyes', 'token_id': '25041790120082913142830289704554002065922685936030849614487780676957407176862', 'predexon_id': 'px-goc4fi4v2hqw', 'price': 0.0}]",Ohio State || TCU,polymarket,,0xf58bf27bb5739468d3bdf9a27b19badc769f055933d9cc372403013bf27df895,keep,cbb-tcu-ohiost-2026-03-19,predexon_polymarket_candidates,,closed,TCU,TCU,Ohio State,Ohio State,TCU Horned Frogs vs. Ohio State Buckeyes,,,58726589905511844388202427084789336286370979148438729614953611254856096987951,25041790120082913142830289704554002065922685936030849614487780676957407176862
,,,"[""81438783150792244592328715427303188623453352675284541060677928493725012936568"", ""61556323625927994597831200744068971396152002448048596884917011307398621797080""]",,0x8cdf3e7e2322abce8d841b8aae3b1e771a2a2ca1b614a6fd33ef15ee51339609,,298187,cbb-tenn-iowast-2026-03-27,Tennessee Volunteers vs. Iowa State Cyclones,both_mm,Tennessee vs Iowa State,,,1687407,game_winner,"[{'label': 'Tennessee Volunteers', 'token_id': '81438783150792244592328715427303188623453352675284541060677928493725012936568', 'predexon_id': 'px-5reiyocbbnp7', 'price': 1.0}, {'label': 'Iowa State Cyclones', 'token_id': '61556323625927994597831200744068971396152002448048596884917011307398621797080', 'predexon_id': 'px-7vrl55amn6ui', 'price': 0.0}]",Iowa State || Tennessee,polymarket,,0x448088e736697a6a6383284ac1fede318976b9d5b47f0b26792fad3f7c8d0c5e,keep,cbb-tenn-iowast-2026-03-27,predexon_polymarket_candidates,,closed,Tennessee,Tennessee,Iowa State,Iowa State,Tennessee Volunteers vs. Iowa State Cyclones,,,81438783150792244592328715427303188623453352675284541060677928493725012936568,61556323625927994597831200744068971396152002448048596884917011307398621797080
,,,"[""38270319123152843205098182777000811952867137000088242401497131724947492137518"", ""105278187806685685933304179338923355514496559527653929275691384228130622782983""]",,0x04c64749c64db8d88d768e40030a205d310e9ff246be1d5e4117b5d23c73ec0c,,316514,cbb-tenn-mich-2026-03-29,Tennessee Volunteers vs. Michigan Wolverines,both_mm,Tennessee vs Michigan,,,1753593,game_winner,"[{'label': 'Tennessee Volunteers', 'token_id': '38270319123152843205098182777000811952867137000088242401497131724947492137518', 'predexon_id': 'px-usf444u3ykuf', 'price': 0.0}, {'label': 'Michigan Wolverines', 'token_id': '105278187806685685933304179338923355514496559527653929275691384228130622782983', 'predexon_id': 'px-izszmcbn6ftd', 'price': 1.0}]",Michigan || Tennessee,polymarket,,0x99a977dd73343c0a97ec958e051e81dc845b4dd1c911e5db0d0b8c5924f30622,keep,cbb-tenn-mich-2026-03-29,predexon_polymarket_candidates,,closed,Tennessee,Tennessee,Michigan,Michigan,Tennessee Volunteers vs. Michigan Wolverines,,,38270319123152843205098182777000811952867137000088242401497131724947492137518,105278187806685685933304179338923355514496559527653929275691384228130622782983
,,,"[""79432783456740199807436637213656588485985881010883556172124756172711055370651"", ""75689244959277898341236032211117274245139122622096460977873312394709590336595""]",,0xde5ff3427dcc8f53e95d9825721b011458b657837033a6237dc3cfc99777e827,,291079,cbb-tenn-vir-2026-03-22,Tennessee Volunteers vs. Virginia Cavaliers,both_mm,Tennessee vs Virginia,,,1666732,game_winner,"[{'label': 'Tennessee Volunteers', 'token_id': '79432783456740199807436637213656588485985881010883556172124756172711055370651', 'predexon_id': 'px-cysrh7y5sknk', 'price': 1.0}, {'label': 'Virginia Cavaliers', 'token_id': '75689244959277898341236032211117274245139122622096460977873312394709590336595', 'predexon_id': 'px-x24d5q75uwyh', 'price': 0.0}]",Tennessee || Virginia,polymarket,,0xf63cc5d64611648ed471a4ecf5bd44bf0a849fe452d7731403b91e77e8ecae1b,keep,cbb-tenn-vir-2026-03-22,predexon_polymarket_candidates,,closed,Tennessee,Tennessee,Virginia,Virginia,Tennessee Volunteers vs. Virginia Cavaliers,,,79432783456740199807436637213656588485985881010883556172124756172711055370651,75689244959277898341236032211117274245139122622096460977873312394709590336595
,,,"[""106379933779189809997557022850346241785693092980229872748435283820869564326293"", ""15361374646856139721451799607802854417212524597994881086242204503144690018491""]",,0xbaf047ab6a52b0e9aced1992db768df80b0754d465b838b166c865493f05da2f,,274188,cbb-tenst-iowast-2026-03-20,Tennessee State Tigers vs. Iowa State Cyclones,both_mm,Tennessee State vs Iowa State,,,1602225,game_winner,"[{'label': 'Tennessee State Tigers', 'token_id': '106379933779189809997557022850346241785693092980229872748435283820869564326293', 'predexon_id': 'px-y2lu5vt5zvta', 'price': 0.0}, {'label': 'Iowa State Cyclones', 'token_id': '15361374646856139721451799607802854417212524597994881086242204503144690018491', 'predexon_id': 'px-jel3ngpcd2pt', 'price': 1.0}]",Iowa State || Tennessee State,polymarket,,0x2c275ead4bbd81210c58cf8ed44538003d16a4e5a582870eef2145293391eef2,keep,cbb-tenst-iowast-2026-03-20,predexon_polymarket_candidates,,closed,Tennessee State,Tennessee State,Iowa State,Iowa State,Tennessee State Tigers vs. Iowa State Cyclones,,,106379933779189809997557022850346241785693092980229872748435283820869564326293,15361374646856139721451799607802854417212524597994881086242204503144690018491
,,,"[""80810714672043284616189902688902461642461585417319452148317611867440273475731"", ""19479209520004940063501991674781214211770588985790924610744570565755346573653""]",,0xd789e496b7955b5fc4be88f2d20712c9759b84ddf405f0745aac6ca97e767de3,,274172,cbb-troy-nebr-2026-03-19,Troy Trojans vs. Nebraska Cornhuskers,both_mm,Troy vs Nebraska,,,1602035,game_winner,"[{'label': 'Troy Trojans', 'token_id': '80810714672043284616189902688902461642461585417319452148317611867440273475731', 'predexon_id': 'px-nhfwna2mus3g', 'price': 0.0}, {'label': 'Nebraska Cornhuskers', 'token_id': '19479209520004940063501991674781214211770588985790924610744570565755346573653', 'predexon_id': 'px-x7f5kgd34u37', 'price': 1.0}]",Nebraska || Troy,polymarket,,0x8b7453f753fff9cd819a9f375c3dd1b5b0e593d75842d5d6dbf753a8d73b9a6e,keep,cbb-troy-nebr-2026-03-19,predexon_polymarket_candidates,,closed,Troy,Troy,Nebraska,Nebraska,Troy Trojans vs. Nebraska Cornhuskers,,,80810714672043284616189902688902461642461585417319452148317611867440273475731,19479209520004940063501991674781214211770588985790924610744570565755346573653
,,,"[""63144697917848800663609672106238138655373294816083771082590443598632261330916"", ""88542796149786091913005525806296832252690824331219054946071533506958276686074""]",,0x70c04e13e2fc0cd73a35b736954537f01d8854e9d57ce62312a06b5c05350518,,284349,cbb-tx-byu-2026-03-19,Texas Longhorns vs. BYU Cougars,both_mm,Texas vs BYU,,,1644201,game_winner,"[{'label': 'Texas Longhorns', 'token_id': '63144697917848800663609672106238138655373294816083771082590443598632261330916', 'predexon_id': 'px-nfl2h7vdvmil', 'price': 1.0}, {'label': 'BYU Cougars', 'token_id': '88542796149786091913005525806296832252690824331219054946071533506958276686074', 'predexon_id': 'px-kuk7cveey72l', 'price': 0.0}]",BYU || Texas,polymarket,,0xc8093478c6ee803f971ed8337c0ae90214f6698e0482c1f8b57926ab124ac576,keep,cbb-tx-byu-2026-03-19,predexon_polymarket_candidates,,closed,Texas,Texas,BYU,BYU,Texas Longhorns vs. BYU Cougars,,,63144697917848800663609672106238138655373294816083771082590443598632261330916,88542796149786091913005525806296832252690824331219054946071533506958276686074
,,,"[""1577792797885483215981800009927807088450732941256357501211184144368773181914"", ""55259781684403218117288564174975779946821753193814610955413089191234400828127""]",,0xbbb0e9aa6c87f1ebfb3636615c7b6f7ec69c78dfa4c1b2f2f4f77ccd3512d84c,,288556,cbb-tx-gnzg-2026-03-21,Texas Longhorns vs. Gonzaga Bulldogs,both_mm,Texas vs Gonzaga,,,1659161,game_winner,"[{'label': 'Texas Longhorns', 'token_id': '1577792797885483215981800009927807088450732941256357501211184144368773181914', 'predexon_id': 'px-75ez5ghrapcb', 'price': 1.0}, {'label': 'Gonzaga Bulldogs', 'token_id': '55259781684403218117288564174975779946821753193814610955413089191234400828127', 'predexon_id': 'px-b5afqzppm7z3', 'price': 0.0}]",Gonzaga || Texas,polymarket,,0x0ab33de97cb8d1575d9ae9d922a48a0295f05ca10434cb72d0cfd0be7fd49ab7,keep,cbb-tx-gnzg-2026-03-21,predexon_polymarket_candidates,,closed,Texas,Texas,Gonzaga,Gonzaga,Texas Longhorns vs. Gonzaga Bulldogs,,,1577792797885483215981800009927807088450732941256357501211184144368773181914,55259781684403218117288564174975779946821753193814610955413089191234400828127
,,,"[""39223504527462038575405867651841624516940270580793639574399176355422116610922"", ""107907338415976933532550388925205335990876677187021977689507641894936360729790""]",,0xeb2456400fb4d6de5f8bf556449b86880cf4fba96291d4d1bd9158e8f62e9020,,297325,cbb-tx-pur-2026-03-26,Texas Longhorns vs. Purdue Boilermakers,both_mm,Texas vs Purdue,,,1684991,game_winner,"[{'label': 'Texas Longhorns', 'token_id': '39223504527462038575405867651841624516940270580793639574399176355422116610922', 'predexon_id': 'px-hmej5exrlsx7', 'price': 0.0}, {'label': 'Purdue Boilermakers', 'token_id': '107907338415976933532550388925205335990876677187021977689507641894936360729790', 'predexon_id': 'px-f6eo5aqtmdh6', 'price': 1.0}]",Purdue || Texas,polymarket,,0xeadff75345bfe0bc2233d88144cfbcd49748c947a4a34f8cf8a05b8c10e3f94d,keep,cbb-tx-pur-2026-03-26,predexon_polymarket_candidates,,closed,Texas,Texas,Purdue,Purdue,Texas Longhorns vs. Purdue Boilermakers,,,39223504527462038575405867651841624516940270580793639574399176355422116610922,107907338415976933532550388925205335990876677187021977689507641894936360729790
,,,"[""76730553471439620740396579918690110886594742882933608769279596427680243804650"", ""84141737425022751206939249934110894478951350188759069595093607906058588749206""]",,0x9c61c6cf2cafa7f667ef51c7e10ef29fa9bfa0b7a620cc7fcbe81694123a29dc,,288557,cbb-txam-hou-2026-03-21,Texas A&M Aggies vs. Houston Cougars,both_mm,Texas A&M vs Houston,,,1659175,game_winner,"[{'label': 'Texas A&M Aggies', 'token_id': '76730553471439620740396579918690110886594742882933608769279596427680243804650', 'predexon_id': 'px-wtv25jmjksld', 'price': 0.0}, {'label': 'Houston Cougars', 'token_id': '84141737425022751206939249934110894478951350188759069595093607906058588749206', 'predexon_id': 'px-f7qkniywpopn', 'price': 1.0}]",Houston || Texas A&M,polymarket,,0x6fe8baa66182e127a67c366f1dc134c941672c552259fbf52f474cd7f0ac567b,keep,cbb-txam-hou-2026-03-21,predexon_polymarket_candidates,,closed,Texas A&M,Texas A&M,Houston,Houston,Texas A&M Aggies vs. Houston Cougars,,,76730553471439620740396579918690110886594742882933608769279596427680243804650,84141737425022751206939249934110894478951350188759069595093607906058588749206
1.0,,,"[""105762781628898089029582560551473093466427670167883803785334513336753998221944"", ""53033511085124805981399975297553063209712114340038544865571483069211885971492""]",1.0,0x3d2d3d25ed175592f709cadcc9afb488d0445ba906aab282d4e0f2f553752991,2026-03-19T04:00:00Z,274176,cbb-txam-stmry-2026-03-19,Texas A&M Aggies vs. Saint Mary's Gaels,,Texas A&M vs Saint Mary's,,,1602082,game_winner,"[""Texas A&M Aggies"", ""Saint Mary's Gaels""]",Saint Mary's || Texas A&M,polymarket,Texas A&M Aggies vs. Saint Mary's Gaels,0xd413ed25e0cd90ec45a63e5afa18b38a59ae9ea5b92ad259d3f6aad978beec50,,cbb-txam-stmry-2026-03-19,polymarket_gamma_slug,2026-03-15T23:05:37.90739Z,,Texas A&M,Texas A&M,Saint Mary's,Saint Mary's,Texas A&M Aggies vs. Saint Mary's Gaels,,,105762781628898089029582560551473093466427670167883803785334513336753998221944,53033511085124805981399975297553063209712114340038544865571483069211885971492
,,,"[""59225215309188916427944200110830336195483543653081163898421203368708527905722"", ""112201305494939841914583054299554432971828381305109997042373499077388134270274""]",,0x261619a081b347ff183cc4b315647ee98e6645552f65bbeffe15cc83a9d07d26,,290926,cbb-txtech-ala-2026-03-22,Texas Tech Red Raiders vs. Alabama Crimson Tide,both_mm,Texas Tech vs Alabama,,,1665981,game_winner,"[{'label': 'Texas Tech Red Raiders', 'token_id': '59225215309188916427944200110830336195483543653081163898421203368708527905722', 'predexon_id': 'px-pxfscunf2hie', 'price': 0.0}, {'label': 'Alabama Crimson Tide', 'token_id': '112201305494939841914583054299554432971828381305109997042373499077388134270274', 'predexon_id': 'px-qtwtp4cqeopn', 'price': 1.0}]",Alabama || Texas Tech,polymarket,,0xb9750cb1ae68766decae95a1f0d9720afe0b876710e1a5862a801f90cce67a9b,keep,cbb-txtech-ala-2026-03-22,predexon_polymarket_candidates,,closed,Texas Tech,Texas Tech,Alabama,Alabama,Texas Tech Red Raiders vs. Alabama Crimson Tide,,,59225215309188916427944200110830336195483543653081163898421203368708527905722,112201305494939841914583054299554432971828381305109997042373499077388134270274
,,,"[""44175692827423386018808759351831397402512273431986287466254929610176446350297"", ""36778846944862813523381910724027804421084710594560204076855462226610146346771""]",,0x119fa68324e678cca6d822d919e10738884c7e26b8e4ff4e5756d5fc6b5ceae4,,274197,cbb-ucf-ucla-2026-03-20,UCF Knights vs. UCLA Bruins,both_mm,UCF vs UCLA,,,1602250,game_winner,"[{'label': 'UCF Knights', 'token_id': '44175692827423386018808759351831397402512273431986287466254929610176446350297', 'predexon_id': 'px-o4of2sjdezk7', 'price': 0.0}, {'label': 'UCLA Bruins', 'token_id': '36778846944862813523381910724027804421084710594560204076855462226610146346771', 'predexon_id': 'px-pqkt6gw6n4as', 'price': 1.0}]",UCF || UCLA,polymarket,,0x1cb0e71a81f4351dc8984a789b70070976a9d8ce62b68e3a3b81965053b21948,keep,cbb-ucf-ucla-2026-03-20,predexon_polymarket_candidates,,closed,UCF,UCF,UCLA,UCLA,UCF Knights vs. UCLA Bruins,,,44175692827423386018808759351831397402512273431986287466254929610176446350297,36778846944862813523381910724027804421084710594560204076855462226610146346771
,,,"[""84615354223448887296584412991783208718857888363337060090533647785527303709181"", ""86169909339243367001201174256105082611316917935576519594705243844553368433154""]",,0x73e113c0ee7a5deb0b44532620e9ecb49fd718a39d53ed6441d66785eb6e99aa,,291891,cbb-ucla-uconn-2026-03-22,UCLA Bruins vs. Connecticut Huskies,both_mm,UCLA vs UConn,,,1668985,game_winner,"[{'label': 'UCLA Bruins', 'token_id': '84615354223448887296584412991783208718857888363337060090533647785527303709181', 'predexon_id': 'px-mqru2lytwgpu', 'price': 0.0}, {'label': 'Connecticut Huskies', 'token_id': '86169909339243367001201174256105082611316917935576519594705243844553368433154', 'predexon_id': 'px-xr27jdksdwx2', 'price': 1.0}]",UCLA || UConn,polymarket,,0x62c1f704664160c65b611dad69d13cee080a2d754e25bb325a217e42d273047b,keep,cbb-ucla-uconn-2026-03-22,predexon_polymarket_candidates,,closed,UCLA,UCLA,UConn,UConn,UCLA Bruins vs. Connecticut Huskies,,,84615354223448887296584412991783208718857888363337060090533647785527303709181,86169909339243367001201174256105082611316917935576519594705243844553368433154
,,,"[""8577032136881929388708099817995040432785894255725039905164568455169614229585"", ""43593107886932819109020400566438799290423163745116636294528838097575046355347""]",,0x87254ca39f82f1fdef981066710fb49904e86358bcf1ed9a4e05e4558d665329,,316520,cbb-uconn-duke-2026-03-29,Connecticut Huskies vs. Duke Blue Devils,both_mm,UConn vs Duke,,,1753632,game_winner,"[{'label': 'Connecticut Huskies', 'token_id': '8577032136881929388708099817995040432785894255725039905164568455169614229585', 'predexon_id': 'px-it22gtbuln2g', 'price': 1.0}, {'label': 'Duke Blue Devils', 'token_id': '43593107886932819109020400566438799290423163745116636294528838097575046355347', 'predexon_id': 'px-tojsd6hztxbl', 'price': 0.0}]",Duke || UConn,polymarket,,0x52095cef23761fcd9bae0c8b1c74605a25560b475c47feeac2d06506921132df,keep,cbb-uconn-duke-2026-03-29,predexon_polymarket_candidates,,closed,UConn,UConn,Duke,Duke,Connecticut Huskies vs. Duke Blue Devils,,,8577032136881929388708099817995040432785894255725039905164568455169614229585,43593107886932819109020400566438799290423163745116636294528838097575046355347
,,,"[""106447153859732581858501981152769526846682415971322752215765883552796092631383"", ""23687598488518037874835412353696130311925096871264558838732323936801045523249""]",,0xf01f219b5c84dedd842fc94649d82cd4c84f4c74109346692814f558b8cd3025,,323402,cbb-uconn-ill-2026-04-04,Connecticut Huskies vs. Illinois Fighting Illini,both_mm,UConn vs Illinois,,,1784570,game_winner,"[{'label': 'Connecticut Huskies', 'token_id': '106447153859732581858501981152769526846682415971322752215765883552796092631383', 'predexon_id': 'px-6f5zcid2b5zn', 'price': 1.0}, {'label': 'Illinois Fighting Illini', 'token_id': '23687598488518037874835412353696130311925096871264558838732323936801045523249', 'predexon_id': 'px-xa6ge3q6pvf2', 'price': 0.0}]",Illinois || UConn,polymarket,,0x448cf13487f27abce2de5dd20ccb91cb51410b466ff55d0a383a3811ec9e9dc0,keep,cbb-uconn-ill-2026-04-04,predexon_polymarket_candidates,,closed,UConn,UConn,Illinois,Illinois,Connecticut Huskies vs. Illinois Fighting Illini,,,106447153859732581858501981152769526846682415971322752215765883552796092631383,23687598488518037874835412353696130311925096871264558838732323936801045523249
,,,"[""106835441094642582801122285126149616387749979702191656932784360399475246264933"", ""62842042785743490397211988444069260738000303526828329676358489810280124946262""]",,0x3ca7c5f72d4a52a88d1f5f5fec3bb83f2baae505884d4a98e18c524f808e6dbe,,345340,cbb-uconn-mich-2026-04-06,Connecticut Huskies vs. Michigan Wolverines,both_mm,UConn vs Michigan,,,1871367,game_winner,"[{'label': 'Connecticut Huskies', 'token_id': '106835441094642582801122285126149616387749979702191656932784360399475246264933', 'predexon_id': 'px-hzqemcr2lx3c', 'price': 0.0}, {'label': 'Michigan Wolverines', 'token_id': '62842042785743490397211988444069260738000303526828329676358489810280124946262', 'predexon_id': 'px-tkpt2mx37otr', 'price': 1.0}]",Michigan || UConn,polymarket,,0xd2328174489f20e37d8ead627039dca2471b0f0a63f0c8379f9d978b9ccc35f1,keep,cbb-uconn-mich-2026-04-06,predexon_polymarket_candidates,,closed,UConn,UConn,Michigan,Michigan,Connecticut Huskies vs. Michigan Wolverines,,,106835441094642582801122285126149616387749979702191656932784360399475246264933,62842042785743490397211988444069260738000303526828329676358489810280124946262
,,,"[""46703831511144853322217927511021257764912282700164554487900917485358271749870"", ""47744761168882236169688525110713011387653391771351137104949432404737999128531""]",,0x04d3fa4e4550bb9d5f230eff9a6f2f27e0c9da6a54ac0d70687a1987918a914f,,290929,cbb-uk-iowast-2026-03-22,Kentucky Wildcats vs. Iowa State Cyclones,both_mm,Kentucky vs Iowa State,,,1665984,game_winner,"[{'label': 'Kentucky Wildcats', 'token_id': '46703831511144853322217927511021257764912282700164554487900917485358271749870', 'predexon_id': 'px-ikbaz5lfmcd4', 'price': 0.0}, {'label': 'Iowa State Cyclones', 'token_id': '47744761168882236169688525110713011387653391771351137104949432404737999128531', 'predexon_id': 'px-nkxrefj4apoe', 'price': 1.0}]",Iowa State || Kentucky,polymarket,,0x57701e48e33cc26c125fe91f44baf4cc8d50084547d53a61ab12393076b865b6,keep,cbb-uk-iowast-2026-03-22,predexon_polymarket_candidates,,closed,Kentucky,Kentucky,Iowa State,Iowa State,Kentucky Wildcats vs. Iowa State Cyclones,,,46703831511144853322217927511021257764912282700164554487900917485358271749870,47744761168882236169688525110713011387653391771351137104949432404737999128531
,,,"[""97375804516138919402368296257548460708782641123645973538856878198805504642693"", ""36807159030821860432748331861018561546226753937211485581292983482466573301303""]",,0xd7313599d51c113b0101ffb4405dd6a788744a96bb5e405c6317d4a11b4f3904,,291081,cbb-utahst-arz-2026-03-22,Utah State Aggies vs. Arizona Wildcats,both_mm,Utah State vs Arizona,,,1666743,game_winner,"[{'label': 'Utah State Aggies', 'token_id': '97375804516138919402368296257548460708782641123645973538856878198805504642693', 'predexon_id': 'px-q3otk5yxxm63', 'price': 0.0}, {'label': 'Arizona Wildcats', 'token_id': '36807159030821860432748331861018561546226753937211485581292983482466573301303', 'predexon_id': 'px-ztc4k4f6pq2h', 'price': 1.0}]",Arizona || Utah State,polymarket,,0x502105f23af3ad66e4182f4b44f3f274410fb87e2a60418a28352095efd4cf3d,keep,cbb-utahst-arz-2026-03-22,predexon_polymarket_candidates,,closed,Utah State,Utah State,Arizona,Arizona,Utah State Aggies vs. Arizona Wildcats,,,97375804516138919402368296257548460708782641123645973538856878198805504642693,36807159030821860432748331861018561546226753937211485581292983482466573301303
,,,"[""106391806073421269485399607017664717821798955311962642998032514744839702135961"", ""46384102915573339305724199265524140011696420022552417964812284208185711469680""]",,0x04c0c842f89da867ca8d60ece716f2a3978dabefae64d9bf4e55455146596cb0,,274191,cbb-utahst-vill-2026-03-20,Utah State Aggies vs. Villanova Wildcats,both_mm,Utah State vs Villanova,,,1602244,game_winner,"[{'label': 'Utah State Aggies', 'token_id': '106391806073421269485399607017664717821798955311962642998032514744839702135961', 'predexon_id': 'px-wdzuhxw3msfz', 'price': 1.0}, {'label': 'Villanova Wildcats', 'token_id': '46384102915573339305724199265524140011696420022552417964812284208185711469680', 'predexon_id': 'px-5xiulqdu4mji', 'price': 0.0}]",Utah State || Villanova,polymarket,,0x3bc0eef1726039b07a19a582094de8395beb2c01821116691a66c421481b0380,keep,cbb-utahst-vill-2026-03-20,predexon_polymarket_candidates,,closed,Utah State,Utah State,Villanova,Villanova,Utah State Aggies vs. Villanova Wildcats,,,106391806073421269485399607017664717821798955311962642998032514744839702135961,46384102915573339305724199265524140011696420022552417964812284208185711469680
,,,"[""13027656152385385014801151306209229460817716615369019610208049271210956912597"", ""96852267261844997378177103689463473646712764952872255706575736326684916279656""]",,0xe9b67ac6c37eafd5d41ea714ab7e471bcb2651d03f217da55fbe7c29a1eedd37,,287719,cbb-vand-nebr-2026-03-21,Vanderbilt Commodores vs. Nebraska Cornhuskers,both_mm,Vanderbilt vs Nebraska,,,1656230,game_winner,"[{'label': 'Vanderbilt Commodores', 'token_id': '13027656152385385014801151306209229460817716615369019610208049271210956912597', 'predexon_id': 'px-2eswggbqwfiv', 'price': 0.0}, {'label': 'Nebraska Cornhuskers', 'token_id': '96852267261844997378177103689463473646712764952872255706575736326684916279656', 'predexon_id': 'px-a7iskd4i44sh', 'price': 1.0}]",Nebraska || Vanderbilt,polymarket,,0x207ea081574d1a26e45090b0d5c6c4945ee3407ea484e2c0ce0ba4ac0c592907,keep,cbb-vand-nebr-2026-03-21,predexon_polymarket_candidates,,closed,Vanderbilt,Vanderbilt,Nebraska,Nebraska,Vanderbilt Commodores vs. Nebraska Cornhuskers,,,13027656152385385014801151306209229460817716615369019610208049271210956912597,96852267261844997378177103689463473646712764952872255706575736326684916279656
,,,"[""101357217774970664179648095576969159019433650191151058706970560053082352053062"", ""96494234806083775187423356670339879704573969510541953625296764312396136868236""]",,0x61edd42d81c809c76b5665e4b30747590ecc51126a4071b3b0cf821d4ae2d9a4,,288392,cbb-vcu-ill-2026-03-21,VCU Rams vs. Illinois Fighting Illini,both_mm,VCU vs Illinois,,,1658763,game_winner,"[{'label': 'VCU Rams', 'token_id': '101357217774970664179648095576969159019433650191151058706970560053082352053062', 'predexon_id': 'px-dcy7e6rlsyon', 'price': 0.0}, {'label': 'Illinois Fighting Illini', 'token_id': '96494234806083775187423356670339879704573969510541953625296764312396136868236', 'predexon_id': 'px-kt5e4mqyaosr', 'price': 1.0}]",Illinois || VCU,polymarket,,0xf1288d44f0c61309d2dc484441d03bb5d69d10e09835e546e0553d0ebd2c9a54,keep,cbb-vcu-ill-2026-03-21,predexon_polymarket_candidates,,closed,VCU,VCU,Illinois,Illinois,VCU Rams vs. Illinois Fighting Illini,,,101357217774970664179648095576969159019433650191151058706970560053082352053062,96494234806083775187423356670339879704573969510541953625296764312396136868236
,,,"[""84007361241758978489330197202827235700289078898880514910472901778979242019662"", ""62722671790005482936206654382262146252373495629515527865660421386850609062191""]",,0xb44d28615f728f279f32cda4ab130f2edbb5dd1b53363a75502aaac06eb502ce,,274174,cbb-vcu-ncar-2026-03-19,VCU Rams vs. North Carolina Tar Heels,both_mm,VCU vs North Carolina,,,1602050,game_winner,"[{'label': 'VCU Rams', 'token_id': '84007361241758978489330197202827235700289078898880514910472901778979242019662', 'predexon_id': 'px-mxlixspnx2ux', 'price': 1.0}, {'label': 'North Carolina Tar Heels', 'token_id': '62722671790005482936206654382262146252373495629515527865660421386850609062191', 'predexon_id': 'px-6qbfy4r5ujwr', 'price': 0.0}]",North Carolina || VCU,polymarket,,0xdc3e9eb7aa7dfc1550e6997f37a7aa66a5c2f79ff008d41ad06fb316b1cd26ae,keep,cbb-vcu-ncar-2026-03-19,predexon_polymarket_candidates,,closed,VCU,VCU,North Carolina,North Carolina,VCU Rams vs. North Carolina Tar Heels,,,84007361241758978489330197202827235700289078898880514910472901778979242019662,62722671790005482936206654382262146252373495629515527865660421386850609062191
,,,"[""14228842199791161545109993213205762244864508348204445269335981533440328077735"", ""81904137712942224530925718360218200018428287086310004986895274303589259848112""]",,0x311ff96f0341afac9ae80022665dd1e1889e2ff8c601e97fd71e903ebd851489,,274186,cbb-wrght-vir-2026-03-20,Wright State Raiders vs. Virginia Cavaliers,both_mm,Wright State vs Virginia,,,1602191,game_winner,"[{'label': 'Wright State Raiders', 'token_id': '14228842199791161545109993213205762244864508348204445269335981533440328077735', 'predexon_id': 'px-zftmgpfixop4', 'price': 0.0}, {'label': 'Virginia Cavaliers', 'token_id': '81904137712942224530925718360218200018428287086310004986895274303589259848112', 'predexon_id': 'px-lantab2naj27', 'price': 1.0}]",Virginia || Wright State,polymarket,,0x31caf88eddd7781a7014031a4663a1140f247fbcc8e4dea359e3e369d9aa761f,keep,cbb-wrght-vir-2026-03-20,predexon_polymarket_candidates,,closed,Wright State,Wright State,Virginia,Virginia,Wright State Raiders vs. Virginia Cavaliers,,,14228842199791161545109993213205762244864508348204445269335981533440328077735,81904137712942224530925718360218200018428287086310004986895274303589259848112
