ticker,event_ticker,market_id,title,yes_subtitle,no_subtitle,status,result,open_time,close_time,expected_expiration_time,settlement_time,determination_time,last_price,volume,open_interest,dollar_volume,dollar_open_interest,event_series_ticker,event_title,event_subtitle,away_team,home_team,game_classification
KXNCAAMBGAME-26MAR17UMBCHOW-HOW,KXNCAAMBGAME-26MAR17UMBCHOW,13e36094-c26e-4f10-b14e-d5ec9f771f04,UMBC at Howard Winner?,Howard,Howard,closed,yes,2026-03-15T23:15:00Z,2026-03-18T00:57:15Z,2026-03-17T20:00:00Z,2026-03-18T01:02:19Z,2026-03-18T00:57:17Z,0.99,7432482,3852382,3716241,1926191,KXNCAAMBGAME,UMBC at Howard,,UMBC,Howard,both_mm
KXNCAAMBGAME-26MAR17UMBCHOW-UMBC,KXNCAAMBGAME-26MAR17UMBCHOW,3c6e9cd9-9b4d-4aca-9bf7-1f20b61e93d6,UMBC at Howard Winner?,UMBC,UMBC,closed,no,2026-03-15T23:15:00Z,2026-03-18T00:57:15Z,2026-03-17T20:00:00Z,2026-03-18T01:02:19Z,2026-03-18T00:57:17Z,0.01,11934368,6713910,5967184,3356955,KXNCAAMBGAME,UMBC at Howard,,UMBC,Howard,both_mm
KXNCAAMBGAME-26MAR18PVLEH-LEH,KXNCAAMBGAME-26MAR18PVLEH,9eda2215-3527-4665-9a3c-99d5deeff310,Prairie View A&M at Lehigh Winner?,Lehigh,Lehigh,closed,no,2026-03-15T23:15:00Z,2026-03-19T00:46:02Z,2026-03-18T20:00:00Z,2026-03-19T00:51:11Z,2026-03-19T00:46:04Z,0.01,8466460,4589734,4233230,2294867,KXNCAAMBGAME,Prairie View A&M at Lehigh,,Prairie View A&M,Lehigh,both_mm
KXNCAAMBGAME-26MAR18PVLEH-PV,KXNCAAMBGAME-26MAR18PVLEH,1d96af16-ee0c-4341-b75b-9fbbe8ab22fd,Prairie View A&M at Lehigh Winner?,Prairie View A&M,Prairie View A&M,closed,yes,2026-03-15T23:15:00Z,2026-03-19T00:46:02Z,2026-03-18T20:00:00Z,2026-03-19T00:51:11Z,2026-03-19T00:46:04Z,0.99,7633016,3982362,3816508,1991181,KXNCAAMBGAME,Prairie View A&M at Lehigh,,Prairie View A&M,Lehigh,both_mm
KXNCAAMBGAME-26MAR18MOHSMU-MOH,KXNCAAMBGAME-26MAR18MOHSMU,6f477b30-86cf-41e5-bb9c-a6e5990baed8,Miami (OH) at SMU Winner?,Miami (OH),Miami (OH),closed,yes,2026-03-15T23:15:00Z,2026-03-19T03:28:38Z,2026-03-18T20:00:00Z,2026-03-19T03:33:41Z,2026-03-19T03:28:40Z,0.99,20940896,10731168,10470448,5365584,KXNCAAMBGAME,Miami (OH) at SMU,,Miami (Ohio),SMU,both_mm
KXNCAAMBGAME-26MAR18MOHSMU-SMU,KXNCAAMBGAME-26MAR18MOHSMU,864f4273-d897-4efe-815e-f313c304372b,Miami (OH) at SMU Winner?,SMU,SMU,closed,no,2026-03-15T23:15:00Z,2026-03-19T03:28:38Z,2026-03-18T20:00:00Z,2026-03-19T03:33:41Z,2026-03-19T03:28:40Z,0.01,13033260,6844116,6516630,3422058,KXNCAAMBGAME,Miami (OH) at SMU,,Miami (Ohio),SMU,both_mm
KXNCAAMBGAME-26MAR19TCUOSU-OSU,KXNCAAMBGAME-26MAR19TCUOSU,b4ab19ec-50eb-4a4b-bc71-f0bd4834a4f5,TCU at Ohio St. Winner?,Ohio St.,Ohio St.,closed,no,2026-03-15T22:47:00Z,2026-03-19T18:27:39Z,2026-03-19T20:00:00Z,2026-03-19T18:32:51Z,2026-03-19T18:27:41Z,0.01,18241424,8825230,9120712,4412615,KXNCAAMBGAME,TCU at Ohio St.,,TCU,Ohio St.,both_mm
KXNCAAMBGAME-26MAR19TCUOSU-TCU,KXNCAAMBGAME-26MAR19TCUOSU,eb3289bf-0038-4f8a-a95a-d5e56b50b18b,TCU at Ohio St. Winner?,TCU,TCU,closed,yes,2026-03-15T22:47:00Z,2026-03-19T18:27:39Z,2026-03-19T20:00:00Z,2026-03-19T18:32:51Z,2026-03-19T18:27:41Z,0.99,15610154,7931382,7805077,3965691,KXNCAAMBGAME,TCU at Ohio St.,,TCU,Ohio St.,both_mm
KXNCAAMBGAME-26MAR19TROYNEB-NEB,KXNCAAMBGAME-26MAR19TROYNEB,c9a5ca25-922c-4952-8fd1-04c604315514,Troy at Nebraska Winner?,Nebraska,Nebraska,closed,yes,2026-03-15T22:47:00Z,2026-03-19T18:39:27Z,2026-03-19T20:00:00Z,2026-03-19T18:44:31Z,2026-03-19T18:39:29Z,0.99,3294570,2537186,1647285,1268593,KXNCAAMBGAME,Troy at Nebraska,,Troy,Nebraska,both_mm
KXNCAAMBGAME-26MAR19TROYNEB-TROY,KXNCAAMBGAME-26MAR19TROYNEB,5cfcb6a1-1480-46c6-8806-fda2a294e94a,Troy at Nebraska Winner?,Troy,Troy,closed,no,2026-03-15T22:47:00Z,2026-03-19T18:39:27Z,2026-03-19T20:00:00Z,2026-03-19T18:44:31Z,2026-03-19T18:39:29Z,0.01,7079112,5763766,3539556,2881883,KXNCAAMBGAME,Troy at Nebraska,,Troy,Nebraska,both_mm
KXNCAAMBGAME-26MAR19HPWIS-HP,KXNCAAMBGAME-26MAR19HPWIS,7913b49e-0961-4a6d-a97e-292464b224e2,High Point at Wisconsin Winner?,High Point,High Point,closed,yes,2026-03-15T22:47:00Z,2026-03-19T19:54:15Z,2026-03-19T20:00:00Z,2026-03-19T19:59:21Z,2026-03-19T19:54:17Z,0.99,16660156,6812818,8330078,3406409,KXNCAAMBGAME,High Point at Wisconsin,,High Point,Wisconsin,both_mm
KXNCAAMBGAME-26MAR19HPWIS-WIS,KXNCAAMBGAME-26MAR19HPWIS,5545dcff-df32-4ecb-8fce-653c3d2df275,High Point at Wisconsin Winner?,Wisconsin,Wisconsin,closed,no,2026-03-15T22:47:00Z,2026-03-19T19:54:15Z,2026-03-19T20:00:00Z,2026-03-19T19:59:21Z,2026-03-19T19:54:17Z,0.01,10158428,5178852,5079214,2589426,KXNCAAMBGAME,High Point at Wisconsin,,High Point,Wisconsin,both_mm
KXNCAAMBGAME-26MAR19USFLOU-LOU,KXNCAAMBGAME-26MAR19USFLOU,492d913e-e874-407f-91b7-bd34c6bec594,South Florida at Louisville Winner?,Louisville,Louisville,closed,yes,2026-03-15T22:47:00Z,2026-03-19T19:55:58Z,2026-03-19T20:00:00Z,2026-03-19T20:01:01Z,2026-03-19T19:56:00Z,0.99,9570550,4663732,4785275,2331866,KXNCAAMBGAME,South Florida at Louisville,,South Florida,Louisville,both_mm
KXNCAAMBGAME-26MAR19USFLOU-USF,KXNCAAMBGAME-26MAR19USFLOU,d4d1d52d-248e-4270-924a-b126a9d7b817,South Florida at Louisville Winner?,South Florida,South Florida,closed,no,2026-03-15T22:47:00Z,2026-03-19T19:55:58Z,2026-03-19T20:00:00Z,2026-03-19T20:01:01Z,2026-03-19T19:56:00Z,0.01,13318620,6957196,6659310,3478598,KXNCAAMBGAME,South Florida at Louisville,,South Florida,Louisville,both_mm
KXNCAAMBGAME-26MAR19SIEDUKE-DUKE,KXNCAAMBGAME-26MAR19SIEDUKE,b8f5c50c-c791-429d-be5f-a6f46698ef09,Siena at Duke Winner?,Duke,Duke,closed,yes,2026-03-15T22:47:00Z,2026-03-19T21:04:54Z,2026-03-19T20:00:00Z,2026-03-19T21:10:01Z,2026-03-19T21:04:57Z,0.99,22620148,14096174,11310074,7048087,KXNCAAMBGAME,Siena at Duke,,Siena,Duke,both_mm
KXNCAAMBGAME-26MAR19SIEDUKE-SIE,KXNCAAMBGAME-26MAR19SIEDUKE,26fa24b0-2297-4250-8255-9ac5b1958f3a,Siena at Duke Winner?,Siena,Siena,closed,no,2026-03-15T22:47:00Z,2026-03-19T21:04:54Z,2026-03-19T20:00:00Z,2026-03-19T21:10:01Z,2026-03-19T21:04:57Z,0.01,62252656,30709966,31126328,15354983,KXNCAAMBGAME,Siena at Duke,,Siena,Duke,both_mm
KXNCAAMBGAME-26MAR19MCNSVAN-MCNS,KXNCAAMBGAME-26MAR19MCNSVAN,7b9bc7be-5387-4de8-b258-73aeb0b40791,McNeese at Vanderbilt Winner?,McNeese,McNeese,closed,no,2026-03-15T22:47:00Z,2026-03-19T21:25:04Z,2026-03-19T20:00:00Z,2026-03-19T21:31:11Z,2026-03-19T21:26:04Z,0.01,12247630,7574316,6123815,3787158,KXNCAAMBGAME,McNeese at Vanderbilt,,McNeese,Vanderbilt,both_mm
KXNCAAMBGAME-26MAR19MCNSVAN-VAN,KXNCAAMBGAME-26MAR19MCNSVAN,ae774cfc-c78c-4860-8372-118338856797,McNeese at Vanderbilt Winner?,Vanderbilt,Vanderbilt,closed,yes,2026-03-15T22:47:00Z,2026-03-19T21:25:04Z,2026-03-19T20:00:00Z,2026-03-19T21:31:11Z,2026-03-19T21:26:04Z,0.99,7809530,4740880,3904765,2370440,KXNCAAMBGAME,McNeese at Vanderbilt,,McNeese,Vanderbilt,both_mm
KXNCAAMBGAME-26MAR19HAWARK-ARK,KXNCAAMBGAME-26MAR19HAWARK,9c63e30a-03f1-4ecf-947d-6b7e792a2a60,Hawai'i at Arkansas Winner?,Arkansas,Arkansas,closed,yes,2026-03-15T22:47:00Z,2026-03-19T22:41:00Z,2026-03-19T20:00:00Z,2026-03-19T22:47:01Z,2026-03-19T22:41:59Z,0.99,2889138,2521862,1444569,1260931,KXNCAAMBGAME,Hawai'i at Arkansas,,Hawaii,Arkansas,both_mm
KXNCAAMBGAME-26MAR19HAWARK-HAW,KXNCAAMBGAME-26MAR19HAWARK,ed5cb85d-d5b5-4dff-a271-54e876e2daa3,Hawai'i at Arkansas Winner?,Hawai'i,Hawai'i,closed,no,2026-03-15T22:47:00Z,2026-03-19T22:41:00Z,2026-03-19T20:00:00Z,2026-03-19T22:47:01Z,2026-03-19T22:41:59Z,0.01,6622052,5501212,3311026,2750606,KXNCAAMBGAME,Hawai'i at Arkansas,,Hawaii,Arkansas,both_mm
KXNCAAMBGAME-26MAR19NDSUMSU-MSU,KXNCAAMBGAME-26MAR19NDSUMSU,a09b0cbc-b4cd-45d3-9fd0-42439b262b46,North Dakota St. at Michigan St. Winner?,Michigan St.,Michigan St.,closed,yes,2026-03-15T22:47:00Z,2026-03-19T22:43:57Z,2026-03-19T20:00:00Z,2026-03-19T22:49:00Z,2026-03-19T22:43:59Z,0.99,1343510,1164844,671755,582422,KXNCAAMBGAME,North Dakota St. at Michigan St.,,North Dakota St.,Michigan St.,both_mm
KXNCAAMBGAME-26MAR19NDSUMSU-NDSU,KXNCAAMBGAME-26MAR19NDSUMSU,0edf3569-a897-4405-9542-1cf3d6bf39a5,North Dakota St. at Michigan St. Winner?,North Dakota St.,North Dakota St.,closed,no,2026-03-15T22:47:00Z,2026-03-19T22:43:57Z,2026-03-19T20:00:00Z,2026-03-19T22:49:00Z,2026-03-19T22:43:59Z,0.01,4769312,3813204,2384656,1906602,KXNCAAMBGAME,North Dakota St. at Michigan St.,,North Dakota St.,Michigan St.,both_mm
KXNCAAMBGAME-26MAR19VCUUNC-UNC,KXNCAAMBGAME-26MAR19VCUUNC,9640aea2-90b7-4fdc-a901-d22b26a51287,VCU at North Carolina Winner?,North Carolina,North Carolina,closed,no,2026-03-15T22:47:00Z,2026-03-20T01:22:56Z,2026-03-19T20:00:00Z,2026-03-20T01:28:01Z,2026-03-20T01:22:58Z,0.01,23679424,10934458,11839712,5467229,KXNCAAMBGAME,VCU at North Carolina,,VCU,North Carolina,both_mm
KXNCAAMBGAME-26MAR19VCUUNC-VCU,KXNCAAMBGAME-26MAR19VCUUNC,1d5e2d51-0805-4c9d-a7e8-96213161fd5a,VCU at North Carolina Winner?,VCU,VCU,closed,yes,2026-03-15T22:47:00Z,2026-03-20T01:22:56Z,2026-03-19T20:00:00Z,2026-03-20T01:28:01Z,2026-03-20T01:22:58Z,0.99,19345962,7569586,9672981,3784793,KXNCAAMBGAME,VCU at North Carolina,,VCU,North Carolina,both_mm
KXNCAAMBGAME-26MAR19HOWMICH-HOW,KXNCAAMBGAME-26MAR19HOWMICH,393b8e21-5a9e-40ab-a796-6acc8b4b91d4,Howard at Michigan Winner?,Howard,Howard,closed,no,2026-03-18T01:52:00Z,2026-03-20T02:04:48Z,2026-03-20T02:10:00Z,2026-03-20T02:10:51Z,2026-03-20T02:05:47Z,0.01,34886354,26396112,17443177,13198056,KXNCAAMBGAME,Howard at Michigan,,Howard,Michigan,both_mm
KXNCAAMBGAME-26MAR19HOWMICH-MICH,KXNCAAMBGAME-26MAR19HOWMICH,9f82b1b6-3fee-4fce-96e7-3a68a3de12a2,Howard at Michigan Winner?,Michigan,Michigan,closed,yes,2026-03-18T01:52:00Z,2026-03-20T02:04:48Z,2026-03-20T02:10:00Z,2026-03-20T02:10:51Z,2026-03-20T02:05:47Z,0.99,5772370,5019086,2886185,2509543,KXNCAAMBGAME,Howard at Michigan,,Howard,Michigan,both_mm
KXNCAAMBGAME-26MAR19TXAMSMC-SMC,KXNCAAMBGAME-26MAR19TXAMSMC,9a6550df-b567-4a25-9f1e-a90914a35d7e,Texas A&M at Saint Mary's Winner?,Saint Mary's,Saint Mary's,closed,no,2026-03-15T22:47:00Z,2026-03-20T02:15:04Z,2026-03-19T20:00:00Z,2026-03-20T02:21:11Z,2026-03-20T02:16:04Z,0.01,7212210,4125950,3606105,2062975,KXNCAAMBGAME,Texas A&M at Saint Mary's,,Texas A&M,Saint Mary's,both_mm
KXNCAAMBGAME-26MAR19TXAMSMC-TXAM,KXNCAAMBGAME-26MAR19TXAMSMC,60e8a384-86f2-4402-9fdc-ae9d4b0c6d3d,Texas A&M at Saint Mary's Winner?,Texas A&M,Texas A&M,closed,yes,2026-03-15T22:47:00Z,2026-03-20T02:15:04Z,2026-03-19T20:00:00Z,2026-03-20T02:21:11Z,2026-03-20T02:16:04Z,0.99,6558416,3456940,3279208,1728470,KXNCAAMBGAME,Texas A&M at Saint Mary's,,Texas A&M,Saint Mary's,both_mm
KXNCAAMBGAME-26MAR19TEXBYU-BYU,KXNCAAMBGAME-26MAR19TEXBYU,2143cde3-b063-40af-8223-a63cee954d80,Texas at BYU Winner?,BYU,BYU,closed,no,2026-03-18T04:06:00Z,2026-03-20T03:42:11Z,2026-03-20T02:25:00Z,2026-03-20T03:47:21Z,2026-03-20T03:42:13Z,0.01,20013830,10594938,10006915,5297469,KXNCAAMBGAME,Texas at BYU,,Texas,BYU,both_mm
KXNCAAMBGAME-26MAR19TEXBYU-TEX,KXNCAAMBGAME-26MAR19TEXBYU,07ed9824-568c-45c7-b7c8-a53c178223d6,Texas at BYU Winner?,Texas,Texas,closed,yes,2026-03-18T04:06:00Z,2026-03-20T03:42:11Z,2026-03-20T02:25:00Z,2026-03-20T03:47:21Z,2026-03-20T03:42:13Z,0.99,13114724,6992788,6557362,3496394,KXNCAAMBGAME,Texas at BYU,,Texas,BYU,both_mm
KXNCAAMBGAME-26MAR19PENNILL-ILL,KXNCAAMBGAME-26MAR19PENNILL,a7b6ba1c-c00e-41b7-841d-58333ad4924c,Penn at Illinois Winner?,Illinois,Illinois,closed,yes,2026-03-15T22:47:00Z,2026-03-20T04:22:32Z,2026-03-19T20:00:00Z,2026-03-20T04:27:41Z,2026-03-20T04:22:35Z,0.99,4180202,3269226,2090101,1634613,KXNCAAMBGAME,Penn at Illinois,,Penn,Illinois,both_mm
KXNCAAMBGAME-26MAR19PENNILL-PENN,KXNCAAMBGAME-26MAR19PENNILL,9cf82c0c-a951-4287-acab-379e334023fa,Penn at Illinois Winner?,Penn,Penn,closed,no,2026-03-15T22:47:00Z,2026-03-20T04:22:32Z,2026-03-19T20:00:00Z,2026-03-20T04:27:41Z,2026-03-20T04:22:35Z,0.01,23747424,18882710,11873712,9441355,KXNCAAMBGAME,Penn at Illinois,,Penn,Illinois,both_mm
KXNCAAMBGAME-26MAR19SLUUGA-SLU,KXNCAAMBGAME-26MAR19SLUUGA,dfe2c409-7b84-4c40-a0b7-28ad08c7196e,Saint Louis at Georgia Winner?,Saint Louis,Saint Louis,closed,yes,2026-03-15T22:47:00Z,2026-03-20T04:22:55Z,2026-03-19T20:00:00Z,2026-03-20T04:28:01Z,2026-03-20T04:22:57Z,0.99,9920506,5596442,4960253,2798221,KXNCAAMBGAME,Saint Louis at Georgia,,Saint Louis,Georgia,both_mm
KXNCAAMBGAME-26MAR19SLUUGA-UGA,KXNCAAMBGAME-26MAR19SLUUGA,cf5de0a2-bfb8-4d49-9077-8994b4fe9af8,Saint Louis at Georgia Winner?,Georgia,Georgia,closed,no,2026-03-15T22:47:00Z,2026-03-20T04:22:55Z,2026-03-19T20:00:00Z,2026-03-20T04:28:01Z,2026-03-20T04:22:57Z,0.01,10925628,7909314,5462814,3954657,KXNCAAMBGAME,Saint Louis at Georgia,,Saint Louis,Georgia,both_mm
KXNCAAMBGAME-26MAR19IDHOHOU-HOU,KXNCAAMBGAME-26MAR19IDHOHOU,9274aebe-b836-4d09-85af-8ad5ebf6c0d0,Idaho at Houston Winner?,Houston,Houston,closed,yes,2026-03-15T22:47:00Z,2026-03-20T04:23:35Z,2026-03-19T20:00:00Z,2026-03-20T04:28:41Z,2026-03-20T04:23:37Z,0.99,1525434,1302344,762717,651172,KXNCAAMBGAME,Idaho at Houston,,Idaho,Houston,both_mm
KXNCAAMBGAME-26MAR19IDHOHOU-IDHO,KXNCAAMBGAME-26MAR19IDHOHOU,cad6eaa8-923f-42f5-a57b-122f20fca8ee,Idaho at Houston Winner?,Idaho,Idaho,closed,no,2026-03-15T22:47:00Z,2026-03-20T04:23:35Z,2026-03-19T20:00:00Z,2026-03-20T04:28:41Z,2026-03-20T04:23:37Z,0.01,8176390,6847618,4088195,3423809,KXNCAAMBGAME,Idaho at Houston,,Idaho,Houston,both_mm
KXNCAAMBGAME-26MAR19KENNGONZ-GONZ,KXNCAAMBGAME-26MAR19KENNGONZ,37bf3b24-ceb0-450d-896c-c99b25c48fd4,Kennesaw St. at Gonzaga Winner?,Gonzaga,Gonzaga,closed,yes,2026-03-15T22:47:00Z,2026-03-20T04:40:44Z,2026-03-19T20:00:00Z,2026-03-20T04:45:51Z,2026-03-20T04:40:46Z,0.99,7253782,4989246,3626891,2494623,KXNCAAMBGAME,Kennesaw St. at Gonzaga,,Kennesaw St.,Gonzaga,both_mm
KXNCAAMBGAME-26MAR19KENNGONZ-KENN,KXNCAAMBGAME-26MAR19KENNGONZ,1cd3cb30-434d-4a28-bccc-d9f772538317,Kennesaw St. at Gonzaga Winner?,Kennesaw St.,Kennesaw St.,closed,no,2026-03-15T22:47:00Z,2026-03-20T04:40:44Z,2026-03-19T20:00:00Z,2026-03-20T04:45:51Z,2026-03-20T04:40:46Z,0.01,20937266,13819192,10468633,6909596,KXNCAAMBGAME,Kennesaw St. at Gonzaga,,Kennesaw St.,Gonzaga,both_mm
KXNCAAMBGAME-26MAR20SCUUK-SCU,KXNCAAMBGAME-26MAR20SCUUK,7e4e77ea-d793-4736-a75c-c9950053afb8,Santa Clara at Kentucky Winner?,Santa Clara,Santa Clara,closed,no,2026-03-15T22:47:00Z,2026-03-20T18:34:48Z,2026-03-20T20:00:00Z,2026-03-20T18:39:51Z,2026-03-20T18:34:50Z,0.01,20374610,9215542,10187305,4607771,KXNCAAMBGAME,Santa Clara at Kentucky,,Santa Clara,Kentucky,both_mm
KXNCAAMBGAME-26MAR20SCUUK-UK,KXNCAAMBGAME-26MAR20SCUUK,b878901b-bfd7-4096-9955-e81a8e8ee2f8,Santa Clara at Kentucky Winner?,Kentucky,Kentucky,closed,yes,2026-03-15T22:47:00Z,2026-03-20T18:34:48Z,2026-03-20T20:00:00Z,2026-03-20T18:39:51Z,2026-03-20T18:34:50Z,0.99,25790294,11354378,12895147,5677189,KXNCAAMBGAME,Santa Clara at Kentucky,,Santa Clara,Kentucky,both_mm
KXNCAAMBGAME-26MAR20LIUARIZ-ARIZ,KXNCAAMBGAME-26MAR20LIUARIZ,a34cefa8-2fbc-44cb-897d-8353b69d0df8,LIU at Arizona Winner?,Arizona,Arizona,closed,yes,2026-03-15T22:47:00Z,2026-03-20T19:42:25Z,2026-03-20T20:00:00Z,2026-03-20T19:47:31Z,2026-03-20T19:42:27Z,0.99,2796040,2759136,1398020,1379568,KXNCAAMBGAME,LIU at Arizona,,Long Island,Arizona,both_mm
KXNCAAMBGAME-26MAR20LIUARIZ-LIU,KXNCAAMBGAME-26MAR20LIUARIZ,63c2c119-9963-495b-8430-e5a72b086383,LIU at Arizona Winner?,LIU,LIU,closed,no,2026-03-15T22:47:00Z,2026-03-20T19:42:25Z,2026-03-20T20:00:00Z,2026-03-20T19:47:31Z,2026-03-20T19:42:27Z,0.01,11551840,10232068,5775920,5116034,KXNCAAMBGAME,LIU at Arizona,,Long Island,Arizona,both_mm
KXNCAAMBGAME-26MAR20WRSTUVA-UVA,KXNCAAMBGAME-26MAR20WRSTUVA,7f5b2c83-a6a6-4492-8edb-be6611948659,Wright St. at Virginia Winner?,Virginia,Virginia,closed,yes,2026-03-15T22:47:00Z,2026-03-20T20:01:17Z,2026-03-20T20:00:00Z,2026-03-20T20:06:21Z,2026-03-20T20:01:19Z,0.99,12259762,7003672,6129881,3501836,KXNCAAMBGAME,Wright St. at Virginia,,Wright St.,Virginia,both_mm
KXNCAAMBGAME-26MAR20WRSTUVA-WRST,KXNCAAMBGAME-26MAR20WRSTUVA,defc6baf-1b75-48a4-a953-28b51fa18692,Wright St. at Virginia Winner?,Wright St.,Wright St.,closed,no,2026-03-15T22:47:00Z,2026-03-20T20:01:17Z,2026-03-20T20:00:00Z,2026-03-20T20:06:21Z,2026-03-20T20:01:19Z,0.01,20347134,12076698,10173567,6038349,KXNCAAMBGAME,Wright St. at Virginia,,Wright St.,Virginia,both_mm
KXNCAAMBGAME-26MAR20TNSTISU-ISU,KXNCAAMBGAME-26MAR20TNSTISU,1800f8cd-3d75-41ad-b892-dc37ec287260,Tennessee St. at Iowa St. Winner?,Iowa St.,Iowa St.,closed,yes,2026-03-15T22:47:00Z,2026-03-20T21:25:04Z,2026-03-20T20:00:00Z,2026-03-20T21:30:11Z,2026-03-20T21:25:06Z,0.99,2023324,1453396,1011662,726698,KXNCAAMBGAME,Tennessee St. at Iowa St.,,Tennessee St.,Iowa St.,both_mm
KXNCAAMBGAME-26MAR20TNSTISU-TNST,KXNCAAMBGAME-26MAR20TNSTISU,21261920-7789-45c3-a291-0f9c25252dcd,Tennessee St. at Iowa St. Winner?,Tennessee St.,Tennessee St.,closed,no,2026-03-15T22:47:00Z,2026-03-20T21:25:04Z,2026-03-20T20:00:00Z,2026-03-20T21:30:11Z,2026-03-20T21:25:06Z,0.01,8547436,6785174,4273718,3392587,KXNCAAMBGAME,Tennessee St. at Iowa St.,,Tennessee St.,Iowa St.,both_mm
KXNCAAMBGAME-26MAR20HOFALA-ALA,KXNCAAMBGAME-26MAR20HOFALA,b5c1f7ab-f597-426b-948f-3dc2779904d7,Hofstra at Alabama Winner?,Alabama,Alabama,closed,yes,2026-03-15T22:47:00Z,2026-03-20T21:31:51Z,2026-03-20T20:00:00Z,2026-03-20T21:37:01Z,2026-03-20T21:31:53Z,0.99,10234482,5925664,5117241,2962832,KXNCAAMBGAME,Hofstra at Alabama,,Hofstra,Alabama,both_mm
KXNCAAMBGAME-26MAR20HOFALA-HOF,KXNCAAMBGAME-26MAR20HOFALA,10eb0fab-c8ff-4d65-995c-cde089e1c742,Hofstra at Alabama Winner?,Hofstra,Hofstra,closed,no,2026-03-15T22:47:00Z,2026-03-20T21:31:51Z,2026-03-20T20:00:00Z,2026-03-20T21:37:01Z,2026-03-20T21:31:53Z,0.01,14396316,8860142,7198158,4430071,KXNCAAMBGAME,Hofstra at Alabama,,Hofstra,Alabama,both_mm
KXNCAAMBGAME-26MAR20USUVILL-USU,KXNCAAMBGAME-26MAR20USUVILL,0fa19c3c-2944-4f60-b0ee-85f1a847c31f,Utah St. at Villanova Winner?,Utah St.,Utah St.,closed,yes,2026-03-15T22:47:00Z,2026-03-20T22:32:08Z,2026-03-20T20:00:00Z,2026-03-20T22:37:11Z,2026-03-20T22:32:10Z,0.99,18473642,8889782,9236821,4444891,KXNCAAMBGAME,Utah St. at Villanova,,Utah St.,Villanova,both_mm
KXNCAAMBGAME-26MAR20USUVILL-VILL,KXNCAAMBGAME-26MAR20USUVILL,6048bf8d-4272-45bb-b6e7-a819d7860765,Utah St. at Villanova Winner?,Villanova,Villanova,closed,no,2026-03-15T22:47:00Z,2026-03-20T22:32:08Z,2026-03-20T20:00:00Z,2026-03-20T22:37:11Z,2026-03-20T22:32:10Z,0.01,19820706,10588760,9910353,5294380,KXNCAAMBGAME,Utah St. at Villanova,,Utah St.,Villanova,both_mm
KXNCAAMBGAME-26MAR20MOHTENN-MOH,KXNCAAMBGAME-26MAR20MOHTENN,b7d25fdf-c17e-4b41-84f1-8543d55e88dd,Miami (OH) at Tennessee Winner?,Miami (OH),Miami (OH),closed,no,2026-03-19T03:36:00Z,2026-03-20T22:39:22Z,2026-03-20T23:25:00Z,,2026-03-20T22:39:24Z,0.01,18218146,14545632,9109073,7272816,KXNCAAMBGAME,Miami (OH) at Tennessee,,Miami (Ohio),Tennessee,both_mm
KXNCAAMBGAME-26MAR20MOHTENN-TENN,KXNCAAMBGAME-26MAR20MOHTENN,c9a2cd56-c058-4ccb-b572-d1b45e002fa5,Miami (OH) at Tennessee Winner?,Tennessee,Tennessee,closed,yes,2026-03-19T03:36:00Z,2026-03-20T22:39:22Z,2026-03-20T23:25:00Z,,2026-03-20T22:39:24Z,0.99,4722356,3233798,2361178,1616899,KXNCAAMBGAME,Miami (OH) at Tennessee,,Miami (Ohio),Tennessee,both_mm
KXNCAAMBGAME-26MAR20IOWACLEM-CLEM,KXNCAAMBGAME-26MAR20IOWACLEM,18265225-7355-4a71-ac74-e2e4166839f5,Iowa at Clemson Winner?,Clemson,Clemson,closed,no,2026-03-15T22:47:00Z,2026-03-21T01:10:14Z,2026-03-20T20:00:00Z,2026-03-21T01:15:21Z,2026-03-21T01:10:16Z,0.01,15697470,9195426,7848735,4597713,KXNCAAMBGAME,Iowa at Clemson,,Iowa,Clemson,both_mm
KXNCAAMBGAME-26MAR20IOWACLEM-IOWA,KXNCAAMBGAME-26MAR20IOWACLEM,6c0475de-5d7f-4814-a0ce-3c55b28e2ba1,Iowa at Clemson Winner?,Iowa,Iowa,closed,yes,2026-03-15T22:47:00Z,2026-03-21T01:10:14Z,2026-03-20T20:00:00Z,2026-03-21T01:15:21Z,2026-03-21T01:10:16Z,0.99,16393852,9420226,8196926,4710113,KXNCAAMBGAME,Iowa at Clemson,,Iowa,Clemson,both_mm
KXNCAAMBGAME-26MAR20UNISJU-SJU,KXNCAAMBGAME-26MAR20UNISJU,11a27858-f660-4276-817b-b5dbbf9ee146,Northern Iowa at St. John's Winner?,St. John's,St. John's,closed,yes,2026-03-15T22:47:00Z,2026-03-21T01:35:01Z,2026-03-20T20:00:00Z,2026-03-21T01:40:11Z,2026-03-21T01:35:04Z,0.99,6488318,5047676,3244159,2523838,KXNCAAMBGAME,Northern Iowa at St. John's,,Northern Iowa,St. John's,both_mm
KXNCAAMBGAME-26MAR20UNISJU-UNI,KXNCAAMBGAME-26MAR20UNISJU,cd047598-21ff-4ec8-a544-21b0c4a03a07,Northern Iowa at St. John's Winner?,Northern Iowa,Northern Iowa,closed,no,2026-03-15T22:47:00Z,2026-03-21T01:35:01Z,2026-03-20T20:00:00Z,2026-03-21T01:40:11Z,2026-03-21T01:35:04Z,0.01,6947604,4344948,3473802,2172474,KXNCAAMBGAME,Northern Iowa at St. John's,,Northern Iowa,St. John's,both_mm
KXNCAAMBGAME-26MAR20QUCPUR-PUR,KXNCAAMBGAME-26MAR20QUCPUR,366d35d1-be98-4297-b19e-b7bee8c2aa56,Queens University at Purdue Winner?,Purdue,Purdue,closed,yes,2026-03-15T22:47:00Z,2026-03-21T01:37:02Z,2026-03-20T20:00:00Z,2026-03-21T01:42:11Z,2026-03-21T01:37:04Z,0.99,2377886,2128436,1188943,1064218,KXNCAAMBGAME,Queens University at Purdue,,Queens (N.C.),Purdue,both_mm
KXNCAAMBGAME-26MAR20QUCPUR-QUC,KXNCAAMBGAME-26MAR20QUCPUR,ab5380d6-c43e-450c-aa8f-4cfce677068b,Queens University at Purdue Winner?,Queens University,Queens University,closed,no,2026-03-15T22:47:00Z,2026-03-21T01:37:02Z,2026-03-20T20:00:00Z,2026-03-21T01:42:11Z,2026-03-21T01:37:04Z,0.01,10431770,7612216,5215885,3806108,KXNCAAMBGAME,Queens University at Purdue,,Queens (N.C.),Purdue,both_mm
KXNCAAMBGAME-26MAR20UCFUCLA-UCF,KXNCAAMBGAME-26MAR20UCFUCLA,9ffdd3fb-570d-401e-aaf5-67bf8aedf428,UCF at UCLA Winner?,UCF,UCF,closed,no,2026-03-15T22:47:00Z,2026-03-21T02:00:37Z,2026-03-20T20:00:00Z,2026-03-21T02:05:41Z,2026-03-21T02:00:39Z,0.01,9526294,6475054,4763147,3237527,KXNCAAMBGAME,UCF at UCLA,,UCF,UCLA,both_mm
KXNCAAMBGAME-26MAR20UCFUCLA-UCLA,KXNCAAMBGAME-26MAR20UCFUCLA,ddc56f23-00f1-489e-9e4a-aa4fd2d1690b,UCF at UCLA Winner?,UCLA,UCLA,closed,yes,2026-03-15T22:47:00Z,2026-03-21T02:00:37Z,2026-03-20T20:00:00Z,2026-03-21T02:05:41Z,2026-03-21T02:00:39Z,0.99,10708732,6647366,5354366,3323683,KXNCAAMBGAME,UCF at UCLA,,UCF,UCLA,both_mm
KXNCAAMBGAME-26MAR20PVFLA-FLA,KXNCAAMBGAME-26MAR20PVFLA,3ed1621e-6e70-4834-8756-c8bf2823ebda,Prairie View A&M at Florida Winner?,Florida,Florida,closed,yes,2026-03-19T01:03:00Z,2026-03-21T03:47:16Z,2026-03-21T04:25:00Z,2026-03-21T03:52:21Z,2026-03-21T03:47:18Z,0.99,2972376,1812054,1486188,906027,KXNCAAMBGAME,Prairie View A&M at Florida,,Prairie View A&M,Florida,both_mm
KXNCAAMBGAME-26MAR20PVFLA-PV,KXNCAAMBGAME-26MAR20PVFLA,0637104b-c9b9-40db-80ea-23e0f297444a,Prairie View A&M at Florida Winner?,Prairie View A&M,Prairie View A&M,closed,no,2026-03-19T01:03:00Z,2026-03-21T03:47:16Z,2026-03-21T04:25:00Z,2026-03-21T03:52:21Z,2026-03-21T03:47:18Z,0.01,16875158,14978780,8437579,7489390,KXNCAAMBGAME,Prairie View A&M at Florida,,Prairie View A&M,Florida,both_mm
KXNCAAMBGAME-26MAR20CBUKU-CBU,KXNCAAMBGAME-26MAR20CBUKU,58aeb2f4-50f1-4717-a67a-1a90c9ef31c6,California Baptist at Kansas Winner?,California Baptist,California Baptist,closed,no,2026-03-15T22:47:00Z,2026-03-21T04:14:16Z,2026-03-20T20:00:00Z,2026-03-21T04:19:21Z,2026-03-21T04:14:18Z,0.01,7553434,5818044,3776717,2909022,KXNCAAMBGAME,California Baptist at Kansas,,Cal Baptist,Kansas,both_mm
KXNCAAMBGAME-26MAR20CBUKU-KU,KXNCAAMBGAME-26MAR20CBUKU,36ef0fbb-4c33-47e7-ab7c-dc66435b90ff,California Baptist at Kansas Winner?,Kansas,Kansas,closed,yes,2026-03-15T22:47:00Z,2026-03-21T04:14:16Z,2026-03-20T20:00:00Z,2026-03-21T04:19:21Z,2026-03-21T04:14:18Z,0.99,5242870,3249610,2621435,1624805,KXNCAAMBGAME,California Baptist at Kansas,,Cal Baptist,Kansas,both_mm
KXNCAAMBGAME-26MAR20MIZZMIA-MIA,KXNCAAMBGAME-26MAR20MIZZMIA,47626b2b-7bcb-416c-88ec-559722f440cd,Missouri at Miami (FL) Winner?,Miami (FL),Miami (FL),closed,yes,2026-03-15T22:47:00Z,2026-03-21T04:29:57Z,2026-03-20T20:00:00Z,2026-03-21T04:35:01Z,2026-03-21T04:30:00Z,0.99,18996996,11245496,9498498,5622748,KXNCAAMBGAME,Missouri at Miami (FL),,Missouri,Miami (FL),both_mm
KXNCAAMBGAME-26MAR20MIZZMIA-MIZZ,KXNCAAMBGAME-26MAR20MIZZMIA,8c299017-e5fe-43bf-a597-ad423d9e4dae,Missouri at Miami (FL) Winner?,Missouri,Missouri,closed,no,2026-03-15T22:47:00Z,2026-03-21T04:29:57Z,2026-03-20T20:00:00Z,2026-03-21T04:35:01Z,2026-03-21T04:30:00Z,0.01,14816936,9220844,7408468,4610422,KXNCAAMBGAME,Missouri at Miami (FL),,Missouri,Miami (FL),both_mm
KXNCAAMBGAME-26MAR20FURCONN-CONN,KXNCAAMBGAME-26MAR20FURCONN,40c9be60-4e2c-4544-b7f6-78138c5cb3ec,Furman at UConn Winner?,UConn,UConn,closed,yes,2026-03-15T22:47:00Z,2026-03-21T04:47:55Z,2026-03-20T20:00:00Z,,2026-03-21T04:47:57Z,0.99,6085066,4701706,3042533,2350853,KXNCAAMBGAME,Furman at UConn,,Furman,UConn,both_mm
KXNCAAMBGAME-26MAR20FURCONN-FUR,KXNCAAMBGAME-26MAR20FURCONN,879954c4-5692-4b8e-894d-b9b7e90f2399,Furman at UConn Winner?,Furman,Furman,closed,no,2026-03-15T22:47:00Z,2026-03-21T04:47:55Z,2026-03-20T20:00:00Z,,2026-03-21T04:47:57Z,0.01,17763184,14084196,8881592,7042098,KXNCAAMBGAME,Furman at UConn,,Furman,UConn,both_mm
KXNCAAMBGAME-26MAR21SLUMICH-MICH,KXNCAAMBGAME-26MAR21SLUMICH,c366ec2f-ce9f-4085-9e24-e9ce2c919cac,Saint Louis at Michigan Winner?,Michigan,Michigan,closed,yes,2026-03-20T04:26:00Z,2026-03-21T18:18:33Z,2026-03-21T19:10:00Z,2026-03-21T18:23:41Z,2026-03-21T18:18:35Z,0.99,11261504,9089286,5630752,4544643,KXNCAAMBGAME,Saint Louis at Michigan,,Saint Louis,Michigan,both_mm
KXNCAAMBGAME-26MAR21SLUMICH-SLU,KXNCAAMBGAME-26MAR21SLUMICH,57c2f1e4-0e08-422f-a790-8ad78caf6c90,Saint Louis at Michigan Winner?,Saint Louis,Saint Louis,closed,no,2026-03-20T04:26:00Z,2026-03-21T18:18:33Z,2026-03-21T19:10:00Z,2026-03-21T18:23:41Z,2026-03-21T18:18:35Z,0.01,11933582,8608860,5966791,4304430,KXNCAAMBGAME,Saint Louis at Michigan,,Saint Louis,Michigan,both_mm
KXNCAAMBGAME-26MAR21LOUMSU-LOU,KXNCAAMBGAME-26MAR21LOUMSU,86f28499-2bb4-43cc-9e8e-2208c74ab968,Louisville at Michigan St. Winner?,Louisville,Louisville,closed,no,2026-03-19T22:47:00Z,2026-03-21T21:04:32Z,2026-03-21T20:00:00Z,2026-03-21T21:09:41Z,2026-03-21T21:04:34Z,0.01,10821772,6637806,5410886,3318903,KXNCAAMBGAME,Louisville at Michigan St.,,Louisville,Michigan St.,both_mm
KXNCAAMBGAME-26MAR21LOUMSU-MSU,KXNCAAMBGAME-26MAR21LOUMSU,a54fb847-3924-48b5-8e51-3c02aad9cd4a,Louisville at Michigan St. Winner?,Michigan St.,Michigan St.,closed,yes,2026-03-19T22:47:00Z,2026-03-21T21:04:32Z,2026-03-21T20:00:00Z,2026-03-21T21:09:41Z,2026-03-21T21:04:34Z,0.99,17556540,11597854,8778270,5798927,KXNCAAMBGAME,Louisville at Michigan St.,,Louisville,Michigan St.,both_mm
KXNCAAMBGAME-26MAR21TCUDUKE-DUKE,KXNCAAMBGAME-26MAR21TCUDUKE,59577272-b347-4ad6-bc32-8afb9e6e7ef2,TCU at Duke Winner?,Duke,Duke,closed,yes,2026-03-19T21:17:00Z,2026-03-21T23:41:48Z,2026-03-21T20:00:00Z,2026-03-21T23:46:51Z,2026-03-21T23:41:50Z,0.99,12581538,8761922,6290769,4380961,KXNCAAMBGAME,TCU at Duke,,TCU,Duke,both_mm
KXNCAAMBGAME-26MAR21TCUDUKE-TCU,KXNCAAMBGAME-26MAR21TCUDUKE,80178110-236f-4ddd-b067-9cf692804556,TCU at Duke Winner?,TCU,TCU,closed,no,2026-03-19T21:17:00Z,2026-03-21T23:41:48Z,2026-03-21T20:00:00Z,2026-03-21T23:46:51Z,2026-03-21T23:41:50Z,0.01,19588268,12752484,9794134,6376242,KXNCAAMBGAME,TCU at Duke,,TCU,Duke,both_mm
KXNCAAMBGAME-26MAR21TXAMHOU-HOU,KXNCAAMBGAME-26MAR21TXAMHOU,e50a2be2-bfd6-49c3-9d2a-5fdf2b1d7b9f,Texas A&M at Houston Winner?,Houston,Houston,closed,yes,2026-03-20T04:26:00Z,2026-03-22T00:29:15Z,2026-03-22T01:10:00Z,2026-03-22T00:34:21Z,2026-03-22T00:29:17Z,0.99,4252290,3125364,2126145,1562682,KXNCAAMBGAME,Texas A&M at Houston,,Texas A&M,Houston,both_mm
KXNCAAMBGAME-26MAR21TXAMHOU-TXAM,KXNCAAMBGAME-26MAR21TXAMHOU,183d583e-99a4-4105-aa56-04e7647b56ae,Texas A&M at Houston Winner?,Texas A&M,Texas A&M,closed,no,2026-03-20T04:26:00Z,2026-03-22T00:29:15Z,2026-03-22T01:10:00Z,2026-03-22T00:34:21Z,2026-03-22T00:29:17Z,0.01,3988598,2971618,1994299,1485809,KXNCAAMBGAME,Texas A&M at Houston,,Texas A&M,Houston,both_mm
KXNCAAMBGAME-26MAR21TEXGONZ-GONZ,KXNCAAMBGAME-26MAR21TEXGONZ,4bc490fd-7d8d-4294-860a-c0f4596745cb,Texas at Gonzaga Winner?,Gonzaga,Gonzaga,closed,no,2026-03-20T04:46:00Z,2026-03-22T01:08:38Z,2026-03-22T02:10:00Z,2026-03-22T01:13:42Z,2026-03-22T01:08:40Z,0.01,17450816,11814890,8725408,5907445,KXNCAAMBGAME,Texas at Gonzaga,,Texas,Gonzaga,both_mm
KXNCAAMBGAME-26MAR21TEXGONZ-TEX,KXNCAAMBGAME-26MAR21TEXGONZ,37303ccb-276a-480d-a71b-f52b6ac444e0,Texas at Gonzaga Winner?,Texas,Texas,closed,yes,2026-03-20T04:46:00Z,2026-03-22T01:08:38Z,2026-03-22T02:10:00Z,2026-03-22T01:13:42Z,2026-03-22T01:08:40Z,0.99,14726532,8697658,7363266,4348829,KXNCAAMBGAME,Texas at Gonzaga,,Texas,Gonzaga,both_mm
KXNCAAMBGAME-26MAR21VCUILL-ILL,KXNCAAMBGAME-26MAR21VCUILL,68282a6d-8ec1-43cc-9b0e-11771ea5c474,VCU at Illinois Winner?,Illinois,Illinois,closed,yes,2026-03-20T03:56:00Z,2026-03-22T02:18:52Z,2026-03-22T02:50:00Z,2026-03-22T02:24:01Z,2026-03-22T02:18:54Z,0.99,5310642,3791158,2655321,1895579,KXNCAAMBGAME,VCU at Illinois,,VCU,Illinois,both_mm
KXNCAAMBGAME-26MAR21VCUILL-VCU,KXNCAAMBGAME-26MAR21VCUILL,fd71b462-6bd7-4178-a36a-2d307d295d6a,VCU at Illinois Winner?,VCU,VCU,closed,no,2026-03-20T03:56:00Z,2026-03-22T02:18:52Z,2026-03-22T02:50:00Z,2026-03-22T02:24:01Z,2026-03-22T02:18:54Z,0.01,11215494,7374804,5607747,3687402,KXNCAAMBGAME,VCU at Illinois,,VCU,Illinois,both_mm
KXNCAAMBGAME-26MAR21VANNEB-NEB,KXNCAAMBGAME-26MAR21VANNEB,e5d33f16-6825-49d1-9295-f353a775ccc0,Vanderbilt at Nebraska Winner?,Nebraska,Nebraska,closed,yes,2026-03-19T21:36:00Z,2026-03-22T03:16:08Z,2026-03-21T20:00:00Z,2026-03-22T03:21:11Z,2026-03-22T03:16:10Z,0.99,22513588,11388734,11256794,5694367,KXNCAAMBGAME,Vanderbilt at Nebraska,,Vanderbilt,Nebraska,both_mm
KXNCAAMBGAME-26MAR21VANNEB-VAN,KXNCAAMBGAME-26MAR21VANNEB,f9c30dc8-a198-4a53-a9b2-297e1e989282,Vanderbilt at Nebraska Winner?,Vanderbilt,Vanderbilt,closed,no,2026-03-19T21:36:00Z,2026-03-22T03:16:08Z,2026-03-21T20:00:00Z,2026-03-22T03:21:11Z,2026-03-22T03:16:10Z,0.01,21113602,11842416,10556801,5921208,KXNCAAMBGAME,Vanderbilt at Nebraska,,Vanderbilt,Nebraska,both_mm
KXNCAAMBGAME-26MAR21HPARK-ARK,KXNCAAMBGAME-26MAR21HPARK,c24d7e69-e3af-42a9-8b2b-42c0a589c10d,High Point at Arkansas Winner?,Arkansas,Arkansas,closed,yes,2026-03-19T22:46:00Z,2026-03-22T03:53:16Z,2026-03-21T20:00:00Z,2026-03-22T03:58:21Z,2026-03-22T03:53:18Z,0.99,13521620,8807554,6760810,4403777,KXNCAAMBGAME,High Point at Arkansas,,High Point,Arkansas,both_mm
KXNCAAMBGAME-26MAR21HPARK-HP,KXNCAAMBGAME-26MAR21HPARK,a1c162d6-9225-4cc0-aaf0-62a9d70d8613,High Point at Arkansas Winner?,High Point,High Point,closed,no,2026-03-19T22:46:00Z,2026-03-22T03:53:16Z,2026-03-21T20:00:00Z,2026-03-22T03:58:21Z,2026-03-22T03:53:18Z,0.01,25085390,17562606,12542695,8781303,KXNCAAMBGAME,High Point at Arkansas,,High Point,Arkansas,both_mm
KXNCAAMBGAME-26MAR22MIAPUR-MIA,KXNCAAMBGAME-26MAR22MIAPUR,f71beec9-e3e7-4d5d-a6a4-1c8702e758c7,Miami (FL) at Purdue Winner?,Miami (FL),Miami (FL),closed,no,2026-03-21T04:36:00Z,2026-03-22T18:19:24Z,2026-03-22T20:00:00Z,2026-03-22T18:24:31Z,2026-03-22T18:19:26Z,0.01,16982040,9981862,8491020,4990931,KXNCAAMBGAME,Miami (FL) at Purdue,,Miami (FL),Purdue,both_mm
KXNCAAMBGAME-26MAR22MIAPUR-PUR,KXNCAAMBGAME-26MAR22MIAPUR,3f8c7565-0e80-477e-9a18-bb6b830c13e7,Miami (FL) at Purdue Winner?,Purdue,Purdue,closed,yes,2026-03-21T04:36:00Z,2026-03-22T18:19:24Z,2026-03-22T20:00:00Z,2026-03-22T18:24:31Z,2026-03-22T18:19:26Z,0.99,14880812,8299378,7440406,4149689,KXNCAAMBGAME,Miami (FL) at Purdue,,Miami (FL),Purdue,both_mm
KXNCAAMBGAME-26MAR22UKISU-ISU,KXNCAAMBGAME-26MAR22UKISU,a2d41c70-66bb-41b7-86d9-1171eb9d8f90,Kentucky at Iowa St. Winner?,Iowa St.,Iowa St.,closed,yes,2026-03-20T21:26:00Z,2026-03-22T20:57:09Z,2026-03-22T20:00:00Z,2026-03-22T21:02:21Z,2026-03-22T20:57:12Z,0.99,21157474,13824262,10578737,6912131,KXNCAAMBGAME,Kentucky at Iowa St.,,Kentucky,Iowa St.,both_mm
KXNCAAMBGAME-26MAR22UKISU-UK,KXNCAAMBGAME-26MAR22UKISU,31a6fb53-e7ee-42b3-8f1b-f78af0424741,Kentucky at Iowa St. Winner?,Kentucky,Kentucky,closed,no,2026-03-20T21:26:00Z,2026-03-22T20:57:09Z,2026-03-22T20:00:00Z,2026-03-22T21:02:21Z,2026-03-22T20:57:12Z,0.01,14771532,8739188,7385766,4369594,KXNCAAMBGAME,Kentucky at Iowa St.,,Kentucky,Iowa St.,both_mm
KXNCAAMBGAME-26MAR22SJUKU-KU,KXNCAAMBGAME-26MAR22SJUKU,6074cae7-5416-40ad-bd20-0bd1b705e066,St. John's at Kansas Winner?,Kansas,Kansas,closed,no,2026-03-21T04:25:00Z,2026-03-22T23:38:57Z,2026-03-22T20:00:00Z,2026-03-22T23:44:01Z,2026-03-22T23:39:00Z,0.01,20905196,11220000,10452598,5610000,KXNCAAMBGAME,St. John's at Kansas,,St. John's,Kansas,both_mm
KXNCAAMBGAME-26MAR22SJUKU-SJU,KXNCAAMBGAME-26MAR22SJUKU,7e84fc03-b821-4d74-9675-ebcc86320cc6,St. John's at Kansas Winner?,St. John's,St. John's,closed,yes,2026-03-21T04:25:00Z,2026-03-22T23:38:57Z,2026-03-22T20:00:00Z,2026-03-22T23:44:01Z,2026-03-22T23:39:00Z,0.99,16988426,9485966,8494213,4742983,KXNCAAMBGAME,St. John's at Kansas,,St. John's,Kansas,both_mm
KXNCAAMBGAME-26MAR22TENNUVA-TENN,KXNCAAMBGAME-26MAR22TENNUVA,af181ac6-4216-4d5c-8ce4-8105a8eda13a,Tennessee at Virginia Winner?,Tennessee,Tennessee,closed,yes,2026-03-20T22:46:00Z,2026-03-23T00:38:24Z,2026-03-22T20:00:00Z,2026-03-23T00:43:31Z,2026-03-23T00:38:26Z,0.99,12902450,6596714,6451225,3298357,KXNCAAMBGAME,Tennessee at Virginia,,Tennessee,Virginia,both_mm
KXNCAAMBGAME-26MAR22TENNUVA-UVA,KXNCAAMBGAME-26MAR22TENNUVA,6ec4bc37-2411-46e3-90fe-75cdac1032f2,Tennessee at Virginia Winner?,Virginia,Virginia,closed,no,2026-03-20T22:46:00Z,2026-03-23T00:38:24Z,2026-03-22T20:00:00Z,2026-03-23T00:43:31Z,2026-03-23T00:38:26Z,0.01,19591744,11710544,9795872,5855272,KXNCAAMBGAME,Tennessee at Virginia,,Tennessee,Virginia,both_mm
KXNCAAMBGAME-26MAR22IOWAFLA-FLA,KXNCAAMBGAME-26MAR22IOWAFLA,54fb2ba9-c70c-41ee-ac33-6d93606a176e,Iowa at Florida Winner?,Florida,Florida,closed,no,2026-03-21T03:57:00Z,2026-03-23T01:35:24Z,2026-03-22T20:00:00Z,2026-03-23T01:40:32Z,2026-03-23T01:35:26Z,0.01,25228666,13831548,12614333,6915774,KXNCAAMBGAME,Iowa at Florida,,Iowa,Florida,both_mm
KXNCAAMBGAME-26MAR22IOWAFLA-IOWA,KXNCAAMBGAME-26MAR22IOWAFLA,62c474a6-fd4e-4f1e-bdbd-dbb982d12efa,Iowa at Florida Winner?,Iowa,Iowa,closed,yes,2026-03-21T03:57:00Z,2026-03-23T01:35:24Z,2026-03-22T20:00:00Z,2026-03-23T01:40:32Z,2026-03-23T01:35:26Z,0.99,24105060,10677432,12052530,5338716,KXNCAAMBGAME,Iowa at Florida,,Iowa,Florida,both_mm
KXNCAAMBGAME-26MAR22USUARIZ-ARIZ,KXNCAAMBGAME-26MAR22USUARIZ,842d3e5a-c660-455f-b93c-fe7b02a3f7c8,Utah St. at Arizona Winner?,Arizona,Arizona,closed,yes,2026-03-20T22:46:00Z,2026-03-23T02:40:29Z,2026-03-22T20:00:00Z,2026-03-23T02:45:41Z,2026-03-23T02:40:31Z,0.99,15098510,8490046,7549255,4245023,KXNCAAMBGAME,Utah St. at Arizona,,Utah St.,Arizona,both_mm
KXNCAAMBGAME-26MAR22USUARIZ-USU,KXNCAAMBGAME-26MAR22USUARIZ,1c7734be-b23c-4ae0-a08d-9367189fde30,Utah St. at Arizona Winner?,Utah St.,Utah St.,closed,no,2026-03-20T22:46:00Z,2026-03-23T02:40:29Z,2026-03-22T20:00:00Z,2026-03-23T02:45:41Z,2026-03-23T02:40:31Z,0.01,14517906,9532266,7258953,4766133,KXNCAAMBGAME,Utah St. at Arizona,,Utah St.,Arizona,both_mm
KXNCAAMBGAME-26MAR22TTUALA-ALA,KXNCAAMBGAME-26MAR22TTUALA,8332a629-a090-4388-8b67-06c68dcf5ada,Texas Tech at Alabama Winner?,Alabama,Alabama,closed,yes,2026-03-20T21:36:00Z,2026-03-23T04:23:02Z,2026-03-22T20:00:00Z,2026-03-23T04:28:11Z,2026-03-23T04:23:04Z,0.99,10740714,6342544,5370357,3171272,KXNCAAMBGAME,Texas Tech at Alabama,,Texas Tech,Alabama,both_mm
KXNCAAMBGAME-26MAR22TTUALA-TTU,KXNCAAMBGAME-26MAR22TTUALA,7af16af5-6e7e-4cd6-80bf-4c50bc6a01f6,Texas Tech at Alabama Winner?,Texas Tech,Texas Tech,closed,no,2026-03-20T21:36:00Z,2026-03-23T04:23:02Z,2026-03-22T20:00:00Z,2026-03-23T04:28:11Z,2026-03-23T04:23:04Z,0.01,13587234,10121812,6793617,5060906,KXNCAAMBGAME,Texas Tech at Alabama,,Texas Tech,Alabama,both_mm
KXNCAAMBGAME-26MAR26IOWANEB-IOWA,KXNCAAMBGAME-26MAR26IOWANEB,97b42551-cfb8-48eb-9fe8-a1c407c8f2b8,Iowa at Nebraska Winner?,Iowa,Iowa,closed,yes,2026-03-23T01:45:00Z,2026-03-27T01:27:55Z,2026-03-26T20:00:00Z,2026-03-27T01:32:58Z,2026-03-27T01:27:57Z,0.99,11365240,5658624,5682620,2829312,KXNCAAMBGAME,Iowa at Nebraska,,Iowa,Nebraska,both_mm
KXNCAAMBGAME-26MAR26IOWANEB-NEB,KXNCAAMBGAME-26MAR26IOWANEB,9edddd86-0d1e-4916-96af-ce046b4da3ef,Iowa at Nebraska Winner?,Nebraska,Nebraska,closed,no,2026-03-23T01:45:00Z,2026-03-27T01:27:55Z,2026-03-26T20:00:00Z,2026-03-27T01:32:58Z,2026-03-27T01:27:57Z,0.01,15293820,8606316,7646910,4303158,KXNCAAMBGAME,Iowa at Nebraska,,Iowa,Nebraska,both_mm
KXNCAAMBGAME-26MAR26TEXPUR-PUR,KXNCAAMBGAME-26MAR26TEXPUR,f6254c6d-0130-4c41-98bb-0674fb71d472,Texas at Purdue Winner?,Purdue,Purdue,closed,yes,2026-03-22T18:26:00Z,2026-03-27T01:33:47Z,2026-03-26T20:00:00Z,2026-03-27T01:38:58Z,2026-03-27T01:33:49Z,0.99,15509366,8465698,7754683,4232849,KXNCAAMBGAME,Texas at Purdue,,Texas,Purdue,both_mm
KXNCAAMBGAME-26MAR26TEXPUR-TEX,KXNCAAMBGAME-26MAR26TEXPUR,8824e139-41bd-4214-bcd8-0bb5c7a6cdbf,Texas at Purdue Winner?,Texas,Texas,closed,no,2026-03-22T18:26:00Z,2026-03-27T01:33:47Z,2026-03-26T20:00:00Z,2026-03-27T01:38:58Z,2026-03-27T01:33:49Z,0.01,23375532,13743310,11687766,6871655,KXNCAAMBGAME,Texas at Purdue,,Texas,Purdue,both_mm
KXNCAAMBGAME-26MAR26ILLHOU-HOU,KXNCAAMBGAME-26MAR26ILLHOU,4372b73d-bc41-4c9c-97b0-865e74f6db9a,Illinois at Houston Winner?,Houston,Houston,closed,no,2026-03-22T02:26:00Z,2026-03-27T04:18:43Z,2026-03-26T20:00:00Z,2026-03-27T04:23:48Z,2026-03-27T04:18:45Z,0.01,31133296,22058648,15566648,11029324,KXNCAAMBGAME,Illinois at Houston,,Illinois,Houston,both_mm
KXNCAAMBGAME-26MAR26ILLHOU-ILL,KXNCAAMBGAME-26MAR26ILLHOU,0c5afceb-5a26-471d-aa51-e2a86e5d9374,Illinois at Houston Winner?,Illinois,Illinois,closed,yes,2026-03-22T02:26:00Z,2026-03-27T04:18:43Z,2026-03-26T20:00:00Z,2026-03-27T04:23:48Z,2026-03-27T04:18:45Z,0.99,17931372,9419448,8965686,4709724,KXNCAAMBGAME,Illinois at Houston,,Illinois,Houston,both_mm
KXNCAAMBGAME-26MAR26ARKARIZ-ARIZ,KXNCAAMBGAME-26MAR26ARKARIZ,c5557089-c213-4c8c-851d-ffb702783088,Arkansas at Arizona Winner?,Arizona,Arizona,closed,yes,2026-03-23T02:45:00Z,2026-03-27T04:26:20Z,2026-03-26T20:00:00Z,2026-03-27T04:31:28Z,2026-03-27T04:26:22Z,0.99,9219522,7155490,4609761,3577745,KXNCAAMBGAME,Arkansas at Arizona,,Arkansas,Arizona,both_mm
KXNCAAMBGAME-26MAR26ARKARIZ-ARK,KXNCAAMBGAME-26MAR26ARKARIZ,0ebb4350-1ed0-405d-b5a5-5e11ba4da338,Arkansas at Arizona Winner?,Arkansas,Arkansas,closed,no,2026-03-23T02:45:00Z,2026-03-27T04:26:20Z,2026-03-26T20:00:00Z,2026-03-27T04:31:28Z,2026-03-27T04:26:22Z,0.01,15189682,12169688,7594841,6084844,KXNCAAMBGAME,Arkansas at Arizona,,Arkansas,Arizona,both_mm
KXNCAAMBGAME-26MAR27SJUDUKE-DUKE,KXNCAAMBGAME-26MAR27SJUDUKE,d745a425-4329-4dc0-93d9-0aeba01d6ff9,St. John's at Duke Winner?,Duke,Duke,closed,yes,2026-03-22T23:45:00Z,2026-03-28T01:27:13Z,2026-03-27T20:00:00Z,2026-03-28T01:33:38Z,2026-03-28T01:28:35Z,0.99,23923398,12979064,11961699,6489532,KXNCAAMBGAME,St. John's at Duke,,St. John's,Duke,both_mm
KXNCAAMBGAME-26MAR27SJUDUKE-SJU,KXNCAAMBGAME-26MAR27SJUDUKE,a2b79557-ccd1-4b41-80f3-143aa10fd7df,St. John's at Duke Winner?,St. John's,St. John's,closed,no,2026-03-22T23:45:00Z,2026-03-28T01:27:13Z,2026-03-27T20:00:00Z,2026-03-28T01:33:38Z,2026-03-28T01:28:35Z,0.01,26343858,14288080,13171929,7144040,KXNCAAMBGAME,St. John's at Duke,,St. John's,Duke,both_mm
KXNCAAMBGAME-26MAR27ALAMICH-ALA,KXNCAAMBGAME-26MAR27ALAMICH,e322a852-276f-42f5-b868-f47cd1c2422f,Alabama at Michigan Winner?,Alabama,Alabama,closed,no,2026-03-23T04:26:00Z,2026-03-28T02:09:26Z,2026-03-28T02:35:00Z,2026-03-28T02:14:38Z,2026-03-28T02:09:28Z,0.01,15032118,10193176,7516059,5096588,KXNCAAMBGAME,Alabama at Michigan,,Alabama,Michigan,both_mm
KXNCAAMBGAME-26MAR27ALAMICH-MICH,KXNCAAMBGAME-26MAR27ALAMICH,7debf811-8bbc-40d7-b380-b7c0ad5c5bc9,Alabama at Michigan Winner?,Michigan,Michigan,closed,yes,2026-03-23T04:26:00Z,2026-03-28T02:09:26Z,2026-03-28T02:35:00Z,2026-03-28T02:14:38Z,2026-03-28T02:09:28Z,0.99,9000686,6194472,4500343,3097236,KXNCAAMBGAME,Alabama at Michigan,,Alabama,Michigan,both_mm
KXNCAAMBGAME-26MAR27MSUCONN-CONN,KXNCAAMBGAME-26MAR27MSUCONN,6dd5e8e8-3e42-4d79-a17f-98cc1b4ecda0,Michigan St. at UConn Winner?,UConn,UConn,closed,yes,2026-03-23T03:36:00Z,2026-03-28T04:15:58Z,2026-03-28T04:45:00Z,2026-03-28T04:21:08Z,2026-03-28T04:16:03Z,0.99,21329048,11161864,10664524,5580932,KXNCAAMBGAME,Michigan St. at UConn,,Michigan St.,UConn,both_mm
KXNCAAMBGAME-26MAR27MSUCONN-MSU,KXNCAAMBGAME-26MAR27MSUCONN,07f7fd3e-5d51-41f0-b80f-3994ed73f8c4,Michigan St. at UConn Winner?,Michigan St.,Michigan St.,closed,no,2026-03-23T03:36:00Z,2026-03-28T04:15:58Z,2026-03-28T04:45:00Z,2026-03-28T04:21:08Z,2026-03-28T04:16:03Z,0.01,24361580,13698078,12180790,6849039,KXNCAAMBGAME,Michigan St. at UConn,,Michigan St.,UConn,both_mm
KXNCAAMBGAME-26MAR27TENNISU-ISU,KXNCAAMBGAME-26MAR27TENNISU,1b6af032-043c-4870-8b45-7ca7d067c826,Tennessee at Iowa St. Winner?,Iowa St.,Iowa St.,closed,no,2026-03-23T00:45:00Z,2026-03-28T04:50:14Z,2026-03-27T20:00:00Z,2026-03-28T04:55:18Z,2026-03-28T04:50:15Z,0.01,21099438,13151972,10549719,6575986,KXNCAAMBGAME,Tennessee at Iowa St.,,Tennessee,Iowa St.,both_mm
KXNCAAMBGAME-26MAR27TENNISU-TENN,KXNCAAMBGAME-26MAR27TENNISU,33dcc893-c901-4cdb-9743-799a4744cfbd,Tennessee at Iowa St. Winner?,Tennessee,Tennessee,closed,yes,2026-03-23T00:45:00Z,2026-03-28T04:50:14Z,2026-03-27T20:00:00Z,2026-03-28T04:55:18Z,2026-03-28T04:50:15Z,0.99,14283916,7106028,7141958,3553014,KXNCAAMBGAME,Tennessee at Iowa St.,,Tennessee,Iowa St.,both_mm
KXNCAAMBGAME-26MAR28IOWAILL-ILL,KXNCAAMBGAME-26MAR28IOWAILL,55b32b9f-2b1e-4e6e-834e-06ecf334170e,Iowa at Illinois Winner?,Illinois,Illinois,closed,yes,2026-03-27T04:25:00Z,2026-03-29T00:29:52Z,2026-03-29T01:09:00Z,2026-03-29T00:35:14Z,2026-03-29T00:29:56Z,0.99,17236572,10187308,8618286,5093654,KXNCAAMBGAME,Iowa at Illinois,,Iowa,Illinois,both_mm
KXNCAAMBGAME-26MAR28IOWAILL-IOWA,KXNCAAMBGAME-26MAR28IOWAILL,a648c499-4a37-4b56-9e2a-5a7ac4cc08f6,Iowa at Illinois Winner?,Iowa,Iowa,closed,no,2026-03-27T04:25:00Z,2026-03-29T00:29:52Z,2026-03-29T01:09:00Z,2026-03-29T00:35:14Z,2026-03-29T00:29:56Z,0.01,21109982,13933930,10554991,6966965,KXNCAAMBGAME,Iowa at Illinois,,Iowa,Illinois,both_mm
KXNCAAMBGAME-26MAR28PURARIZ-ARIZ,KXNCAAMBGAME-26MAR28PURARIZ,593cb070-8cf6-4119-9984-f8ad5b155c6e,Purdue at Arizona Winner?,Arizona,Arizona,closed,yes,2026-03-27T04:35:00Z,2026-03-29T03:06:44Z,2026-03-29T03:49:00Z,2026-03-29T03:11:48Z,2026-03-29T03:06:46Z,0.99,30857124,17833250,15428562,8916625,KXNCAAMBGAME,Purdue at Arizona,,Purdue,Arizona,both_mm
KXNCAAMBGAME-26MAR28PURARIZ-PUR,KXNCAAMBGAME-26MAR28PURARIZ,17a2ad1f-8488-42e9-ad32-cf58558fc8bf,Purdue at Arizona Winner?,Purdue,Purdue,closed,no,2026-03-27T04:35:00Z,2026-03-29T03:06:44Z,2026-03-29T03:49:00Z,2026-03-29T03:11:48Z,2026-03-29T03:06:46Z,0.01,24299018,15567006,12149509,7783503,KXNCAAMBGAME,Purdue at Arizona,,Purdue,Arizona,both_mm
KXNCAAMBGAME-26MAR29TENNMICH-MICH,KXNCAAMBGAME-26MAR29TENNMICH,e649fac3-fef6-4ec6-9539-8a9f54f48320,Tennessee at Michigan Winner?,Michigan,Michigan,closed,yes,2026-03-28T04:55:00Z,2026-03-29T20:42:10Z,2026-03-29T21:15:00Z,2026-03-29T20:47:18Z,2026-03-29T20:42:12Z,0.99,13477974,9301334,6738987,4650667,KXNCAAMBGAME,Tennessee at Michigan,,Tennessee,Michigan,both_mm
KXNCAAMBGAME-26MAR29TENNMICH-TENN,KXNCAAMBGAME-26MAR29TENNMICH,af960c28-a14d-48fc-9bbe-6f13e9d558cb,Tennessee at Michigan Winner?,Tennessee,Tennessee,closed,no,2026-03-28T04:55:00Z,2026-03-29T20:42:10Z,2026-03-29T21:15:00Z,2026-03-29T20:47:18Z,2026-03-29T20:42:12Z,0.01,11396028,9147254,5698014,4573627,KXNCAAMBGAME,Tennessee at Michigan,,Tennessee,Michigan,both_mm
KXNCAAMBGAME-26MAR29CONNDUKE-CONN,KXNCAAMBGAME-26MAR29CONNDUKE,f7dfa622-38d7-4ff6-8c47-6f7f36efce4a,UConn at Duke Winner?,UConn,UConn,closed,yes,2026-03-28T04:25:00Z,2026-03-29T23:23:23Z,2026-03-30T00:05:00Z,2026-03-29T23:28:28Z,2026-03-29T23:23:25Z,0.99,40066062,19506194,20033031,9753097,KXNCAAMBGAME,UConn at Duke,,UConn,Duke,both_mm
KXNCAAMBGAME-26MAR29CONNDUKE-DUKE,KXNCAAMBGAME-26MAR29CONNDUKE,760f3852-fe98-45c6-b4c9-a2f29cdfb94f,UConn at Duke Winner?,Duke,Duke,closed,no,2026-03-28T04:25:00Z,2026-03-29T23:23:23Z,2026-03-30T00:05:00Z,2026-03-29T23:28:28Z,2026-03-29T23:23:25Z,0.01,33108652,16862578,16554326,8431289,KXNCAAMBGAME,UConn at Duke,,UConn,Duke,both_mm
KXNCAAMBGAME-26MAR17TEXNCST-NCST,KXNCAAMBGAME-26MAR17TEXNCST,a24b9e88-5d09-4834-9659-50c0fe4b5dcd,Texas at NC St. Winner?,NC St.,NC St.,closed,,2026-03-15T23:15:00Z,2026-03-31T17:00:00Z,2026-03-17T20:00:00Z,2026-03-18T04:05:29Z,,0.01,15373800,8366116,7686900,4183058,KXNCAAMBGAME,Texas at NC St.,,Texas,NC State,both_mm
KXNCAAMBGAME-26MAR17TEXNCST-TEX,KXNCAAMBGAME-26MAR17TEXNCST,7314eb70-dd6b-417e-b8a0-53175cff2be0,Texas at NC St. Winner?,Texas,Texas,closed,,2026-03-15T23:15:00Z,2026-03-31T17:00:00Z,2026-03-17T20:00:00Z,2026-03-18T04:05:29Z,,0.99,14489620,7405948,7244810,3702974,KXNCAAMBGAME,Texas at NC St.,,Texas,NC State,both_mm
KXNCAAMBGAME-26MAR20AKRTTU-AKR,KXNCAAMBGAME-26MAR20AKRTTU,069bd435-f2ac-4f84-9c80-acbcac515bab,Akron at Texas Tech Winner?,Akron,Akron,closed,,2026-03-15T22:47:00Z,2026-04-03T17:00:00Z,2026-03-20T20:00:00Z,2026-03-20T18:54:01Z,,0.01,8919850,5325414,4459925,2662707,KXNCAAMBGAME,Akron at Texas Tech,,Akron,Texas Tech,both_mm
KXNCAAMBGAME-26MAR20AKRTTU-TTU,KXNCAAMBGAME-26MAR20AKRTTU,55720ca4-3d8c-4988-98b1-6e506fef015d,Akron at Texas Tech Winner?,Texas Tech,Texas Tech,closed,,2026-03-15T22:47:00Z,2026-04-03T17:00:00Z,2026-03-20T20:00:00Z,2026-03-20T18:54:01Z,,0.99,8922812,5760816,4461406,2880408,KXNCAAMBGAME,Akron at Texas Tech,,Akron,Texas Tech,both_mm
KXNCAAMBGAME-26APR04ILLCONN-CONN,KXNCAAMBGAME-26APR04ILLCONN,8e6faeaf-3805-47b4-8f67-24d7a551bbdf,Illinois at UConn Winner?,UConn,UConn,closed,yes,2026-03-30T00:27:00Z,2026-04-05T00:25:05Z,2026-04-05T01:09:00Z,2026-04-05T00:30:14Z,2026-04-05T00:25:05Z,0.99,35849510,21580420,17924755,10790210,KXNCAAMBGAME,Illinois at UConn,,Illinois,UConn,both_mm
KXNCAAMBGAME-26APR04ILLCONN-ILL,KXNCAAMBGAME-26APR04ILLCONN,1582323c-40dd-43f8-8dcb-e090359472d5,Illinois at UConn Winner?,Illinois,Illinois,closed,no,2026-03-30T00:27:00Z,2026-04-05T00:25:05Z,2026-04-05T01:09:00Z,2026-04-05T00:30:14Z,2026-04-05T00:25:05Z,0.01,40507768,25651902,20253884,12825951,KXNCAAMBGAME,Illinois at UConn,,Illinois,UConn,both_mm
KXNCAAMBGAME-26APR04MICHARIZ-ARIZ,KXNCAAMBGAME-26APR04MICHARIZ,3db88503-09f2-45e2-8955-d8e5c3fa3ea1,Michigan at Arizona Winner?,Arizona,Arizona,closed,no,2026-03-30T00:27:00Z,2026-04-05T03:34:34Z,2026-04-05T03:49:00Z,2026-04-05T03:39:43Z,2026-04-05T03:34:34Z,0.01,52233840,39183302,26116920,19591651,KXNCAAMBGAME,Michigan at Arizona,,Michigan,Arizona,both_mm
KXNCAAMBGAME-26APR04MICHARIZ-MICH,KXNCAAMBGAME-26APR04MICHARIZ,03866e75-9c97-4b67-b15a-6882a343bc15,Michigan at Arizona Winner?,Michigan,Michigan,closed,yes,2026-03-30T00:27:00Z,2026-04-05T03:34:34Z,2026-04-05T03:49:00Z,2026-04-05T03:39:43Z,2026-04-05T03:34:34Z,0.99,36492288,24420834,18246144,12210417,KXNCAAMBGAME,Michigan at Arizona,,Michigan,Arizona,both_mm
KXNCAAMBGAME-26MAR22UCLACONN-CONN,KXNCAAMBGAME-26MAR22UCLACONN,b6df2287-040c-48f3-8b54-ff0e9064512b,UCLA at UConn Winner?,UConn,UConn,closed,,2026-03-21T04:56:00Z,2026-04-05T17:00:00Z,2026-03-22T20:00:00Z,2026-03-23T03:33:22Z,,0.99,17440130,10995414,8720065,5497707,KXNCAAMBGAME,UCLA at UConn,,UCLA,UConn,both_mm
KXNCAAMBGAME-26MAR22UCLACONN-UCLA,KXNCAAMBGAME-26MAR22UCLACONN,c23be140-461f-47dd-a45f-7e438de2f96c,UCLA at UConn Winner?,UCLA,UCLA,closed,,2026-03-21T04:56:00Z,2026-04-05T17:00:00Z,2026-03-22T20:00:00Z,2026-03-23T03:33:22Z,,0.01,17710436,12461774,8855218,6230887,KXNCAAMBGAME,UCLA at UConn,,UCLA,UConn,both_mm
