pair_key,kalshi_event_ticker,kalshi_event_tickers_all,kalshi_market_source_type,kalshi_market_source_types_all,kalshi_num_rows,kalshi_teams_all,kalshi_team_1,kalshi_opponent_1,kalshi_ticker_1,kalshi_title_1,kalshi_result_1,kalshi_team_2,kalshi_opponent_2,kalshi_ticker_2,kalshi_title_2,kalshi_result_2,polymarket_event_slug,polymarket_event_title,polymarket_title,polymarket_market_id,polymarket_condition_id,polymarket_question_id,polymarket_team_a,polymarket_team_b,polymarket_outcomes,polymarket_clob_token_ids,polymarket_token_id_1,polymarket_token_id_2,polymarket_source,polymarket_market_source_type,polymarket_closed,polymarket_active,matched_game_clean,match_method
Akron || Texas Tech,KXNCAAMBGAME-26MAR20AKRTTU,"[""KXNCAAMBGAME-26MAR20AKRTTU""]",game_winner,"[""game_winner""]",2,"[""Akron"", ""Texas Tech""]",Akron,Texas Tech,KXNCAAMBGAME-26MAR20AKRTTU-AKR,Akron at Texas Tech Winner?,,Texas Tech,Akron,KXNCAAMBGAME-26MAR20AKRTTU-TTU,Akron at Texas Tech Winner?,,cbb-akron-txtech-2026-03-20,Akron Zips vs. Texas Tech Red Raiders,Akron Zips vs. Texas Tech Red Raiders,1602165,0x04c109837e9c83aa410e4a1bfa32d5574b05fafd0a432514965c03a20e2511a6,0x2a1fabde27162ce5f1227a76b5e1460458bb50757cf5b9cbfe3a84fedc0a1a54,Akron,Texas Tech,[],"[""105015751806411093867366456953350999512252519399462229009921348002493556208921"", ""79308286211285981481697518081271815960844799414039636458581868757032388361925""]",105015751806411093867366456953350999512252519399462229009921348002493556208921,79308286211285981481697518081271815960844799414039636458581868757032388361925,predexon_polymarket_candidates,game_winner,,,Akron vs Texas Tech,exact_pair_key
Alabama || Hofstra,KXNCAAMBGAME-26MAR20HOFALA,"[""KXNCAAMBGAME-26MAR20HOFALA""]",game_winner,"[""game_winner""]",2,"[""Alabama"", ""Hofstra""]",Alabama,Hofstra,KXNCAAMBGAME-26MAR20HOFALA-ALA,Hofstra at Alabama Winner?,yes,Hofstra,Alabama,KXNCAAMBGAME-26MAR20HOFALA-HOF,Hofstra at Alabama Winner?,no,cbb-hofst-ala-2026-03-20,Hofstra Pride vs. Alabama Crimson Tide,Hofstra Pride vs. Alabama Crimson Tide,1602175,0x553fc3e6702408b07899e79cc490d34d3d01ab1cecb61ce0d27fce12232f3ac8,0x9d9cbb2ed399d7f5bbf8962b4800c48da5d984afe611f38ceecc24cbf3914521,Hofstra,Alabama,[],"[""29049461839578908236523492739355178159371369103001808454443054866483894885322"", ""76341225335584030858099123253090069370153706642291968639596138457391093565914""]",29049461839578908236523492739355178159371369103001808454443054866483894885322,76341225335584030858099123253090069370153706642291968639596138457391093565914,predexon_polymarket_candidates,game_winner,,,Alabama vs Hofstra,exact_pair_key
Alabama || Michigan,KXNCAAMBGAME-26MAR27ALAMICH,"[""KXNCAAMBGAME-26MAR27ALAMICH""]",game_winner,"[""game_winner""]",2,"[""Alabama"", ""Michigan""]",Alabama,Michigan,KXNCAAMBGAME-26MAR27ALAMICH-ALA,Alabama at Michigan Winner?,no,Michigan,Alabama,KXNCAAMBGAME-26MAR27ALAMICH-MICH,Alabama at Michigan Winner?,yes,cbb-ala-mich-2026-03-27,Alabama Crimson Tide vs. Michigan Wolverines,Alabama Crimson Tide vs. Michigan Wolverines,1688876,0x682ec1e399ff437b2e0cf7bd7e6df650916186829dfa1112f2f2e81a402ece30,0x3167f286eae1e868f0b65c1a53b540d937ca834437cfbf194e1474bbbf263123,Alabama,Michigan,[],"[""31058028660405173173651315689025730539994483848792849474560279252203011850319"", ""84031203592002917334262470868576093775510312558710425317269896203693659940128""]",31058028660405173173651315689025730539994483848792849474560279252203011850319,84031203592002917334262470868576093775510312558710425317269896203693659940128,predexon_polymarket_candidates,game_winner,,,Alabama vs Michigan,exact_pair_key
Alabama || Texas Tech,KXNCAAMBGAME-26MAR22TTUALA,"[""KXNCAAMBGAME-26MAR22TTUALA""]",game_winner,"[""game_winner""]",2,"[""Alabama"", ""Texas Tech""]",Alabama,Texas Tech,KXNCAAMBGAME-26MAR22TTUALA-ALA,Texas Tech at Alabama Winner?,yes,Texas Tech,Alabama,KXNCAAMBGAME-26MAR22TTUALA-TTU,Texas Tech at Alabama Winner?,no,cbb-txtech-ala-2026-03-22,Texas Tech Red Raiders vs. Alabama Crimson Tide,Texas Tech Red Raiders vs. Alabama Crimson Tide,1665981,0x261619a081b347ff183cc4b315647ee98e6645552f65bbeffe15cc83a9d07d26,0xb9750cb1ae68766decae95a1f0d9720afe0b876710e1a5862a801f90cce67a9b,Texas Tech,Alabama,[],"[""59225215309188916427944200110830336195483543653081163898421203368708527905722"", ""112201305494939841914583054299554432971828381305109997042373499077388134270274""]",59225215309188916427944200110830336195483543653081163898421203368708527905722,112201305494939841914583054299554432971828381305109997042373499077388134270274,predexon_polymarket_candidates,game_winner,,,Alabama vs Texas Tech,exact_pair_key
Arizona || Arkansas,KXNCAAMBGAME-26MAR26ARKARIZ,"[""KXNCAAMBGAME-26MAR26ARKARIZ""]",game_winner,"[""game_winner""]",2,"[""Arizona"", ""Arkansas""]",Arizona,Arkansas,KXNCAAMBGAME-26MAR26ARKARIZ-ARIZ,Arkansas at Arizona Winner?,yes,Arkansas,Arizona,KXNCAAMBGAME-26MAR26ARKARIZ-ARK,Arkansas at Arizona Winner?,no,cbb-ark-arz-2026-03-26,Arkansas Razorbacks vs. Arizona Wildcats,Arkansas Razorbacks vs. Arizona Wildcats,1688000,0x0846ea47be5f14e6dca27e14581d79c09583ca653719ce37dc054494e3997952,0xa4c223fa30ccc78f8f36643b6b908966dce897475d4f7f61c6d3e7a47cb2bbb0,Arkansas,Arizona,[],"[""41100365308798661859145040199494781670056892400248239396610536912652520057776"", ""82191725722679457478728557018601391881404208647693525967471584875912376235549""]",41100365308798661859145040199494781670056892400248239396610536912652520057776,82191725722679457478728557018601391881404208647693525967471584875912376235549,predexon_polymarket_candidates,game_winner,,,Arizona vs Arkansas,exact_pair_key
Arizona || Long Island,KXNCAAMBGAME-26MAR20LIUARIZ,"[""KXNCAAMBGAME-26MAR20LIUARIZ""]",game_winner,"[""game_winner""]",2,"[""Arizona"", ""Long Island""]",Arizona,Long Island,KXNCAAMBGAME-26MAR20LIUARIZ-ARIZ,LIU at Arizona Winner?,yes,Long Island,Arizona,KXNCAAMBGAME-26MAR20LIUARIZ-LIU,LIU at Arizona Winner?,no,cbb-liub-arz-2026-03-20,LIU Sharks vs. Arizona Wildcats,LIU Sharks vs. Arizona Wildcats,1602240,0xf5874f9c3df03935b16aea2f2606f28160a5ed410b1a433fd5e16cbb8326a1a8,0xbb5899e6d846b51dc31cd96efc8efee112397ca8555011d584885340dec9d1f5,Long Island,Arizona,[],"[""4913730361920920558781272693126281406435302316350570006478823349891310491549"", ""9409490930224923614822487614966291700996606300666789458000739662899013820681""]",4913730361920920558781272693126281406435302316350570006478823349891310491549,9409490930224923614822487614966291700996606300666789458000739662899013820681,predexon_polymarket_candidates,game_winner,,,Arizona vs Long Island,exact_pair_key
Arizona || Michigan,KXNCAAMBGAME-26APR04MICHARIZ,"[""KXNCAAMBGAME-26APR04MICHARIZ""]",game_winner,"[""game_winner""]",2,"[""Arizona"", ""Michigan""]",Arizona,Michigan,KXNCAAMBGAME-26APR04MICHARIZ-ARIZ,Michigan at Arizona Winner?,no,Michigan,Arizona,KXNCAAMBGAME-26APR04MICHARIZ-MICH,Michigan at Arizona Winner?,yes,cbb-arz-mich-2026-04-04,Arizona Wildcats vs. Michigan Wolverines,Arizona Wildcats vs. Michigan Wolverines,1782751,0x05eec7f96b04c81dfee7ebf538409e0e6c7be08b7c6bd69bad3b02b6f160dfe0,0xf29a0804a2140b7f57be41cb3351bd9cbef2ef786b96df2cdb77560d486e9a47,Arizona,Michigan,[],"[""44766497521417298224542775684305151578865412839932497569295014747238754685930"", ""20996999543007691583276658905733278225425842004273126945333981068139574656671""]",44766497521417298224542775684305151578865412839932497569295014747238754685930,20996999543007691583276658905733278225425842004273126945333981068139574656671,predexon_polymarket_candidates,game_winner,,,Arizona vs Michigan,exact_pair_key
Arizona || Purdue,KXNCAAMBGAME-26MAR28PURARIZ,"[""KXNCAAMBGAME-26MAR28PURARIZ""]",game_winner,"[""game_winner""]",2,"[""Arizona"", ""Purdue""]",Arizona,Purdue,KXNCAAMBGAME-26MAR28PURARIZ-ARIZ,Purdue at Arizona Winner?,yes,Purdue,Arizona,KXNCAAMBGAME-26MAR28PURARIZ-PUR,Purdue at Arizona Winner?,no,cbb-pur-arz-2026-03-28,Purdue Boilermakers vs. Arizona Wildcats,Purdue Boilermakers vs. Arizona Wildcats,1739838,0x7e0a944a6f318025ac3847a05a5081a73c84850facdc2ea3a784962a89737fa4,0x6c996273ba17ab39511049f02d9ac1e88ec3621f4615da180227de71a3f406b4,Purdue,Arizona,[],"[""78514933453541516935187387600874432418436460096129547384891808930037790284911"", ""64024535238733125841763079646903083308933520686600379980978305341937621090800""]",78514933453541516935187387600874432418436460096129547384891808930037790284911,64024535238733125841763079646903083308933520686600379980978305341937621090800,predexon_polymarket_candidates,game_winner,,,Arizona vs Purdue,exact_pair_key
Arizona || Utah State,KXNCAAMBGAME-26MAR22USUARIZ,"[""KXNCAAMBGAME-26MAR22USUARIZ""]",game_winner,"[""game_winner""]",2,"[""Arizona"", ""Utah State""]",Arizona,Utah State,KXNCAAMBGAME-26MAR22USUARIZ-ARIZ,Utah St. at Arizona Winner?,yes,Utah State,Arizona,KXNCAAMBGAME-26MAR22USUARIZ-USU,Utah St. at Arizona Winner?,no,cbb-utahst-arz-2026-03-22,Utah State Aggies vs. Arizona Wildcats,Utah State Aggies vs. Arizona Wildcats,1666743,0xd7313599d51c113b0101ffb4405dd6a788744a96bb5e405c6317d4a11b4f3904,0x502105f23af3ad66e4182f4b44f3f274410fb87e2a60418a28352095efd4cf3d,Utah State,Arizona,[],"[""97375804516138919402368296257548460708782641123645973538856878198805504642693"", ""36807159030821860432748331861018561546226753937211485581292983482466573301303""]",97375804516138919402368296257548460708782641123645973538856878198805504642693,36807159030821860432748331861018561546226753937211485581292983482466573301303,predexon_polymarket_candidates,game_winner,,,Arizona vs Utah State,exact_pair_key
Arkansas || Hawaii,KXNCAAMBGAME-26MAR19HAWARK,"[""KXNCAAMBGAME-26MAR19HAWARK""]",game_winner,"[""game_winner""]",2,"[""Arkansas"", ""Hawaii""]",Arkansas,Hawaii,KXNCAAMBGAME-26MAR19HAWARK-ARK,Hawai'i at Arkansas Winner?,yes,Hawaii,Arkansas,KXNCAAMBGAME-26MAR19HAWARK-HAW,Hawai'i at Arkansas Winner?,no,cbb-hawaii-ark-2026-03-19,Hawaii Rainbow Warriors vs. Arkansas Razorbacks,Hawaii Rainbow Warriors vs. Arkansas Razorbacks,1602031,0x231c6c3ccff8c6872ef2d2795a70799a8483b97adab86b0adb7e0abb52e65554,0xcbd007b8290e7618770442be91cfe2c771079e3fee125afc98fdb0ac6c719bdd,Hawaii,Arkansas,"[""Hawaii Rainbow Warriors"", ""Arkansas Razorbacks""]","[""111285681397453829083749098730190303781369482965681151498085797450573114783420"", ""91305714843440087528678011601178789708752825938382623719554889290326802694751""]",111285681397453829083749098730190303781369482965681151498085797450573114783420,91305714843440087528678011601178789708752825938382623719554889290326802694751,polymarket_gamma_slug,game_winner,1.0,1.0,Arkansas vs Hawaii,exact_pair_key
Arkansas || High Point,KXNCAAMBGAME-26MAR21HPARK,"[""KXNCAAMBGAME-26MAR21HPARK""]",game_winner,"[""game_winner""]",2,"[""Arkansas"", ""High Point""]",Arkansas,High Point,KXNCAAMBGAME-26MAR21HPARK-ARK,High Point at Arkansas Winner?,yes,High Point,Arkansas,KXNCAAMBGAME-26MAR21HPARK-HP,High Point at Arkansas Winner?,no,cbb-hpnt-ark-2026-03-21,High Point Panthers vs. Arkansas Razorbacks,High Point Panthers vs. Arkansas Razorbacks,1656217,0x91942bc1670d23f58cf10595b5d712334f3ce651b4b06720a290f3d3e3353f48,0x27c688e1f9670f8823edb2fe9a1d0025699100ead37fc00491efd68cd214edf5,High Point,Arkansas,[],"[""10351488456972320960464420513577538550642649173769444067847547392785623688376"", ""23526519598114222980736548014711094899008313570855727665180497321326429349863""]",10351488456972320960464420513577538550642649173769444067847547392785623688376,23526519598114222980736548014711094899008313570855727665180497321326429349863,predexon_polymarket_candidates,game_winner,,,Arkansas vs High Point,exact_pair_key
BYU || Texas,KXNCAAMBGAME-26MAR19TEXBYU,"[""KXNCAAMBGAME-26MAR19TEXBYU""]",game_winner,"[""game_winner""]",2,"[""BYU"", ""Texas""]",BYU,Texas,KXNCAAMBGAME-26MAR19TEXBYU-BYU,Texas at BYU Winner?,no,Texas,BYU,KXNCAAMBGAME-26MAR19TEXBYU-TEX,Texas at BYU Winner?,yes,cbb-tx-byu-2026-03-19,Texas Longhorns vs. BYU Cougars,Texas Longhorns vs. BYU Cougars,1644201,0x70c04e13e2fc0cd73a35b736954537f01d8854e9d57ce62312a06b5c05350518,0xc8093478c6ee803f971ed8337c0ae90214f6698e0482c1f8b57926ab124ac576,Texas,BYU,[],"[""63144697917848800663609672106238138655373294816083771082590443598632261330916"", ""88542796149786091913005525806296832252690824331219054946071533506958276686074""]",63144697917848800663609672106238138655373294816083771082590443598632261330916,88542796149786091913005525806296832252690824331219054946071533506958276686074,predexon_polymarket_candidates,game_winner,,,BYU vs Texas,exact_pair_key
California Baptist || Kansas,KXNCAAMBGAME-26MAR20CBUKU,"[""KXNCAAMBGAME-26MAR20CBUKU""]",game_winner,"[""game_winner""]",2,"[""California Baptist"", ""Kansas""]",California Baptist,Kansas,KXNCAAMBGAME-26MAR20CBUKU-CBU,California Baptist at Kansas Winner?,no,Kansas,California Baptist,KXNCAAMBGAME-26MAR20CBUKU-KU,California Baptist at Kansas Winner?,yes,cbb-cabap-kan-2026-03-20,California Baptist Lancers vs. Kansas Jayhawks,California Baptist Lancers vs. Kansas Jayhawks,1602249,0xe71ad07c930b35064a3e03ab42ffc443e95c785019387b7d616394f1709a2902,0xe0b64038960e89cb1b9bffd8ac4193de7ce9ada0abff3c50e06486bda4b0a90d,California Baptist,Kansas,[],"[""55204324117415704168078913327623215628887924189767611245475223031027952461194"", ""86216391130601990922184673346889196651962583362510043343400869228681856704674""]",55204324117415704168078913327623215628887924189767611245475223031027952461194,86216391130601990922184673346889196651962583362510043343400869228681856704674,predexon_polymarket_candidates,game_winner,,,California Baptist vs Kansas,exact_pair_key
Clemson || Iowa,KXNCAAMBGAME-26MAR20IOWACLEM,"[""KXNCAAMBGAME-26MAR20IOWACLEM""]",game_winner,"[""game_winner""]",2,"[""Clemson"", ""Iowa""]",Clemson,Iowa,KXNCAAMBGAME-26MAR20IOWACLEM-CLEM,Iowa at Clemson Winner?,no,Iowa,Clemson,KXNCAAMBGAME-26MAR20IOWACLEM-IOWA,Iowa at Clemson Winner?,yes,cbb-iowa-clmsn-2026-03-20,Iowa Hawkeyes vs. Clemson Tigers,Iowa Hawkeyes vs. Clemson Tigers,1602247,0x41eec77b0af2e0ffa40d1abfa0bfb1cb8c4ca6e304ba42f9fffe7291d69db9be,0x2ce81b27dc32ae87fec6be1479e0d4c7511d094626020c1b50be97dac4e198ff,Iowa,Clemson,[],"[""88019718517198041112185994197211713400925479368660214430030324078219596742767"", ""32146107534054651254521208750298898199286769571146548559273896548639204207770""]",88019718517198041112185994197211713400925479368660214430030324078219596742767,32146107534054651254521208750298898199286769571146548559273896548639204207770,predexon_polymarket_candidates,game_winner,,,Clemson vs Iowa,exact_pair_key
Duke || Saint John's,KXNCAAMBGAME-26MAR27SJUDUKE,"[""KXNCAAMBGAME-26MAR27SJUDUKE""]",game_winner,"[""game_winner""]",2,"[""Duke"", ""Saint John's""]",Duke,Saint John's,KXNCAAMBGAME-26MAR27SJUDUKE-DUKE,St. John's at Duke Winner?,yes,Saint John's,Duke,KXNCAAMBGAME-26MAR27SJUDUKE-SJU,St. John's at Duke Winner?,no,cbb-stjohn-duke-2026-03-27,St. John's Red Storm vs. Duke Blue Devils,St. John's Red Storm vs. Duke Blue Devils,1686946,0x891e9e5612fb38538cfc8e972e8298f51112d78817f73fbfa73d55f5a2a9b477,0xe844ff32303e7dfacf3215b098c99fb61572b06a293b8487bd36653cf206d36c,Saint John's,Duke,[],"[""14199212569863976541165240497836603109354451747519471965245480949207679185215"", ""65503641970158136703516259292243467669354193972901151416267326116001014725196""]",14199212569863976541165240497836603109354451747519471965245480949207679185215,65503641970158136703516259292243467669354193972901151416267326116001014725196,predexon_polymarket_candidates,game_winner,,,Duke vs Saint John's,exact_pair_key
Duke || Siena,KXNCAAMBGAME-26MAR19SIEDUKE,"[""KXNCAAMBGAME-26MAR19SIEDUKE""]",game_winner,"[""game_winner""]",2,"[""Duke"", ""Siena""]",Duke,Siena,KXNCAAMBGAME-26MAR19SIEDUKE-DUKE,Siena at Duke Winner?,yes,Siena,Duke,KXNCAAMBGAME-26MAR19SIEDUKE-SIE,Siena at Duke Winner?,no,cbb-siena-duke-2026-03-19,Siena Saints vs. Duke Blue Devils,Siena Saints vs. Duke Blue Devils,1602111,0xca488e90716d549283660f2aa30f362e57bfaa360ea8338cdf49bb85ffbefe74,0x2b2e26a9bf5ef79b8df5d199d38429a134acbd97d204dfca2e1bf2f8a6157132,Siena,Duke,[],"[""41622565764221085043478569931827007164838436241101211618312502343929522507287"", ""85240826252041168427291833071947073018229022348166789562987180937596002495490""]",41622565764221085043478569931827007164838436241101211618312502343929522507287,85240826252041168427291833071947073018229022348166789562987180937596002495490,predexon_polymarket_candidates,game_winner,,,Duke vs Siena,exact_pair_key
Duke || TCU,KXNCAAMBGAME-26MAR21TCUDUKE,"[""KXNCAAMBGAME-26MAR21TCUDUKE""]",game_winner,"[""game_winner""]",2,"[""Duke"", ""TCU""]",Duke,TCU,KXNCAAMBGAME-26MAR21TCUDUKE-DUKE,TCU at Duke Winner?,yes,TCU,Duke,KXNCAAMBGAME-26MAR21TCUDUKE-TCU,TCU at Duke Winner?,no,cbb-tcu-duke-2026-03-21,TCU Horned Frogs vs. Duke Blue Devils,TCU Horned Frogs vs. Duke Blue Devils,1656244,0x65933c93527508665229e5d49cd68907731f92e46f02672b02160504f4d111f4,0x09c160b984407340366f7fc2098561b00584a011eb2b2efd57503f676ae5fc18,TCU,Duke,[],"[""26879357605581648552030763042288008630825370418236877925670628276238616411768"", ""90576790101411314186358099588684245267465903531290573999378152746429050365668""]",26879357605581648552030763042288008630825370418236877925670628276238616411768,90576790101411314186358099588684245267465903531290573999378152746429050365668,predexon_polymarket_candidates,game_winner,,,Duke vs TCU,exact_pair_key
Duke || UConn,KXNCAAMBGAME-26MAR29CONNDUKE,"[""KXNCAAMBGAME-26MAR29CONNDUKE""]",game_winner,"[""game_winner""]",2,"[""Duke"", ""UConn""]",Duke,UConn,KXNCAAMBGAME-26MAR29CONNDUKE-DUKE,UConn at Duke Winner?,no,UConn,Duke,KXNCAAMBGAME-26MAR29CONNDUKE-CONN,UConn at Duke Winner?,yes,cbb-uconn-duke-2026-03-29,Connecticut Huskies vs. Duke Blue Devils,Connecticut Huskies vs. Duke Blue Devils,1753632,0x87254ca39f82f1fdef981066710fb49904e86358bcf1ed9a4e05e4558d665329,0x52095cef23761fcd9bae0c8b1c74605a25560b475c47feeac2d06506921132df,UConn,Duke,[],"[""8577032136881929388708099817995040432785894255725039905164568455169614229585"", ""43593107886932819109020400566438799290423163745116636294528838097575046355347""]",8577032136881929388708099817995040432785894255725039905164568455169614229585,43593107886932819109020400566438799290423163745116636294528838097575046355347,predexon_polymarket_candidates,game_winner,,,Duke vs UConn,exact_pair_key
Florida || Iowa,KXNCAAMBGAME-26MAR22IOWAFLA,"[""KXNCAAMBGAME-26MAR22IOWAFLA""]",game_winner,"[""game_winner""]",2,"[""Florida"", ""Iowa""]",Florida,Iowa,KXNCAAMBGAME-26MAR22IOWAFLA-FLA,Iowa at Florida Winner?,no,Iowa,Florida,KXNCAAMBGAME-26MAR22IOWAFLA-IOWA,Iowa at Florida Winner?,yes,cbb-iowa-fl-2026-03-22,Iowa Hawkeyes vs. Florida Gators,Iowa Hawkeyes vs. Florida Gators,1668647,0x320a8227bf171846c24d01a6640e638da65f0e5e9a2c9f2346b5c248b5eb4ea5,0x6e68ac8ec7531da391315c88e15b9ecec66529d8b0176cb2c7c161b8f71403d2,Iowa,Florida,[],"[""22982279647126304725876246383164468293958197558580061538886168962946310215031"", ""61940465982040397744031242031058401133822591164359218772886913831781005236268""]",22982279647126304725876246383164468293958197558580061538886168962946310215031,61940465982040397744031242031058401133822591164359218772886913831781005236268,predexon_polymarket_candidates,game_winner,,,Florida vs Iowa,exact_pair_key
Florida || Prairie View A&M,KXNCAAMBGAME-26MAR20PVFLA,"[""KXNCAAMBGAME-26MAR20PVFLA""]",game_winner,"[""game_winner""]",2,"[""Florida"", ""Prairie View A&M""]",Florida,Prairie View A&M,KXNCAAMBGAME-26MAR20PVFLA-FLA,Prairie View A&M at Florida Winner?,yes,Prairie View A&M,Florida,KXNCAAMBGAME-26MAR20PVFLA-PV,Prairie View A&M at Florida Winner?,no,cbb-pvam-fl-2026-03-20,Prairie View A&M Panthers vs. Florida Gators,Prairie View A&M Panthers vs. Florida Gators,1649974,0x253310f4e8839dd3eab2cffac9585f723ea7f1e88dc5cf36032186ac12a0722b,0x4984ffe9af1b75af0cc207d8b5d76f0ff7b925ccabec3efe71774bb160b90c9e,Prairie View A&M,Florida,"[""Prairie View A&M Panthers"", ""Florida Gators""]","[""93692058997916821630227683765337700778148812937100324458244474729785610766780"", ""38468583956973569139483379322927785078119689767943787258589960939647369019676""]",93692058997916821630227683765337700778148812937100324458244474729785610766780,38468583956973569139483379322927785078119689767943787258589960939647369019676,polymarket_gamma_slug,game_winner,1.0,1.0,Florida vs Prairie View A&M,exact_pair_key
Furman || UConn,KXNCAAMBGAME-26MAR20FURCONN,"[""KXNCAAMBGAME-26MAR20FURCONN""]",game_winner,"[""game_winner""]",2,"[""Furman"", ""UConn""]",Furman,UConn,KXNCAAMBGAME-26MAR20FURCONN-FUR,Furman at UConn Winner?,no,UConn,Furman,KXNCAAMBGAME-26MAR20FURCONN-CONN,Furman at UConn Winner?,yes,cbb-furman-uconn-2026-03-20,Furman Paladins vs. Connecticut Huskies,Furman Paladins vs. Connecticut Huskies,1602251,0xa975ba5b4a113fd1dab41d787d37d714ba0c5a144dba4a4e06491110d665522d,0x55064a4059b42f5d1ac7f170f58377487f2adbc190604f5f28dd44aba6596453,Furman,UConn,[],"[""115197014545790711455252704048542820163808143402660557569124115092108053667594"", ""89108373864437510966053279018117953216832793306244932425971907442192231322683""]",115197014545790711455252704048542820163808143402660557569124115092108053667594,89108373864437510966053279018117953216832793306244932425971907442192231322683,predexon_polymarket_candidates,game_winner,,,Furman vs UConn,exact_pair_key
Georgia || Saint Louis,KXNCAAMBGAME-26MAR19SLUUGA,"[""KXNCAAMBGAME-26MAR19SLUUGA""]",game_winner,"[""game_winner""]",2,"[""Georgia"", ""Saint Louis""]",Georgia,Saint Louis,KXNCAAMBGAME-26MAR19SLUUGA-UGA,Saint Louis at Georgia Winner?,no,Saint Louis,Georgia,KXNCAAMBGAME-26MAR19SLUUGA-SLU,Saint Louis at Georgia Winner?,yes,cbb-stlou-ga-2026-03-19,Saint Louis Billikens vs. Georgia Bulldogs,Saint Louis Billikens vs. Georgia Bulldogs,1602028,0xec0aab1943dd221b8c07506b4bf6d8c8241db46be9df6c0939f42d77d8e9e957,0x17174995f6dfc06f2ab331d7042642afd2d25dbd53501bac96a1f6ef26a8fba8,Saint Louis,Georgia,[],"[""32383763199294923318526347312242993888949003428719061559136080445195605493642"", ""54034530941382088240057378429034130481256150294287711254662539979606717652302""]",32383763199294923318526347312242993888949003428719061559136080445195605493642,54034530941382088240057378429034130481256150294287711254662539979606717652302,predexon_polymarket_candidates,game_winner,,,Georgia vs Saint Louis,exact_pair_key
Gonzaga || Kennesaw State,KXNCAAMBGAME-26MAR19KENNGONZ,"[""KXNCAAMBGAME-26MAR19KENNGONZ""]",game_winner,"[""game_winner""]",2,"[""Gonzaga"", ""Kennesaw State""]",Gonzaga,Kennesaw State,KXNCAAMBGAME-26MAR19KENNGONZ-GONZ,Kennesaw St. at Gonzaga Winner?,yes,Kennesaw State,Gonzaga,KXNCAAMBGAME-26MAR19KENNGONZ-KENN,Kennesaw St. at Gonzaga Winner?,no,cbb-kenest-gnzg-2026-03-19,Kennesaw State Owls vs. Gonzaga Bulldogs,Kennesaw State Owls vs. Gonzaga Bulldogs,1602032,0x1b6cf3bee8120b0e83a7ce6a10bb4586e670a96d91542c93888c90c7d60daec8,0xbb39a1b056ec2451191209ee763c2136b9d95fe92e0f4a1dc95704141e1e1164,Kennesaw State,Gonzaga,[],"[""77364380867744027853554654244578357160431146267569463684209979869576327589886"", ""77282343979654298927369197320420855801023450579123253894160386420792023206588""]",77364380867744027853554654244578357160431146267569463684209979869576327589886,77282343979654298927369197320420855801023450579123253894160386420792023206588,predexon_polymarket_candidates,game_winner,,,Gonzaga vs Kennesaw State,exact_pair_key
Gonzaga || Texas,KXNCAAMBGAME-26MAR21TEXGONZ,"[""KXNCAAMBGAME-26MAR21TEXGONZ""]",game_winner,"[""game_winner""]",2,"[""Gonzaga"", ""Texas""]",Gonzaga,Texas,KXNCAAMBGAME-26MAR21TEXGONZ-GONZ,Texas at Gonzaga Winner?,no,Texas,Gonzaga,KXNCAAMBGAME-26MAR21TEXGONZ-TEX,Texas at Gonzaga Winner?,yes,cbb-tx-gnzg-2026-03-21,Texas Longhorns vs. Gonzaga Bulldogs,Texas Longhorns vs. Gonzaga Bulldogs,1659161,0xbbb0e9aa6c87f1ebfb3636615c7b6f7ec69c78dfa4c1b2f2f4f77ccd3512d84c,0x0ab33de97cb8d1575d9ae9d922a48a0295f05ca10434cb72d0cfd0be7fd49ab7,Texas,Gonzaga,[],"[""1577792797885483215981800009927807088450732941256357501211184144368773181914"", ""55259781684403218117288564174975779946821753193814610955413089191234400828127""]",1577792797885483215981800009927807088450732941256357501211184144368773181914,55259781684403218117288564174975779946821753193814610955413089191234400828127,predexon_polymarket_candidates,game_winner,,,Gonzaga vs Texas,exact_pair_key
High Point || Wisconsin,KXNCAAMBGAME-26MAR19HPWIS,"[""KXNCAAMBGAME-26MAR19HPWIS""]",game_winner,"[""game_winner""]",2,"[""High Point"", ""Wisconsin""]",High Point,Wisconsin,KXNCAAMBGAME-26MAR19HPWIS-HP,High Point at Wisconsin Winner?,yes,Wisconsin,High Point,KXNCAAMBGAME-26MAR19HPWIS-WIS,High Point at Wisconsin Winner?,no,cbb-hpnt-wisc-2026-03-19,High Point Panthers vs. Wisconsin Badgers,High Point Panthers vs. Wisconsin Badgers,1602029,0x00342368bcca5a5b6e21d837edaebc7efaab6e48ce9041c6a215ddc7d22420d6,0x15e8e82ff745234a4c8215c4512824650f9bb023adbb71f9bd162c29e409c253,High Point,Wisconsin,[],"[""78247433322859832209905493083476424620017252740026398257045598193045405409604"", ""105014857322298860955907554362436574090310628655183544852483667313232638302024""]",78247433322859832209905493083476424620017252740026398257045598193045405409604,105014857322298860955907554362436574090310628655183544852483667313232638302024,predexon_polymarket_candidates,game_winner,,,High Point vs Wisconsin,exact_pair_key
Houston || Idaho,KXNCAAMBGAME-26MAR19IDHOHOU,"[""KXNCAAMBGAME-26MAR19IDHOHOU""]",game_winner,"[""game_winner""]",2,"[""Houston"", ""Idaho""]",Houston,Idaho,KXNCAAMBGAME-26MAR19IDHOHOU-HOU,Idaho at Houston Winner?,yes,Idaho,Houston,KXNCAAMBGAME-26MAR19IDHOHOU-IDHO,Idaho at Houston Winner?,no,cbb-idaho-hou-2026-03-19,Idaho Vandals vs. Houston Cougars,Idaho Vandals vs. Houston Cougars,1602095,0x74f43598db97701c04c821d2cb0cd1418078fde4c71868aff2f524cb9a7db410,0xe660a0d9abd0746ba5b66f3eec77a20648abf018bb1ca2dea67ff9513c9eedf5,Idaho,Houston,"[""Idaho Vandals"", ""Houston Cougars""]","[""30303840818630395425342036097160414920080450344351409266338001257015601683947"", ""4475145311217296731087102781298270910208993524500339526303354822301020879243""]",30303840818630395425342036097160414920080450344351409266338001257015601683947,4475145311217296731087102781298270910208993524500339526303354822301020879243,polymarket_gamma_slug,game_winner,1.0,1.0,Houston vs Idaho,exact_pair_key
Houston || Illinois,KXNCAAMBGAME-26MAR26ILLHOU,"[""KXNCAAMBGAME-26MAR26ILLHOU""]",game_winner,"[""game_winner""]",2,"[""Houston"", ""Illinois""]",Houston,Illinois,KXNCAAMBGAME-26MAR26ILLHOU-HOU,Illinois at Houston Winner?,no,Illinois,Houston,KXNCAAMBGAME-26MAR26ILLHOU-ILL,Illinois at Houston Winner?,yes,cbb-ill-hou-2026-03-26,Illinois Fighting Illini vs. Houston Cougars,Illinois Fighting Illini vs. Houston Cougars,1678319,0x742cccb8094536132d2afee783308a6eb3498a094f2082dc26dd13bfd0bf3c2b,0xe7f090fd239b19938fe841349dcb88fa382906018f79e73c697badf6af2ef916,Illinois,Houston,[],"[""32808458875366467745777044160603661512817861173859925631005519080722962618453"", ""59202108327135535421172568160321982683582378216670455227255549883175903089000""]",32808458875366467745777044160603661512817861173859925631005519080722962618453,59202108327135535421172568160321982683582378216670455227255549883175903089000,predexon_polymarket_candidates,game_winner,,,Houston vs Illinois,exact_pair_key
Houston || Texas A&M,KXNCAAMBGAME-26MAR21TXAMHOU,"[""KXNCAAMBGAME-26MAR21TXAMHOU""]",game_winner,"[""game_winner""]",2,"[""Houston"", ""Texas A&M""]",Houston,Texas A&M,KXNCAAMBGAME-26MAR21TXAMHOU-HOU,Texas A&M at Houston Winner?,yes,Texas A&M,Houston,KXNCAAMBGAME-26MAR21TXAMHOU-TXAM,Texas A&M at Houston Winner?,no,cbb-txam-hou-2026-03-21,Texas A&M Aggies vs. Houston Cougars,Texas A&M Aggies vs. Houston Cougars,1659175,0x9c61c6cf2cafa7f667ef51c7e10ef29fa9bfa0b7a620cc7fcbe81694123a29dc,0x6fe8baa66182e127a67c366f1dc134c941672c552259fbf52f474cd7f0ac567b,Texas A&M,Houston,[],"[""76730553471439620740396579918690110886594742882933608769279596427680243804650"", ""84141737425022751206939249934110894478951350188759069595093607906058588749206""]",76730553471439620740396579918690110886594742882933608769279596427680243804650,84141737425022751206939249934110894478951350188759069595093607906058588749206,predexon_polymarket_candidates,game_winner,,,Houston vs Texas A&M,exact_pair_key
Howard || Michigan,KXNCAAMBGAME-26MAR19HOWMICH,"[""KXNCAAMBGAME-26MAR19HOWMICH""]",game_winner,"[""game_winner""]",2,"[""Howard"", ""Michigan""]",Howard,Michigan,KXNCAAMBGAME-26MAR19HOWMICH-HOW,Howard at Michigan Winner?,no,Michigan,Howard,KXNCAAMBGAME-26MAR19HOWMICH-MICH,Howard at Michigan Winner?,yes,cbb-howrd-mich-2026-03-19,Howard Bison vs. Michigan Wolverines,Howard Bison vs. Michigan Wolverines,1644186,0x89b4953ff93ac3d91d3b29040bcc1f1a1b35939a274223c837bd5953a7bdefeb,0x4000ec375b1c580156c47a7f1a5f5adf4dfd70c47781b295b14e045b0e955332,Howard,Michigan,[],"[""24030578345687573290297317228457747680294453914402028128646921013553594905544"", ""38420438425201589923495043800959999482229759531158073337968044890409960431355""]",24030578345687573290297317228457747680294453914402028128646921013553594905544,38420438425201589923495043800959999482229759531158073337968044890409960431355,predexon_polymarket_candidates,game_winner,,,Howard vs Michigan,exact_pair_key
Howard || UMBC,KXNCAAMBGAME-26MAR17UMBCHOW,"[""KXNCAAMBGAME-26MAR17UMBCHOW""]",game_winner,"[""game_winner""]",2,"[""Howard"", ""UMBC""]",Howard,UMBC,KXNCAAMBGAME-26MAR17UMBCHOW-HOW,UMBC at Howard Winner?,yes,UMBC,Howard,KXNCAAMBGAME-26MAR17UMBCHOW-UMBC,UMBC at Howard Winner?,no,cbb-howrd-umbc-2026-03-17,Howard Bison vs. UMBC Retrievers,Howard Bison vs. UMBC Retrievers,1602025,0x63f4859ba6b341ec56c53fc5d49e371def1dab41ccae6e02fb05166d8b96f5fd,0xf230ebe3a5e53376bf7e59023eb178185516b8c4e9d909155249995a8671f39d,Howard,UMBC,[],"[""35619554017483865307889123235764517895280444380913860505343366017190716564053"", ""62005142967004570262404026040602814208043813003828505855202303887392147053753""]",35619554017483865307889123235764517895280444380913860505343366017190716564053,62005142967004570262404026040602814208043813003828505855202303887392147053753,predexon_polymarket_candidates,game_winner,,,Howard vs UMBC,exact_pair_key
Illinois || Iowa,KXNCAAMBGAME-26MAR28IOWAILL,"[""KXNCAAMBGAME-26MAR28IOWAILL""]",game_winner,"[""game_winner""]",2,"[""Illinois"", ""Iowa""]",Illinois,Iowa,KXNCAAMBGAME-26MAR28IOWAILL-ILL,Iowa at Illinois Winner?,yes,Iowa,Illinois,KXNCAAMBGAME-26MAR28IOWAILL-IOWA,Iowa at Illinois Winner?,no,cbb-ill-iowa-2026-03-28,Illinois Fighting Illini vs. Iowa Hawkeyes,Illinois Fighting Illini vs. Iowa Hawkeyes,1739839,0x36815bf4ed83781ab21bd4ed89e32afcbcd16afa0881f84ef36ddfc446595fca,0x24a3883f9baef4c08f598a55c0b2a53652fae05aff284546ac23a1f683c76175,Illinois,Iowa,[],"[""51016507619180924665597559307500966371300359990730628147295374239685630001225"", ""94447182302194482310220356455575365299769150002438081485821221492788471804424""]",51016507619180924665597559307500966371300359990730628147295374239685630001225,94447182302194482310220356455575365299769150002438081485821221492788471804424,predexon_polymarket_candidates,game_winner,,,Illinois vs Iowa,exact_pair_key
Illinois || Penn,KXNCAAMBGAME-26MAR19PENNILL,"[""KXNCAAMBGAME-26MAR19PENNILL""]",game_winner,"[""game_winner""]",2,"[""Illinois"", ""Penn""]",Illinois,Penn,KXNCAAMBGAME-26MAR19PENNILL-ILL,Penn at Illinois Winner?,yes,Penn,Illinois,KXNCAAMBGAME-26MAR19PENNILL-PENN,Penn at Illinois Winner?,no,cbb-penn-ill-2026-03-19,Penn Quakers vs. Illinois Fighting Illini,Penn Quakers vs. Illinois Fighting Illini,1602065,0x59ba893939deff4d8d7a558b01c00e547408d9ca6305e4e4c4e0247bbcc63a04,0x89180155681ae5fceb75cc70adfbd4dc75218309a80fddbdd4311de0465d89f9,Penn,Illinois,"[""Penn Quakers"", ""Illinois Fighting Illini""]","[""81404167820010055383499375374467265634429682969273009244958531274920188746081"", ""71788196604816936595733729779480423507342573446534526103969944547654421480053""]",81404167820010055383499375374467265634429682969273009244958531274920188746081,71788196604816936595733729779480423507342573446534526103969944547654421480053,polymarket_gamma_slug,game_winner,1.0,1.0,Illinois vs Penn,exact_pair_key
Illinois || UConn,KXNCAAMBGAME-26APR04ILLCONN,"[""KXNCAAMBGAME-26APR04ILLCONN""]",game_winner,"[""game_winner""]",2,"[""Illinois"", ""UConn""]",Illinois,UConn,KXNCAAMBGAME-26APR04ILLCONN-ILL,Illinois at UConn Winner?,no,UConn,Illinois,KXNCAAMBGAME-26APR04ILLCONN-CONN,Illinois at UConn Winner?,yes,cbb-uconn-ill-2026-04-04,Connecticut Huskies vs. Illinois Fighting Illini,Connecticut Huskies vs. Illinois Fighting Illini,1784570,0xf01f219b5c84dedd842fc94649d82cd4c84f4c74109346692814f558b8cd3025,0x448cf13487f27abce2de5dd20ccb91cb51410b466ff55d0a383a3811ec9e9dc0,UConn,Illinois,[],"[""106447153859732581858501981152769526846682415971322752215765883552796092631383"", ""23687598488518037874835412353696130311925096871264558838732323936801045523249""]",106447153859732581858501981152769526846682415971322752215765883552796092631383,23687598488518037874835412353696130311925096871264558838732323936801045523249,predexon_polymarket_candidates,game_winner,,,Illinois vs UConn,exact_pair_key
Illinois || VCU,KXNCAAMBGAME-26MAR21VCUILL,"[""KXNCAAMBGAME-26MAR21VCUILL""]",game_winner,"[""game_winner""]",2,"[""Illinois"", ""VCU""]",Illinois,VCU,KXNCAAMBGAME-26MAR21VCUILL-ILL,VCU at Illinois Winner?,yes,VCU,Illinois,KXNCAAMBGAME-26MAR21VCUILL-VCU,VCU at Illinois Winner?,no,cbb-vcu-ill-2026-03-21,VCU Rams vs. Illinois Fighting Illini,VCU Rams vs. Illinois Fighting Illini,1658763,0x61edd42d81c809c76b5665e4b30747590ecc51126a4071b3b0cf821d4ae2d9a4,0xf1288d44f0c61309d2dc484441d03bb5d69d10e09835e546e0553d0ebd2c9a54,VCU,Illinois,[],"[""101357217774970664179648095576969159019433650191151058706970560053082352053062"", ""96494234806083775187423356670339879704573969510541953625296764312396136868236""]",101357217774970664179648095576969159019433650191151058706970560053082352053062,96494234806083775187423356670339879704573969510541953625296764312396136868236,predexon_polymarket_candidates,game_winner,,,Illinois vs VCU,exact_pair_key
Iowa State || Kentucky,KXNCAAMBGAME-26MAR22UKISU,"[""KXNCAAMBGAME-26MAR22UKISU""]",game_winner,"[""game_winner""]",2,"[""Iowa State"", ""Kentucky""]",Iowa State,Kentucky,KXNCAAMBGAME-26MAR22UKISU-ISU,Kentucky at Iowa St. Winner?,yes,Kentucky,Iowa State,KXNCAAMBGAME-26MAR22UKISU-UK,Kentucky at Iowa St. Winner?,no,cbb-uk-iowast-2026-03-22,Kentucky Wildcats vs. Iowa State Cyclones,Kentucky Wildcats vs. Iowa State Cyclones,1665984,0x04d3fa4e4550bb9d5f230eff9a6f2f27e0c9da6a54ac0d70687a1987918a914f,0x57701e48e33cc26c125fe91f44baf4cc8d50084547d53a61ab12393076b865b6,Kentucky,Iowa State,[],"[""46703831511144853322217927511021257764912282700164554487900917485358271749870"", ""47744761168882236169688525110713011387653391771351137104949432404737999128531""]",46703831511144853322217927511021257764912282700164554487900917485358271749870,47744761168882236169688525110713011387653391771351137104949432404737999128531,predexon_polymarket_candidates,game_winner,,,Iowa State vs Kentucky,exact_pair_key
Iowa State || Tennessee,KXNCAAMBGAME-26MAR27TENNISU,"[""KXNCAAMBGAME-26MAR27TENNISU""]",game_winner,"[""game_winner""]",2,"[""Iowa State"", ""Tennessee""]",Iowa State,Tennessee,KXNCAAMBGAME-26MAR27TENNISU-ISU,Tennessee at Iowa St. Winner?,no,Tennessee,Iowa State,KXNCAAMBGAME-26MAR27TENNISU-TENN,Tennessee at Iowa St. Winner?,yes,cbb-tenn-iowast-2026-03-27,Tennessee Volunteers vs. Iowa State Cyclones,Tennessee Volunteers vs. Iowa State Cyclones,1687407,0x8cdf3e7e2322abce8d841b8aae3b1e771a2a2ca1b614a6fd33ef15ee51339609,0x448088e736697a6a6383284ac1fede318976b9d5b47f0b26792fad3f7c8d0c5e,Tennessee,Iowa State,[],"[""81438783150792244592328715427303188623453352675284541060677928493725012936568"", ""61556323625927994597831200744068971396152002448048596884917011307398621797080""]",81438783150792244592328715427303188623453352675284541060677928493725012936568,61556323625927994597831200744068971396152002448048596884917011307398621797080,predexon_polymarket_candidates,game_winner,,,Iowa State vs Tennessee,exact_pair_key
Iowa State || Tennessee State,KXNCAAMBGAME-26MAR20TNSTISU,"[""KXNCAAMBGAME-26MAR20TNSTISU""]",game_winner,"[""game_winner""]",2,"[""Iowa State"", ""Tennessee State""]",Iowa State,Tennessee State,KXNCAAMBGAME-26MAR20TNSTISU-ISU,Tennessee St. at Iowa St. Winner?,yes,Tennessee State,Iowa State,KXNCAAMBGAME-26MAR20TNSTISU-TNST,Tennessee St. at Iowa St. Winner?,no,cbb-tenst-iowast-2026-03-20,Tennessee State Tigers vs. Iowa State Cyclones,Tennessee State Tigers vs. Iowa State Cyclones,1602225,0xbaf047ab6a52b0e9aced1992db768df80b0754d465b838b166c865493f05da2f,0x2c275ead4bbd81210c58cf8ed44538003d16a4e5a582870eef2145293391eef2,Tennessee State,Iowa State,[],"[""106379933779189809997557022850346241785693092980229872748435283820869564326293"", ""15361374646856139721451799607802854417212524597994881086242204503144690018491""]",106379933779189809997557022850346241785693092980229872748435283820869564326293,15361374646856139721451799607802854417212524597994881086242204503144690018491,predexon_polymarket_candidates,game_winner,,,Iowa State vs Tennessee State,exact_pair_key
Iowa || Nebraska,KXNCAAMBGAME-26MAR26IOWANEB,"[""KXNCAAMBGAME-26MAR26IOWANEB""]",game_winner,"[""game_winner""]",2,"[""Iowa"", ""Nebraska""]",Iowa,Nebraska,KXNCAAMBGAME-26MAR26IOWANEB-IOWA,Iowa at Nebraska Winner?,yes,Nebraska,Iowa,KXNCAAMBGAME-26MAR26IOWANEB-NEB,Iowa at Nebraska Winner?,no,cbb-nebr-iowa-2026-03-26,Nebraska Cornhuskers vs. Iowa Hawkeyes,Nebraska Cornhuskers vs. Iowa Hawkeyes,1687801,0xe96bab86f43e9ae8647eedb5ed680747a8875571c027d11f1f2bae39867d4209,0xb72f9836c45d7c7288beb5e5d2a3377791e8e581eca1c4bfe7886f05326f361c,Nebraska,Iowa,[],"[""6143758395191852229197516807548968371194839168426806816072019634277215860097"", ""8407769013236185519523211059555999620435865750175863777492373951715898856141""]",6143758395191852229197516807548968371194839168426806816072019634277215860097,8407769013236185519523211059555999620435865750175863777492373951715898856141,predexon_polymarket_candidates,game_winner,,,Iowa vs Nebraska,exact_pair_key
Kansas || Saint John's,KXNCAAMBGAME-26MAR22SJUKU,"[""KXNCAAMBGAME-26MAR22SJUKU""]",game_winner,"[""game_winner""]",2,"[""Kansas"", ""Saint John's""]",Kansas,Saint John's,KXNCAAMBGAME-26MAR22SJUKU-KU,St. John's at Kansas Winner?,no,Saint John's,Kansas,KXNCAAMBGAME-26MAR22SJUKU-SJU,St. John's at Kansas Winner?,yes,cbb-stjohn-kan-2026-03-22,St. John's Red Storm vs. Kansas Jayhawks,St. John's Red Storm vs. Kansas Jayhawks,1668979,0x4894a87bf837238e58bba3768d046a053946bc54fd8c800f7cd2a561f1796977,0x239d5756b2d6978c3feae500edaf33c351e3cd939698f2ae97318a96fb69dc39,Saint John's,Kansas,[],"[""48068488443929504799541214060128349541428360301712650373263604966011388230686"", ""73540916657698057460080250711463737886661802002626636307453497280366356175445""]",48068488443929504799541214060128349541428360301712650373263604966011388230686,73540916657698057460080250711463737886661802002626636307453497280366356175445,predexon_polymarket_candidates,game_winner,,,Kansas vs Saint John's,exact_pair_key
Kentucky || Santa Clara,KXNCAAMBGAME-26MAR20SCUUK,"[""KXNCAAMBGAME-26MAR20SCUUK""]",game_winner,"[""game_winner""]",2,"[""Kentucky"", ""Santa Clara""]",Kentucky,Santa Clara,KXNCAAMBGAME-26MAR20SCUUK-UK,Santa Clara at Kentucky Winner?,yes,Santa Clara,Kentucky,KXNCAAMBGAME-26MAR20SCUUK-SCU,Santa Clara at Kentucky Winner?,no,cbb-sanclr-uk-2026-03-20,Santa Clara Broncos vs. Kentucky Wildcats,Santa Clara Broncos vs. Kentucky Wildcats,1602208,0x1877d73f4f3cb7fc56ac69f4b83dbaebbecefd8390da3b47265ed4cc7df0f80c,0xd00db610fe82a2da94718727cdcc329b178ef49c524bfb9632b8b8649e2a4e30,Santa Clara,Kentucky,[],"[""7209208853410266549175490708044855137325697203910236238375646804764733435388"", ""96201733608502458627905480167652884986457888149548653845440039271543270786117""]",7209208853410266549175490708044855137325697203910236238375646804764733435388,96201733608502458627905480167652884986457888149548653845440039271543270786117,predexon_polymarket_candidates,game_winner,,,Kentucky vs Santa Clara,exact_pair_key
Lehigh || Prairie View A&M,KXNCAAMBGAME-26MAR18PVLEH,"[""KXNCAAMBGAME-26MAR18PVLEH""]",game_winner,"[""game_winner""]",2,"[""Lehigh"", ""Prairie View A&M""]",Lehigh,Prairie View A&M,KXNCAAMBGAME-26MAR18PVLEH-LEH,Prairie View A&M at Lehigh Winner?,no,Prairie View A&M,Lehigh,KXNCAAMBGAME-26MAR18PVLEH-PV,Prairie View A&M at Lehigh Winner?,yes,cbb-lehi-pvam-2026-03-18,Lehigh Mountain Hawks vs. Prairie View A&M Panthers,Lehigh Mountain Hawks vs. Prairie View A&M Panthers,1602027,0xa5bb84a7462befd81df5497dba54cf6e2050d8da5449a0387db1cc67212d65d0,0xc557c30764d7a71afdc237873406094695810092e183a73d9cc2180fe33a0def,Lehigh,Prairie View A&M,[],"[""69822760506963293788091860614727344210894891120716057456257735813369996441588"", ""79261892311773612151914108261572861958184785682610290193371234066836996484694""]",69822760506963293788091860614727344210894891120716057456257735813369996441588,79261892311773612151914108261572861958184785682610290193371234066836996484694,predexon_polymarket_candidates,game_winner,,,Lehigh vs Prairie View A&M,exact_pair_key
Louisville || Michigan State,KXNCAAMBGAME-26MAR21LOUMSU,"[""KXNCAAMBGAME-26MAR21LOUMSU""]",game_winner,"[""game_winner""]",2,"[""Louisville"", ""Michigan State""]",Louisville,Michigan State,KXNCAAMBGAME-26MAR21LOUMSU-LOU,Louisville at Michigan St. Winner?,no,Michigan State,Louisville,KXNCAAMBGAME-26MAR21LOUMSU-MSU,Louisville at Michigan St. Winner?,yes,cbb-lou-mst-2026-03-21,Louisville Cardinals vs. Michigan State Spartans,Louisville Cardinals vs. Michigan State Spartans,1656256,0x4ef8323193ded8cf5f54bad711a61fb9f2b29588f2663d126d0174e5fabbe054,0xbf49be09ff8866c9b8d35c247962b5510e8b639b22e52d5bead63d1ea3853108,Louisville,Michigan State,[],"[""79314174435030405040841373011512243248925330349434286718546566867748458510236"", ""105450548550809864639402122015530684852985789423661313415373991994626046117823""]",79314174435030405040841373011512243248925330349434286718546566867748458510236,105450548550809864639402122015530684852985789423661313415373991994626046117823,predexon_polymarket_candidates,game_winner,,,Louisville vs Michigan State,exact_pair_key
Louisville || South Florida,KXNCAAMBGAME-26MAR19USFLOU,"[""KXNCAAMBGAME-26MAR19USFLOU""]",game_winner,"[""game_winner""]",2,"[""Louisville"", ""South Florida""]",Louisville,South Florida,KXNCAAMBGAME-26MAR19USFLOU-LOU,South Florida at Louisville Winner?,yes,South Florida,Louisville,KXNCAAMBGAME-26MAR19USFLOU-USF,South Florida at Louisville Winner?,no,cbb-sfl-lou-2026-03-19,South Florida Bulls vs. Louisville Cardinals,South Florida Bulls vs. Louisville Cardinals,1602139,0x3e5a63708c82a66ed7dfe147155ad1b96470dc81a2e7ed6dd97ff6b4791a4714,0x5a758192e7d78a6aae65d852bdc3558af152812a3248d41508e39f21e7f1ae27,South Florida,Louisville,[],"[""79683168977793405368408014202910010834474183585397308403134237692342458505581"", ""68656678862547551986739165606156144618089179299986883035106515773477403186433""]",79683168977793405368408014202910010834474183585397308403134237692342458505581,68656678862547551986739165606156144618089179299986883035106515773477403186433,predexon_polymarket_candidates,game_winner,,,Louisville vs South Florida,exact_pair_key
McNeese || Vanderbilt,KXNCAAMBGAME-26MAR19MCNSVAN,"[""KXNCAAMBGAME-26MAR19MCNSVAN""]",game_winner,"[""game_winner""]",2,"[""McNeese"", ""Vanderbilt""]",McNeese,Vanderbilt,KXNCAAMBGAME-26MAR19MCNSVAN-MCNS,McNeese at Vanderbilt Winner?,no,Vanderbilt,McNeese,KXNCAAMBGAME-26MAR19MCNSVAN-VAN,McNeese at Vanderbilt Winner?,yes,cbb-mcnst-vand-2026-03-19,McNeese State Cowboys vs. Vanderbilt Commodores,McNeese State Cowboys vs. Vanderbilt Commodores,1602033,0xc30c463a0e2da8a260a7cb9e6a12ed11f12fa37209106ba8cae34f2f9b5e8dfa,0x42e6182ef081d86234afe1ed1fe5298e5eca4d9f61be2c38b088b9f09cb6c07a,McNeese,Vanderbilt,[],"[""27111001495479706166271767350773999931249596087734065390549271691958894627713"", ""55148318464700958356194782246886046839288867263420618196013838582304311616567""]",27111001495479706166271767350773999931249596087734065390549271691958894627713,55148318464700958356194782246886046839288867263420618196013838582304311616567,predexon_polymarket_candidates,game_winner,,,McNeese vs Vanderbilt,exact_pair_key
Miami (FL) || Missouri,KXNCAAMBGAME-26MAR20MIZZMIA,"[""KXNCAAMBGAME-26MAR20MIZZMIA""]",game_winner,"[""game_winner""]",2,"[""Miami (FL)"", ""Missouri""]",Miami (FL),Missouri,KXNCAAMBGAME-26MAR20MIZZMIA-MIA,Missouri at Miami (FL) Winner?,yes,Missouri,Miami (FL),KXNCAAMBGAME-26MAR20MIZZMIA-MIZZ,Missouri at Miami (FL) Winner?,no,cbb-missr-mia-2026-03-20,Missouri Tigers vs. Miami Hurricanes,Missouri Tigers vs. Miami Hurricanes,1602245,0x4491df698adf8d361aacc240a34d12e751f51baef01d79d523a4d498baa45fba,0x0b2a543449b1a626440f0ca9fdeb15c7c2209e328641ac1b30fd5f4fcec1885d,Missouri,Miami (FL),"[""Missouri Tigers"", ""Miami Hurricanes""]","[""5533407621462204419366790705917923676675270766779491181055620828944815843041"", ""20405373265263690273095397068448682914028493604888619902586392206352942539171""]",5533407621462204419366790705917923676675270766779491181055620828944815843041,20405373265263690273095397068448682914028493604888619902586392206352942539171,polymarket_gamma_slug,game_winner,1.0,1.0,Miami (FL) vs Missouri,exact_pair_key
Miami (FL) || Purdue,KXNCAAMBGAME-26MAR22MIAPUR,"[""KXNCAAMBGAME-26MAR22MIAPUR""]",game_winner,"[""game_winner""]",2,"[""Miami (FL)"", ""Purdue""]",Miami (FL),Purdue,KXNCAAMBGAME-26MAR22MIAPUR-MIA,Miami (FL) at Purdue Winner?,no,Purdue,Miami (FL),KXNCAAMBGAME-26MAR22MIAPUR-PUR,Miami (FL) at Purdue Winner?,yes,cbb-mia-pur-2026-03-22,Miami Hurricanes vs. Purdue Boilermakers,Miami Hurricanes vs. Purdue Boilermakers,1668974,0x6e98165eba914614002d6462a847867bece25d7dec8c29ec6c77870b6a5b5b15,0x8ff92143c008bb7acadcc06ebde13d740deda90fa1ab986a4289d3f08e36bd9a,Miami (FL),Purdue,"[""Miami Hurricanes"", ""Purdue Boilermakers""]","[""23174936636582961456223035370231131689912018591533001152034041867256444695541"", ""41689876958203396083000604965080212324957511415230803937491891625514739152109""]",23174936636582961456223035370231131689912018591533001152034041867256444695541,41689876958203396083000604965080212324957511415230803937491891625514739152109,polymarket_gamma_slug,game_winner,1.0,1.0,Miami (FL) vs Purdue,exact_pair_key
Miami (Ohio) || SMU,KXNCAAMBGAME-26MAR18MOHSMU,"[""KXNCAAMBGAME-26MAR18MOHSMU""]",game_winner,"[""game_winner""]",2,"[""Miami (Ohio)"", ""SMU""]",Miami (Ohio),SMU,KXNCAAMBGAME-26MAR18MOHSMU-MOH,Miami (OH) at SMU Winner?,yes,SMU,Miami (Ohio),KXNCAAMBGAME-26MAR18MOHSMU-SMU,Miami (OH) at SMU Winner?,no,cbb-smu-miaoh-2026-03-18,SMU Mustangs vs. Miami (OH) RedHawks,SMU Mustangs vs. Miami (OH) RedHawks,1602026,0x5b595ea6839dc7e91db4fe62b07822395aeaf9a761e52e1fb01401e7ade063a8,0xc36375b6c51debc72edfe4a626aa4c2f85daf6470f7a1b2ae8c6d0e52b539523,SMU,Miami (Ohio),[],"[""97680764462362719807816565271070331344977188616224656081540186712724715324049"", ""4169199864079179409684298532464251586307022912118496235043055728208766412019""]",97680764462362719807816565271070331344977188616224656081540186712724715324049,4169199864079179409684298532464251586307022912118496235043055728208766412019,predexon_polymarket_candidates,game_winner,,,Miami (Ohio) vs SMU,exact_pair_key
Miami (Ohio) || Tennessee,KXNCAAMBGAME-26MAR20MOHTENN,"[""KXNCAAMBGAME-26MAR20MOHTENN""]",game_winner,"[""game_winner""]",2,"[""Miami (Ohio)"", ""Tennessee""]",Miami (Ohio),Tennessee,KXNCAAMBGAME-26MAR20MOHTENN-MOH,Miami (OH) at Tennessee Winner?,no,Tennessee,Miami (Ohio),KXNCAAMBGAME-26MAR20MOHTENN-TENN,Miami (OH) at Tennessee Winner?,yes,cbb-miaoh-tenn-2026-03-20,Miami (OH) RedHawks vs. Tennessee Volunteers,Miami (OH) RedHawks vs. Tennessee Volunteers,1649973,0x23e6461dd15fbc9365dda1717464b34fe88d88c7588c7e2104b2fee7d840e9d5,0xfe1cca7d1c15159e58788a949147b3303bd7c931f4d9b3382b971ddcf371edea,Miami (Ohio),Tennessee,[],"[""10696829412422789596652280302007811169147111169060983455844222823735867461821"", ""95116678499487829660553279054924039933269173867807388462085382967292030127474""]",10696829412422789596652280302007811169147111169060983455844222823735867461821,95116678499487829660553279054924039933269173867807388462085382967292030127474,predexon_polymarket_candidates,game_winner,,,Miami (Ohio) vs Tennessee,exact_pair_key
Michigan State || North Dakota State,KXNCAAMBGAME-26MAR19NDSUMSU,"[""KXNCAAMBGAME-26MAR19NDSUMSU""]",game_winner,"[""game_winner""]",2,"[""Michigan State"", ""North Dakota State""]",Michigan State,North Dakota State,KXNCAAMBGAME-26MAR19NDSUMSU-MSU,North Dakota St. at Michigan St. Winner?,yes,North Dakota State,Michigan State,KXNCAAMBGAME-26MAR19NDSUMSU-NDSU,North Dakota St. at Michigan St. Winner?,no,cbb-ndkst-mst-2026-03-19,North Dakota State Bison vs. Michigan State Spartans,North Dakota State Bison vs. Michigan State Spartans,1602148,0x2ae609994bd186406948b28d610d132771e30b0b79618302efc57d4d5de167da,0x27f92dd03d778b302cc6ed466e00699829c53dca896e10725717d3695dc8acce,North Dakota State,Michigan State,"[""North Dakota State Bison"", ""Michigan State Spartans""]","[""37117774055781171628696450569643118518022957725364776546944295109909297255290"", ""98647227610042006446671855515348373858227063749757924036987820626027226521356""]",37117774055781171628696450569643118518022957725364776546944295109909297255290,98647227610042006446671855515348373858227063749757924036987820626027226521356,polymarket_gamma_slug,game_winner,1.0,1.0,Michigan State vs North Dakota State,exact_pair_key
Michigan State || UConn,KXNCAAMBGAME-26MAR27MSUCONN,"[""KXNCAAMBGAME-26MAR27MSUCONN""]",game_winner,"[""game_winner""]",2,"[""Michigan State"", ""UConn""]",Michigan State,UConn,KXNCAAMBGAME-26MAR27MSUCONN-MSU,Michigan St. at UConn Winner?,no,UConn,Michigan State,KXNCAAMBGAME-26MAR27MSUCONN-CONN,Michigan St. at UConn Winner?,yes,cbb-mst-uconn-2026-03-27,Michigan State Spartans vs. Connecticut Huskies,Michigan State Spartans vs. Connecticut Huskies,1688392,0xcdedd4460eed2734e4680bf73b08872fe7347931814cda6f2eb570231ba08c03,0x9d2dc4135e2c206841d8e94bc9dfedd9a062a9b3dab2945fb06c8ab4e03a8eaa,Michigan State,UConn,[],"[""23071365530007840499595140099244953388320355039725407838409210788227385062169"", ""908726398549149977786555873192888390832262725037682630056119381505182857140""]",23071365530007840499595140099244953388320355039725407838409210788227385062169,908726398549149977786555873192888390832262725037682630056119381505182857140,predexon_polymarket_candidates,game_winner,,,Michigan State vs UConn,exact_pair_key
Michigan || Saint Louis,KXNCAAMBGAME-26MAR21SLUMICH,"[""KXNCAAMBGAME-26MAR21SLUMICH""]",game_winner,"[""game_winner""]",2,"[""Michigan"", ""Saint Louis""]",Michigan,Saint Louis,KXNCAAMBGAME-26MAR21SLUMICH-MICH,Saint Louis at Michigan Winner?,yes,Saint Louis,Michigan,KXNCAAMBGAME-26MAR21SLUMICH-SLU,Saint Louis at Michigan Winner?,no,cbb-stlou-mich-2026-03-21,Saint Louis Billikens vs. Michigan Wolverines,Saint Louis Billikens vs. Michigan Wolverines,1659144,0xbfe7802ee83008e9c2b425c3a014f21203f15dc948af16e15ac6d282cbe3ce54,0x332416172c18ba5f729f9a9bb7f8ab908904ef7cc8b5c62ab40650fe426c5b0b,Saint Louis,Michigan,[],"[""90165392354287523194649928276156650853679653157996853313489593575944678845533"", ""93482529882228198401028054832708894775854664220478672633036348991274461494423""]",90165392354287523194649928276156650853679653157996853313489593575944678845533,93482529882228198401028054832708894775854664220478672633036348991274461494423,predexon_polymarket_candidates,game_winner,,,Michigan vs Saint Louis,exact_pair_key
Michigan || Tennessee,KXNCAAMBGAME-26MAR29TENNMICH,"[""KXNCAAMBGAME-26MAR29TENNMICH""]",game_winner,"[""game_winner""]",2,"[""Michigan"", ""Tennessee""]",Michigan,Tennessee,KXNCAAMBGAME-26MAR29TENNMICH-MICH,Tennessee at Michigan Winner?,yes,Tennessee,Michigan,KXNCAAMBGAME-26MAR29TENNMICH-TENN,Tennessee at Michigan Winner?,no,cbb-tenn-mich-2026-03-29,Tennessee Volunteers vs. Michigan Wolverines,Tennessee Volunteers vs. Michigan Wolverines,1753593,0x04c64749c64db8d88d768e40030a205d310e9ff246be1d5e4117b5d23c73ec0c,0x99a977dd73343c0a97ec958e051e81dc845b4dd1c911e5db0d0b8c5924f30622,Tennessee,Michigan,[],"[""38270319123152843205098182777000811952867137000088242401497131724947492137518"", ""105278187806685685933304179338923355514496559527653929275691384228130622782983""]",38270319123152843205098182777000811952867137000088242401497131724947492137518,105278187806685685933304179338923355514496559527653929275691384228130622782983,predexon_polymarket_candidates,game_winner,,,Michigan vs Tennessee,exact_pair_key
Michigan || UConn,KXMARMAD-26,"[""KXMARMAD-26""]",championship_future_equivalent,"[""championship_future_equivalent""]",2,"[""Michigan"", ""UConn""]",Michigan,UConn,KXMARMAD-26-MICH,Will Michigan win the College Basketball National Championship?,yes,UConn,Michigan,KXMARMAD-26-CONN,Will UConn win the College Basketball National Championship?,no,cbb-uconn-mich-2026-04-06,Connecticut Huskies vs. Michigan Wolverines,Connecticut Huskies vs. Michigan Wolverines,1871367,0x3ca7c5f72d4a52a88d1f5f5fec3bb83f2baae505884d4a98e18c524f808e6dbe,0xd2328174489f20e37d8ead627039dca2471b0f0a63f0c8379f9d978b9ccc35f1,UConn,Michigan,[],"[""106835441094642582801122285126149616387749979702191656932784360399475246264933"", ""62842042785743490397211988444069260738000303526828329676358489810280124946262""]",106835441094642582801122285126149616387749979702191656932784360399475246264933,62842042785743490397211988444069260738000303526828329676358489810280124946262,predexon_polymarket_candidates,game_winner,,,Michigan vs UConn,exact_pair_key
NC State || Texas,KXNCAAMBGAME-26MAR17TEXNCST,"[""KXNCAAMBGAME-26MAR17TEXNCST""]",game_winner,"[""game_winner""]",2,"[""NC State"", ""Texas""]",NC State,Texas,KXNCAAMBGAME-26MAR17TEXNCST-NCST,Texas at NC St. Winner?,,Texas,NC State,KXNCAAMBGAME-26MAR17TEXNCST-TEX,Texas at NC St. Winner?,,cbb-ncst-tx-2026-03-17,North Carolina State Wolfpack vs. Texas Longhorns,North Carolina State Wolfpack vs. Texas Longhorns,1602023,0x68cbb3bd267f30f766bc22ae7dd3ea0263c3abe3dc769eb63f98a12cd3b7ebfb,0xcf74b8a941f68e7f50292d4a455d717d80ca974fed2bf83da081960a924d08d8,NC State,Texas,[],"[""12455156370346502964446515471898297967094417076003511613388969803156735461714"", ""73913355380663729482146870516690254329641759670733169669020655468591872136585""]",12455156370346502964446515471898297967094417076003511613388969803156735461714,73913355380663729482146870516690254329641759670733169669020655468591872136585,predexon_polymarket_candidates,game_winner,,,NC State vs Texas,exact_pair_key
Nebraska || Troy,KXNCAAMBGAME-26MAR19TROYNEB,"[""KXNCAAMBGAME-26MAR19TROYNEB""]",game_winner,"[""game_winner""]",2,"[""Nebraska"", ""Troy""]",Nebraska,Troy,KXNCAAMBGAME-26MAR19TROYNEB-NEB,Troy at Nebraska Winner?,yes,Troy,Nebraska,KXNCAAMBGAME-26MAR19TROYNEB-TROY,Troy at Nebraska Winner?,no,cbb-troy-nebr-2026-03-19,Troy Trojans vs. Nebraska Cornhuskers,Troy Trojans vs. Nebraska Cornhuskers,1602035,0xd789e496b7955b5fc4be88f2d20712c9759b84ddf405f0745aac6ca97e767de3,0x8b7453f753fff9cd819a9f375c3dd1b5b0e593d75842d5d6dbf753a8d73b9a6e,Troy,Nebraska,[],"[""80810714672043284616189902688902461642461585417319452148317611867440273475731"", ""19479209520004940063501991674781214211770588985790924610744570565755346573653""]",80810714672043284616189902688902461642461585417319452148317611867440273475731,19479209520004940063501991674781214211770588985790924610744570565755346573653,predexon_polymarket_candidates,game_winner,,,Nebraska vs Troy,exact_pair_key
Nebraska || Vanderbilt,KXNCAAMBGAME-26MAR21VANNEB,"[""KXNCAAMBGAME-26MAR21VANNEB""]",game_winner,"[""game_winner""]",2,"[""Nebraska"", ""Vanderbilt""]",Nebraska,Vanderbilt,KXNCAAMBGAME-26MAR21VANNEB-NEB,Vanderbilt at Nebraska Winner?,yes,Vanderbilt,Nebraska,KXNCAAMBGAME-26MAR21VANNEB-VAN,Vanderbilt at Nebraska Winner?,no,cbb-vand-nebr-2026-03-21,Vanderbilt Commodores vs. Nebraska Cornhuskers,Vanderbilt Commodores vs. Nebraska Cornhuskers,1656230,0xe9b67ac6c37eafd5d41ea714ab7e471bcb2651d03f217da55fbe7c29a1eedd37,0x207ea081574d1a26e45090b0d5c6c4945ee3407ea484e2c0ce0ba4ac0c592907,Vanderbilt,Nebraska,[],"[""13027656152385385014801151306209229460817716615369019610208049271210956912597"", ""96852267261844997378177103689463473646712764952872255706575736326684916279656""]",13027656152385385014801151306209229460817716615369019610208049271210956912597,96852267261844997378177103689463473646712764952872255706575736326684916279656,predexon_polymarket_candidates,game_winner,,,Nebraska vs Vanderbilt,exact_pair_key
North Carolina || VCU,KXNCAAMBGAME-26MAR19VCUUNC,"[""KXNCAAMBGAME-26MAR19VCUUNC""]",game_winner,"[""game_winner""]",2,"[""North Carolina"", ""VCU""]",North Carolina,VCU,KXNCAAMBGAME-26MAR19VCUUNC-UNC,VCU at North Carolina Winner?,no,VCU,North Carolina,KXNCAAMBGAME-26MAR19VCUUNC-VCU,VCU at North Carolina Winner?,yes,cbb-vcu-ncar-2026-03-19,VCU Rams vs. North Carolina Tar Heels,VCU Rams vs. North Carolina Tar Heels,1602050,0xb44d28615f728f279f32cda4ab130f2edbb5dd1b53363a75502aaac06eb502ce,0xdc3e9eb7aa7dfc1550e6997f37a7aa66a5c2f79ff008d41ad06fb316b1cd26ae,VCU,North Carolina,[],"[""84007361241758978489330197202827235700289078898880514910472901778979242019662"", ""62722671790005482936206654382262146252373495629515527865660421386850609062191""]",84007361241758978489330197202827235700289078898880514910472901778979242019662,62722671790005482936206654382262146252373495629515527865660421386850609062191,predexon_polymarket_candidates,game_winner,,,North Carolina vs VCU,exact_pair_key
Northern Iowa || Saint John's,KXNCAAMBGAME-26MAR20UNISJU,"[""KXNCAAMBGAME-26MAR20UNISJU""]",game_winner,"[""game_winner""]",2,"[""Northern Iowa"", ""Saint John's""]",Northern Iowa,Saint John's,KXNCAAMBGAME-26MAR20UNISJU-UNI,Northern Iowa at St. John's Winner?,no,Saint John's,Northern Iowa,KXNCAAMBGAME-26MAR20UNISJU-SJU,Northern Iowa at St. John's Winner?,yes,cbb-niowa-stjohn-2026-03-20,Northern Iowa Panthers vs. St. John's Red Storm,Northern Iowa Panthers vs. St. John's Red Storm,1602248,0x2af36fa2f72491886f22164ded901b5df8ff07c2636d1aac3924e91d7c046382,0xf1a16555ebdb15cb24eeaacb57686c8a46727925dacb3fd2745ca27c024ea763,Northern Iowa,Saint John's,[],"[""55801363062437471428303088900148458552848867285220568959087703537314018520002"", ""28882775410265555682378301862169900393141889664473253758091424010365598882358""]",55801363062437471428303088900148458552848867285220568959087703537314018520002,28882775410265555682378301862169900393141889664473253758091424010365598882358,predexon_polymarket_candidates,game_winner,,,Northern Iowa vs Saint John's,exact_pair_key
Ohio State || TCU,KXNCAAMBGAME-26MAR19TCUOSU,"[""KXNCAAMBGAME-26MAR19TCUOSU""]",game_winner,"[""game_winner""]",2,"[""Ohio State"", ""TCU""]",Ohio State,TCU,KXNCAAMBGAME-26MAR19TCUOSU-OSU,TCU at Ohio St. Winner?,no,TCU,Ohio State,KXNCAAMBGAME-26MAR19TCUOSU-TCU,TCU at Ohio St. Winner?,yes,cbb-tcu-ohiost-2026-03-19,TCU Horned Frogs vs. Ohio State Buckeyes,TCU Horned Frogs vs. Ohio State Buckeyes,1602122,0xd5cfd04e025af43806274ae2bee1e5559f529661f663cea5e1307d7b287159e9,0xf58bf27bb5739468d3bdf9a27b19badc769f055933d9cc372403013bf27df895,TCU,Ohio State,[],"[""58726589905511844388202427084789336286370979148438729614953611254856096987951"", ""25041790120082913142830289704554002065922685936030849614487780676957407176862""]",58726589905511844388202427084789336286370979148438729614953611254856096987951,25041790120082913142830289704554002065922685936030849614487780676957407176862,predexon_polymarket_candidates,game_winner,,,Ohio State vs TCU,exact_pair_key
Purdue || Queens (N.C.),KXNCAAMBGAME-26MAR20QUCPUR,"[""KXNCAAMBGAME-26MAR20QUCPUR""]",game_winner,"[""game_winner""]",2,"[""Purdue"", ""Queens (N.C.)""]",Purdue,Queens (N.C.),KXNCAAMBGAME-26MAR20QUCPUR-PUR,Queens University at Purdue Winner?,yes,Queens (N.C.),Purdue,KXNCAAMBGAME-26MAR20QUCPUR-QUC,Queens University at Purdue Winner?,no,cbb-queen-pur-2026-03-20,Queens (NC) Royals vs. Purdue Boilermakers,Queens (NC) Royals vs. Purdue Boilermakers,1602246,0x281b8f17cea3d2b6bc0982b55411d094f569ac9219aa53b001e12c49cd8b11e4,0x82e9d55533069a555a8cc146841cf3342ae04e848f329e70c43c66540b3904f1,Queens (N.C.),Purdue,[],"[""108608431028516805322910059035854453364954187404710588904556256395227379154690"", ""94825023307695897341413564197216476268630722522032138668056667049777676974099""]",108608431028516805322910059035854453364954187404710588904556256395227379154690,94825023307695897341413564197216476268630722522032138668056667049777676974099,predexon_polymarket_candidates,game_winner,,,Purdue vs Queens (N.C.),exact_pair_key
Purdue || Texas,KXNCAAMBGAME-26MAR26TEXPUR,"[""KXNCAAMBGAME-26MAR26TEXPUR""]",game_winner,"[""game_winner""]",2,"[""Purdue"", ""Texas""]",Purdue,Texas,KXNCAAMBGAME-26MAR26TEXPUR-PUR,Texas at Purdue Winner?,yes,Texas,Purdue,KXNCAAMBGAME-26MAR26TEXPUR-TEX,Texas at Purdue Winner?,no,cbb-tx-pur-2026-03-26,Texas Longhorns vs. Purdue Boilermakers,Texas Longhorns vs. Purdue Boilermakers,1684991,0xeb2456400fb4d6de5f8bf556449b86880cf4fba96291d4d1bd9158e8f62e9020,0xeadff75345bfe0bc2233d88144cfbcd49748c947a4a34f8cf8a05b8c10e3f94d,Texas,Purdue,[],"[""39223504527462038575405867651841624516940270580793639574399176355422116610922"", ""107907338415976933532550388925205335990876677187021977689507641894936360729790""]",39223504527462038575405867651841624516940270580793639574399176355422116610922,107907338415976933532550388925205335990876677187021977689507641894936360729790,predexon_polymarket_candidates,game_winner,,,Purdue vs Texas,exact_pair_key
Saint Mary's || Texas A&M,KXNCAAMBGAME-26MAR19TXAMSMC,"[""KXNCAAMBGAME-26MAR19TXAMSMC""]",game_winner,"[""game_winner""]",2,"[""Saint Mary's"", ""Texas A&M""]",Saint Mary's,Texas A&M,KXNCAAMBGAME-26MAR19TXAMSMC-SMC,Texas A&M at Saint Mary's Winner?,no,Texas A&M,Saint Mary's,KXNCAAMBGAME-26MAR19TXAMSMC-TXAM,Texas A&M at Saint Mary's Winner?,yes,cbb-txam-stmry-2026-03-19,Texas A&M Aggies vs. Saint Mary's Gaels,Texas A&M Aggies vs. Saint Mary's Gaels,1602082,0x3d2d3d25ed175592f709cadcc9afb488d0445ba906aab282d4e0f2f553752991,0xd413ed25e0cd90ec45a63e5afa18b38a59ae9ea5b92ad259d3f6aad978beec50,Texas A&M,Saint Mary's,"[""Texas A&M Aggies"", ""Saint Mary's Gaels""]","[""105762781628898089029582560551473093466427670167883803785334513336753998221944"", ""53033511085124805981399975297553063209712114340038544865571483069211885971492""]",105762781628898089029582560551473093466427670167883803785334513336753998221944,53033511085124805981399975297553063209712114340038544865571483069211885971492,polymarket_gamma_slug,game_winner,1.0,1.0,Saint Mary's vs Texas A&M,exact_pair_key
Tennessee || Virginia,KXNCAAMBGAME-26MAR22TENNUVA,"[""KXNCAAMBGAME-26MAR22TENNUVA""]",game_winner,"[""game_winner""]",2,"[""Tennessee"", ""Virginia""]",Tennessee,Virginia,KXNCAAMBGAME-26MAR22TENNUVA-TENN,Tennessee at Virginia Winner?,yes,Virginia,Tennessee,KXNCAAMBGAME-26MAR22TENNUVA-UVA,Tennessee at Virginia Winner?,no,cbb-tenn-vir-2026-03-22,Tennessee Volunteers vs. Virginia Cavaliers,Tennessee Volunteers vs. Virginia Cavaliers,1666732,0xde5ff3427dcc8f53e95d9825721b011458b657837033a6237dc3cfc99777e827,0xf63cc5d64611648ed471a4ecf5bd44bf0a849fe452d7731403b91e77e8ecae1b,Tennessee,Virginia,[],"[""79432783456740199807436637213656588485985881010883556172124756172711055370651"", ""75689244959277898341236032211117274245139122622096460977873312394709590336595""]",79432783456740199807436637213656588485985881010883556172124756172711055370651,75689244959277898341236032211117274245139122622096460977873312394709590336595,predexon_polymarket_candidates,game_winner,,,Tennessee vs Virginia,exact_pair_key
UCF || UCLA,KXNCAAMBGAME-26MAR20UCFUCLA,"[""KXNCAAMBGAME-26MAR20UCFUCLA""]",game_winner,"[""game_winner""]",2,"[""UCF"", ""UCLA""]",UCF,UCLA,KXNCAAMBGAME-26MAR20UCFUCLA-UCF,UCF at UCLA Winner?,no,UCLA,UCF,KXNCAAMBGAME-26MAR20UCFUCLA-UCLA,UCF at UCLA Winner?,yes,cbb-ucf-ucla-2026-03-20,UCF Knights vs. UCLA Bruins,UCF Knights vs. UCLA Bruins,1602250,0x119fa68324e678cca6d822d919e10738884c7e26b8e4ff4e5756d5fc6b5ceae4,0x1cb0e71a81f4351dc8984a789b70070976a9d8ce62b68e3a3b81965053b21948,UCF,UCLA,[],"[""44175692827423386018808759351831397402512273431986287466254929610176446350297"", ""36778846944862813523381910724027804421084710594560204076855462226610146346771""]",44175692827423386018808759351831397402512273431986287466254929610176446350297,36778846944862813523381910724027804421084710594560204076855462226610146346771,predexon_polymarket_candidates,game_winner,,,UCF vs UCLA,exact_pair_key
UCLA || UConn,KXNCAAMBGAME-26MAR22UCLACONN,"[""KXNCAAMBGAME-26MAR22UCLACONN""]",game_winner,"[""game_winner""]",2,"[""UCLA"", ""UConn""]",UCLA,UConn,KXNCAAMBGAME-26MAR22UCLACONN-UCLA,UCLA at UConn Winner?,,UConn,UCLA,KXNCAAMBGAME-26MAR22UCLACONN-CONN,UCLA at UConn Winner?,,cbb-ucla-uconn-2026-03-22,UCLA Bruins vs. Connecticut Huskies,UCLA Bruins vs. Connecticut Huskies,1668985,0x73e113c0ee7a5deb0b44532620e9ecb49fd718a39d53ed6441d66785eb6e99aa,0x62c1f704664160c65b611dad69d13cee080a2d754e25bb325a217e42d273047b,UCLA,UConn,[],"[""84615354223448887296584412991783208718857888363337060090533647785527303709181"", ""86169909339243367001201174256105082611316917935576519594705243844553368433154""]",84615354223448887296584412991783208718857888363337060090533647785527303709181,86169909339243367001201174256105082611316917935576519594705243844553368433154,predexon_polymarket_candidates,game_winner,,,UCLA vs UConn,exact_pair_key
Utah State || Villanova,KXNCAAMBGAME-26MAR20USUVILL,"[""KXNCAAMBGAME-26MAR20USUVILL""]",game_winner,"[""game_winner""]",2,"[""Utah State"", ""Villanova""]",Utah State,Villanova,KXNCAAMBGAME-26MAR20USUVILL-USU,Utah St. at Villanova Winner?,yes,Villanova,Utah State,KXNCAAMBGAME-26MAR20USUVILL-VILL,Utah St. at Villanova Winner?,no,cbb-utahst-vill-2026-03-20,Utah State Aggies vs. Villanova Wildcats,Utah State Aggies vs. Villanova Wildcats,1602244,0x04c0c842f89da867ca8d60ece716f2a3978dabefae64d9bf4e55455146596cb0,0x3bc0eef1726039b07a19a582094de8395beb2c01821116691a66c421481b0380,Utah State,Villanova,[],"[""106391806073421269485399607017664717821798955311962642998032514744839702135961"", ""46384102915573339305724199265524140011696420022552417964812284208185711469680""]",106391806073421269485399607017664717821798955311962642998032514744839702135961,46384102915573339305724199265524140011696420022552417964812284208185711469680,predexon_polymarket_candidates,game_winner,,,Utah State vs Villanova,exact_pair_key
Virginia || Wright State,KXNCAAMBGAME-26MAR20WRSTUVA,"[""KXNCAAMBGAME-26MAR20WRSTUVA""]",game_winner,"[""game_winner""]",2,"[""Virginia"", ""Wright State""]",Virginia,Wright State,KXNCAAMBGAME-26MAR20WRSTUVA-UVA,Wright St. at Virginia Winner?,yes,Wright State,Virginia,KXNCAAMBGAME-26MAR20WRSTUVA-WRST,Wright St. at Virginia Winner?,no,cbb-wrght-vir-2026-03-20,Wright State Raiders vs. Virginia Cavaliers,Wright State Raiders vs. Virginia Cavaliers,1602191,0x311ff96f0341afac9ae80022665dd1e1889e2ff8c601e97fd71e903ebd851489,0x31caf88eddd7781a7014031a4663a1140f247fbcc8e4dea359e3e369d9aa761f,Wright State,Virginia,[],"[""14228842199791161545109993213205762244864508348204445269335981533440328077735"", ""81904137712942224530925718360218200018428287086310004986895274303589259848112""]",14228842199791161545109993213205762244864508348204445269335981533440328077735,81904137712942224530925718360218200018428287086310004986895274303589259848112,predexon_polymarket_candidates,game_winner,,,Virginia vs Wright State,exact_pair_key
