away_team,away_team_clean,close_time,determination_time,dollar_open_interest,dollar_volume,event_series_ticker,event_subtitle,event_ticker,event_title,expected_expiration_time,expiration_time,game,game_classification,game_clean,home_team,home_team_clean,last_price,market_id,market_source_type,no_ask,no_bid,no_subtitle,open_interest,open_time,opponent,opponent_clean,platform,result,round,settlement_time,status,team,team_clean,ticker,title,volume,yes_ask,yes_bid,yes_subtitle
UMBC,UMBC,2026-03-18T00:57:15Z,2026-03-18T00:57:17Z,1926191,3716241,KXNCAAMBGAME,,KXNCAAMBGAME-26MAR17UMBCHOW,UMBC at Howard,2026-03-17T20:00:00Z,,UMBC vs Howard,both_mm,UMBC vs Howard,Howard,Howard,0.99,13e36094-c26e-4f10-b14e-d5ec9f771f04,game_winner,,,Howard,3852382,2026-03-15T23:15:00Z,UMBC,UMBC,kalshi,yes,,2026-03-18T01:02:19Z,closed,Howard,Howard,KXNCAAMBGAME-26MAR17UMBCHOW-HOW,UMBC at Howard Winner?,7432482,,,Howard
UMBC,UMBC,2026-03-18T00:57:15Z,2026-03-18T00:57:17Z,3356955,5967184,KXNCAAMBGAME,,KXNCAAMBGAME-26MAR17UMBCHOW,UMBC at Howard,2026-03-17T20:00:00Z,,UMBC vs Howard,both_mm,UMBC vs Howard,Howard,Howard,0.01,3c6e9cd9-9b4d-4aca-9bf7-1f20b61e93d6,game_winner,,,UMBC,6713910,2026-03-15T23:15:00Z,Howard,Howard,kalshi,no,,2026-03-18T01:02:19Z,closed,UMBC,UMBC,KXNCAAMBGAME-26MAR17UMBCHOW-UMBC,UMBC at Howard Winner?,11934368,,,UMBC
Prairie View A&M,Prairie View A&M,2026-03-19T00:46:02Z,2026-03-19T00:46:04Z,2294867,4233230,KXNCAAMBGAME,,KXNCAAMBGAME-26MAR18PVLEH,Prairie View A&M at Lehigh,2026-03-18T20:00:00Z,,Prairie View A&M vs Lehigh,both_mm,Prairie View A&M vs Lehigh,Lehigh,Lehigh,0.01,9eda2215-3527-4665-9a3c-99d5deeff310,game_winner,,,Lehigh,4589734,2026-03-15T23:15:00Z,Prairie View A&M,Prairie View A&M,kalshi,no,,2026-03-19T00:51:11Z,closed,Lehigh,Lehigh,KXNCAAMBGAME-26MAR18PVLEH-LEH,Prairie View A&M at Lehigh Winner?,8466460,,,Lehigh
Prairie View A&M,Prairie View A&M,2026-03-19T00:46:02Z,2026-03-19T00:46:04Z,1991181,3816508,KXNCAAMBGAME,,KXNCAAMBGAME-26MAR18PVLEH,Prairie View A&M at Lehigh,2026-03-18T20:00:00Z,,Prairie View A&M vs Lehigh,both_mm,Prairie View A&M vs Lehigh,Lehigh,Lehigh,0.99,1d96af16-ee0c-4341-b75b-9fbbe8ab22fd,game_winner,,,Prairie View A&M,3982362,2026-03-15T23:15:00Z,Lehigh,Lehigh,kalshi,yes,,2026-03-19T00:51:11Z,closed,Prairie View A&M,Prairie View A&M,KXNCAAMBGAME-26MAR18PVLEH-PV,Prairie View A&M at Lehigh Winner?,7633016,,,Prairie View A&M
Miami (Ohio),Miami (Ohio),2026-03-19T03:28:38Z,2026-03-19T03:28:40Z,5365584,10470448,KXNCAAMBGAME,,KXNCAAMBGAME-26MAR18MOHSMU,Miami (OH) at SMU,2026-03-18T20:00:00Z,,Miami (Ohio) vs SMU,both_mm,Miami (Ohio) vs SMU,SMU,SMU,0.99,6f477b30-86cf-41e5-bb9c-a6e5990baed8,game_winner,,,Miami (OH),10731168,2026-03-15T23:15:00Z,SMU,SMU,kalshi,yes,,2026-03-19T03:33:41Z,closed,Miami (OH),Miami (Ohio),KXNCAAMBGAME-26MAR18MOHSMU-MOH,Miami (OH) at SMU Winner?,20940896,,,Miami (OH)
Miami (Ohio),Miami (Ohio),2026-03-19T03:28:38Z,2026-03-19T03:28:40Z,3422058,6516630,KXNCAAMBGAME,,KXNCAAMBGAME-26MAR18MOHSMU,Miami (OH) at SMU,2026-03-18T20:00:00Z,,Miami (Ohio) vs SMU,both_mm,Miami (Ohio) vs SMU,SMU,SMU,0.01,864f4273-d897-4efe-815e-f313c304372b,game_winner,,,SMU,6844116,2026-03-15T23:15:00Z,Miami (Ohio),Miami (Ohio),kalshi,no,,2026-03-19T03:33:41Z,closed,SMU,SMU,KXNCAAMBGAME-26MAR18MOHSMU-SMU,Miami (OH) at SMU Winner?,13033260,,,SMU
TCU,TCU,2026-03-19T18:27:39Z,2026-03-19T18:27:41Z,4412615,9120712,KXNCAAMBGAME,,KXNCAAMBGAME-26MAR19TCUOSU,TCU at Ohio St.,2026-03-19T20:00:00Z,,TCU vs Ohio St.,both_mm,TCU vs Ohio State,Ohio St.,Ohio State,0.01,b4ab19ec-50eb-4a4b-bc71-f0bd4834a4f5,game_winner,,,Ohio St.,8825230,2026-03-15T22:47:00Z,TCU,TCU,kalshi,no,,2026-03-19T18:32:51Z,closed,Ohio St.,Ohio State,KXNCAAMBGAME-26MAR19TCUOSU-OSU,TCU at Ohio St. Winner?,18241424,,,Ohio St.
TCU,TCU,2026-03-19T18:27:39Z,2026-03-19T18:27:41Z,3965691,7805077,KXNCAAMBGAME,,KXNCAAMBGAME-26MAR19TCUOSU,TCU at Ohio St.,2026-03-19T20:00:00Z,,TCU vs Ohio St.,both_mm,TCU vs Ohio State,Ohio St.,Ohio State,0.99,eb3289bf-0038-4f8a-a95a-d5e56b50b18b,game_winner,,,TCU,7931382,2026-03-15T22:47:00Z,Ohio St.,Ohio State,kalshi,yes,,2026-03-19T18:32:51Z,closed,TCU,TCU,KXNCAAMBGAME-26MAR19TCUOSU-TCU,TCU at Ohio St. Winner?,15610154,,,TCU
Troy,Troy,2026-03-19T18:39:27Z,2026-03-19T18:39:29Z,1268593,1647285,KXNCAAMBGAME,,KXNCAAMBGAME-26MAR19TROYNEB,Troy at Nebraska,2026-03-19T20:00:00Z,,Troy vs Nebraska,both_mm,Troy vs Nebraska,Nebraska,Nebraska,0.99,c9a5ca25-922c-4952-8fd1-04c604315514,game_winner,,,Nebraska,2537186,2026-03-15T22:47:00Z,Troy,Troy,kalshi,yes,,2026-03-19T18:44:31Z,closed,Nebraska,Nebraska,KXNCAAMBGAME-26MAR19TROYNEB-NEB,Troy at Nebraska Winner?,3294570,,,Nebraska
Troy,Troy,2026-03-19T18:39:27Z,2026-03-19T18:39:29Z,2881883,3539556,KXNCAAMBGAME,,KXNCAAMBGAME-26MAR19TROYNEB,Troy at Nebraska,2026-03-19T20:00:00Z,,Troy vs Nebraska,both_mm,Troy vs Nebraska,Nebraska,Nebraska,0.01,5cfcb6a1-1480-46c6-8806-fda2a294e94a,game_winner,,,Troy,5763766,2026-03-15T22:47:00Z,Nebraska,Nebraska,kalshi,no,,2026-03-19T18:44:31Z,closed,Troy,Troy,KXNCAAMBGAME-26MAR19TROYNEB-TROY,Troy at Nebraska Winner?,7079112,,,Troy
High Point,High Point,2026-03-19T19:54:15Z,2026-03-19T19:54:17Z,3406409,8330078,KXNCAAMBGAME,,KXNCAAMBGAME-26MAR19HPWIS,High Point at Wisconsin,2026-03-19T20:00:00Z,,High Point vs Wisconsin,both_mm,High Point vs Wisconsin,Wisconsin,Wisconsin,0.99,7913b49e-0961-4a6d-a97e-292464b224e2,game_winner,,,High Point,6812818,2026-03-15T22:47:00Z,Wisconsin,Wisconsin,kalshi,yes,,2026-03-19T19:59:21Z,closed,High Point,High Point,KXNCAAMBGAME-26MAR19HPWIS-HP,High Point at Wisconsin Winner?,16660156,,,High Point
High Point,High Point,2026-03-19T19:54:15Z,2026-03-19T19:54:17Z,2589426,5079214,KXNCAAMBGAME,,KXNCAAMBGAME-26MAR19HPWIS,High Point at Wisconsin,2026-03-19T20:00:00Z,,High Point vs Wisconsin,both_mm,High Point vs Wisconsin,Wisconsin,Wisconsin,0.01,5545dcff-df32-4ecb-8fce-653c3d2df275,game_winner,,,Wisconsin,5178852,2026-03-15T22:47:00Z,High Point,High Point,kalshi,no,,2026-03-19T19:59:21Z,closed,Wisconsin,Wisconsin,KXNCAAMBGAME-26MAR19HPWIS-WIS,High Point at Wisconsin Winner?,10158428,,,Wisconsin
South Florida,South Florida,2026-03-19T19:55:58Z,2026-03-19T19:56:00Z,2331866,4785275,KXNCAAMBGAME,,KXNCAAMBGAME-26MAR19USFLOU,South Florida at Louisville,2026-03-19T20:00:00Z,,South Florida vs Louisville,both_mm,South Florida vs Louisville,Louisville,Louisville,0.99,492d913e-e874-407f-91b7-bd34c6bec594,game_winner,,,Louisville,4663732,2026-03-15T22:47:00Z,South Florida,South Florida,kalshi,yes,,2026-03-19T20:01:01Z,closed,Louisville,Louisville,KXNCAAMBGAME-26MAR19USFLOU-LOU,South Florida at Louisville Winner?,9570550,,,Louisville
South Florida,South Florida,2026-03-19T19:55:58Z,2026-03-19T19:56:00Z,3478598,6659310,KXNCAAMBGAME,,KXNCAAMBGAME-26MAR19USFLOU,South Florida at Louisville,2026-03-19T20:00:00Z,,South Florida vs Louisville,both_mm,South Florida vs Louisville,Louisville,Louisville,0.01,d4d1d52d-248e-4270-924a-b126a9d7b817,game_winner,,,South Florida,6957196,2026-03-15T22:47:00Z,Louisville,Louisville,kalshi,no,,2026-03-19T20:01:01Z,closed,South Florida,South Florida,KXNCAAMBGAME-26MAR19USFLOU-USF,South Florida at Louisville Winner?,13318620,,,South Florida
Siena,Siena,2026-03-19T21:04:54Z,2026-03-19T21:04:57Z,7048087,11310074,KXNCAAMBGAME,,KXNCAAMBGAME-26MAR19SIEDUKE,Siena at Duke,2026-03-19T20:00:00Z,,Siena vs Duke,both_mm,Siena vs Duke,Duke,Duke,0.99,b8f5c50c-c791-429d-be5f-a6f46698ef09,game_winner,,,Duke,14096174,2026-03-15T22:47:00Z,Siena,Siena,kalshi,yes,,2026-03-19T21:10:01Z,closed,Duke,Duke,KXNCAAMBGAME-26MAR19SIEDUKE-DUKE,Siena at Duke Winner?,22620148,,,Duke
Siena,Siena,2026-03-19T21:04:54Z,2026-03-19T21:04:57Z,15354983,31126328,KXNCAAMBGAME,,KXNCAAMBGAME-26MAR19SIEDUKE,Siena at Duke,2026-03-19T20:00:00Z,,Siena vs Duke,both_mm,Siena vs Duke,Duke,Duke,0.01,26fa24b0-2297-4250-8255-9ac5b1958f3a,game_winner,,,Siena,30709966,2026-03-15T22:47:00Z,Duke,Duke,kalshi,no,,2026-03-19T21:10:01Z,closed,Siena,Siena,KXNCAAMBGAME-26MAR19SIEDUKE-SIE,Siena at Duke Winner?,62252656,,,Siena
McNeese,McNeese,2026-03-19T21:25:04Z,2026-03-19T21:26:04Z,3787158,6123815,KXNCAAMBGAME,,KXNCAAMBGAME-26MAR19MCNSVAN,McNeese at Vanderbilt,2026-03-19T20:00:00Z,,McNeese vs Vanderbilt,both_mm,McNeese vs Vanderbilt,Vanderbilt,Vanderbilt,0.01,7b9bc7be-5387-4de8-b258-73aeb0b40791,game_winner,,,McNeese,7574316,2026-03-15T22:47:00Z,Vanderbilt,Vanderbilt,kalshi,no,,2026-03-19T21:31:11Z,closed,McNeese,McNeese,KXNCAAMBGAME-26MAR19MCNSVAN-MCNS,McNeese at Vanderbilt Winner?,12247630,,,McNeese
McNeese,McNeese,2026-03-19T21:25:04Z,2026-03-19T21:26:04Z,2370440,3904765,KXNCAAMBGAME,,KXNCAAMBGAME-26MAR19MCNSVAN,McNeese at Vanderbilt,2026-03-19T20:00:00Z,,McNeese vs Vanderbilt,both_mm,McNeese vs Vanderbilt,Vanderbilt,Vanderbilt,0.99,ae774cfc-c78c-4860-8372-118338856797,game_winner,,,Vanderbilt,4740880,2026-03-15T22:47:00Z,McNeese,McNeese,kalshi,yes,,2026-03-19T21:31:11Z,closed,Vanderbilt,Vanderbilt,KXNCAAMBGAME-26MAR19MCNSVAN-VAN,McNeese at Vanderbilt Winner?,7809530,,,Vanderbilt
Hawaii,Hawaii,2026-03-19T22:41:00Z,2026-03-19T22:41:59Z,1260931,1444569,KXNCAAMBGAME,,KXNCAAMBGAME-26MAR19HAWARK,Hawai'i at Arkansas,2026-03-19T20:00:00Z,,Hawaii vs Arkansas,both_mm,Hawaii vs Arkansas,Arkansas,Arkansas,0.99,9c63e30a-03f1-4ecf-947d-6b7e792a2a60,game_winner,,,Arkansas,2521862,2026-03-15T22:47:00Z,Hawaii,Hawaii,kalshi,yes,,2026-03-19T22:47:01Z,closed,Arkansas,Arkansas,KXNCAAMBGAME-26MAR19HAWARK-ARK,Hawai'i at Arkansas Winner?,2889138,,,Arkansas
Hawaii,Hawaii,2026-03-19T22:41:00Z,2026-03-19T22:41:59Z,2750606,3311026,KXNCAAMBGAME,,KXNCAAMBGAME-26MAR19HAWARK,Hawai'i at Arkansas,2026-03-19T20:00:00Z,,Hawaii vs Arkansas,both_mm,Hawaii vs Arkansas,Arkansas,Arkansas,0.01,ed5cb85d-d5b5-4dff-a271-54e876e2daa3,game_winner,,,Hawai'i,5501212,2026-03-15T22:47:00Z,Arkansas,Arkansas,kalshi,no,,2026-03-19T22:47:01Z,closed,Hawai'i,Hawaii,KXNCAAMBGAME-26MAR19HAWARK-HAW,Hawai'i at Arkansas Winner?,6622052,,,Hawai'i
North Dakota St.,North Dakota State,2026-03-19T22:43:57Z,2026-03-19T22:43:59Z,582422,671755,KXNCAAMBGAME,,KXNCAAMBGAME-26MAR19NDSUMSU,North Dakota St. at Michigan St.,2026-03-19T20:00:00Z,,North Dakota St. vs Michigan St.,both_mm,North Dakota State vs Michigan State,Michigan St.,Michigan State,0.99,a09b0cbc-b4cd-45d3-9fd0-42439b262b46,game_winner,,,Michigan St.,1164844,2026-03-15T22:47:00Z,North Dakota St.,North Dakota State,kalshi,yes,,2026-03-19T22:49:00Z,closed,Michigan St.,Michigan State,KXNCAAMBGAME-26MAR19NDSUMSU-MSU,North Dakota St. at Michigan St. Winner?,1343510,,,Michigan St.
North Dakota St.,North Dakota State,2026-03-19T22:43:57Z,2026-03-19T22:43:59Z,1906602,2384656,KXNCAAMBGAME,,KXNCAAMBGAME-26MAR19NDSUMSU,North Dakota St. at Michigan St.,2026-03-19T20:00:00Z,,North Dakota St. vs Michigan St.,both_mm,North Dakota State vs Michigan State,Michigan St.,Michigan State,0.01,0edf3569-a897-4405-9542-1cf3d6bf39a5,game_winner,,,North Dakota St.,3813204,2026-03-15T22:47:00Z,Michigan St.,Michigan State,kalshi,no,,2026-03-19T22:49:00Z,closed,North Dakota St.,North Dakota State,KXNCAAMBGAME-26MAR19NDSUMSU-NDSU,North Dakota St. at Michigan St. Winner?,4769312,,,North Dakota St.
VCU,VCU,2026-03-20T01:22:56Z,2026-03-20T01:22:58Z,5467229,11839712,KXNCAAMBGAME,,KXNCAAMBGAME-26MAR19VCUUNC,VCU at North Carolina,2026-03-19T20:00:00Z,,VCU vs North Carolina,both_mm,VCU vs North Carolina,North Carolina,North Carolina,0.01,9640aea2-90b7-4fdc-a901-d22b26a51287,game_winner,,,North Carolina,10934458,2026-03-15T22:47:00Z,VCU,VCU,kalshi,no,,2026-03-20T01:28:01Z,closed,North Carolina,North Carolina,KXNCAAMBGAME-26MAR19VCUUNC-UNC,VCU at North Carolina Winner?,23679424,,,North Carolina
VCU,VCU,2026-03-20T01:22:56Z,2026-03-20T01:22:58Z,3784793,9672981,KXNCAAMBGAME,,KXNCAAMBGAME-26MAR19VCUUNC,VCU at North Carolina,2026-03-19T20:00:00Z,,VCU vs North Carolina,both_mm,VCU vs North Carolina,North Carolina,North Carolina,0.99,1d5e2d51-0805-4c9d-a7e8-96213161fd5a,game_winner,,,VCU,7569586,2026-03-15T22:47:00Z,North Carolina,North Carolina,kalshi,yes,,2026-03-20T01:28:01Z,closed,VCU,VCU,KXNCAAMBGAME-26MAR19VCUUNC-VCU,VCU at North Carolina Winner?,19345962,,,VCU
Howard,Howard,2026-03-20T02:04:48Z,2026-03-20T02:05:47Z,13198056,17443177,KXNCAAMBGAME,,KXNCAAMBGAME-26MAR19HOWMICH,Howard at Michigan,2026-03-20T02:10:00Z,,Howard vs Michigan,both_mm,Howard vs Michigan,Michigan,Michigan,0.01,393b8e21-5a9e-40ab-a796-6acc8b4b91d4,game_winner,,,Howard,26396112,2026-03-18T01:52:00Z,Michigan,Michigan,kalshi,no,,2026-03-20T02:10:51Z,closed,Howard,Howard,KXNCAAMBGAME-26MAR19HOWMICH-HOW,Howard at Michigan Winner?,34886354,,,Howard
Howard,Howard,2026-03-20T02:04:48Z,2026-03-20T02:05:47Z,2509543,2886185,KXNCAAMBGAME,,KXNCAAMBGAME-26MAR19HOWMICH,Howard at Michigan,2026-03-20T02:10:00Z,,Howard vs Michigan,both_mm,Howard vs Michigan,Michigan,Michigan,0.99,9f82b1b6-3fee-4fce-96e7-3a68a3de12a2,game_winner,,,Michigan,5019086,2026-03-18T01:52:00Z,Howard,Howard,kalshi,yes,,2026-03-20T02:10:51Z,closed,Michigan,Michigan,KXNCAAMBGAME-26MAR19HOWMICH-MICH,Howard at Michigan Winner?,5772370,,,Michigan
Texas A&M,Texas A&M,2026-03-20T02:15:04Z,2026-03-20T02:16:04Z,2062975,3606105,KXNCAAMBGAME,,KXNCAAMBGAME-26MAR19TXAMSMC,Texas A&M at Saint Mary's,2026-03-19T20:00:00Z,,Texas A&M vs Saint Mary's,both_mm,Texas A&M vs Saint Mary's,Saint Mary's,Saint Mary's,0.01,9a6550df-b567-4a25-9f1e-a90914a35d7e,game_winner,,,Saint Mary's,4125950,2026-03-15T22:47:00Z,Texas A&M,Texas A&M,kalshi,no,,2026-03-20T02:21:11Z,closed,Saint Mary's,Saint Mary's,KXNCAAMBGAME-26MAR19TXAMSMC-SMC,Texas A&M at Saint Mary's Winner?,7212210,,,Saint Mary's
Texas A&M,Texas A&M,2026-03-20T02:15:04Z,2026-03-20T02:16:04Z,1728470,3279208,KXNCAAMBGAME,,KXNCAAMBGAME-26MAR19TXAMSMC,Texas A&M at Saint Mary's,2026-03-19T20:00:00Z,,Texas A&M vs Saint Mary's,both_mm,Texas A&M vs Saint Mary's,Saint Mary's,Saint Mary's,0.99,60e8a384-86f2-4402-9fdc-ae9d4b0c6d3d,game_winner,,,Texas A&M,3456940,2026-03-15T22:47:00Z,Saint Mary's,Saint Mary's,kalshi,yes,,2026-03-20T02:21:11Z,closed,Texas A&M,Texas A&M,KXNCAAMBGAME-26MAR19TXAMSMC-TXAM,Texas A&M at Saint Mary's Winner?,6558416,,,Texas A&M
Texas,Texas,2026-03-20T03:42:11Z,2026-03-20T03:42:13Z,5297469,10006915,KXNCAAMBGAME,,KXNCAAMBGAME-26MAR19TEXBYU,Texas at BYU,2026-03-20T02:25:00Z,,Texas vs BYU,both_mm,Texas vs BYU,BYU,BYU,0.01,2143cde3-b063-40af-8223-a63cee954d80,game_winner,,,BYU,10594938,2026-03-18T04:06:00Z,Texas,Texas,kalshi,no,,2026-03-20T03:47:21Z,closed,BYU,BYU,KXNCAAMBGAME-26MAR19TEXBYU-BYU,Texas at BYU Winner?,20013830,,,BYU
Texas,Texas,2026-03-20T03:42:11Z,2026-03-20T03:42:13Z,3496394,6557362,KXNCAAMBGAME,,KXNCAAMBGAME-26MAR19TEXBYU,Texas at BYU,2026-03-20T02:25:00Z,,Texas vs BYU,both_mm,Texas vs BYU,BYU,BYU,0.99,07ed9824-568c-45c7-b7c8-a53c178223d6,game_winner,,,Texas,6992788,2026-03-18T04:06:00Z,BYU,BYU,kalshi,yes,,2026-03-20T03:47:21Z,closed,Texas,Texas,KXNCAAMBGAME-26MAR19TEXBYU-TEX,Texas at BYU Winner?,13114724,,,Texas
Penn,Penn,2026-03-20T04:22:32Z,2026-03-20T04:22:35Z,1634613,2090101,KXNCAAMBGAME,,KXNCAAMBGAME-26MAR19PENNILL,Penn at Illinois,2026-03-19T20:00:00Z,,Penn vs Illinois,both_mm,Penn vs Illinois,Illinois,Illinois,0.99,a7b6ba1c-c00e-41b7-841d-58333ad4924c,game_winner,,,Illinois,3269226,2026-03-15T22:47:00Z,Penn,Penn,kalshi,yes,,2026-03-20T04:27:41Z,closed,Illinois,Illinois,KXNCAAMBGAME-26MAR19PENNILL-ILL,Penn at Illinois Winner?,4180202,,,Illinois
Penn,Penn,2026-03-20T04:22:32Z,2026-03-20T04:22:35Z,9441355,11873712,KXNCAAMBGAME,,KXNCAAMBGAME-26MAR19PENNILL,Penn at Illinois,2026-03-19T20:00:00Z,,Penn vs Illinois,both_mm,Penn vs Illinois,Illinois,Illinois,0.01,9cf82c0c-a951-4287-acab-379e334023fa,game_winner,,,Penn,18882710,2026-03-15T22:47:00Z,Illinois,Illinois,kalshi,no,,2026-03-20T04:27:41Z,closed,Penn,Penn,KXNCAAMBGAME-26MAR19PENNILL-PENN,Penn at Illinois Winner?,23747424,,,Penn
Saint Louis,Saint Louis,2026-03-20T04:22:55Z,2026-03-20T04:22:57Z,2798221,4960253,KXNCAAMBGAME,,KXNCAAMBGAME-26MAR19SLUUGA,Saint Louis at Georgia,2026-03-19T20:00:00Z,,Saint Louis vs Georgia,both_mm,Saint Louis vs Georgia,Georgia,Georgia,0.99,dfe2c409-7b84-4c40-a0b7-28ad08c7196e,game_winner,,,Saint Louis,5596442,2026-03-15T22:47:00Z,Georgia,Georgia,kalshi,yes,,2026-03-20T04:28:01Z,closed,Saint Louis,Saint Louis,KXNCAAMBGAME-26MAR19SLUUGA-SLU,Saint Louis at Georgia Winner?,9920506,,,Saint Louis
Saint Louis,Saint Louis,2026-03-20T04:22:55Z,2026-03-20T04:22:57Z,3954657,5462814,KXNCAAMBGAME,,KXNCAAMBGAME-26MAR19SLUUGA,Saint Louis at Georgia,2026-03-19T20:00:00Z,,Saint Louis vs Georgia,both_mm,Saint Louis vs Georgia,Georgia,Georgia,0.01,cf5de0a2-bfb8-4d49-9077-8994b4fe9af8,game_winner,,,Georgia,7909314,2026-03-15T22:47:00Z,Saint Louis,Saint Louis,kalshi,no,,2026-03-20T04:28:01Z,closed,Georgia,Georgia,KXNCAAMBGAME-26MAR19SLUUGA-UGA,Saint Louis at Georgia Winner?,10925628,,,Georgia
Idaho,Idaho,2026-03-20T04:23:35Z,2026-03-20T04:23:37Z,651172,762717,KXNCAAMBGAME,,KXNCAAMBGAME-26MAR19IDHOHOU,Idaho at Houston,2026-03-19T20:00:00Z,,Idaho vs Houston,both_mm,Idaho vs Houston,Houston,Houston,0.99,9274aebe-b836-4d09-85af-8ad5ebf6c0d0,game_winner,,,Houston,1302344,2026-03-15T22:47:00Z,Idaho,Idaho,kalshi,yes,,2026-03-20T04:28:41Z,closed,Houston,Houston,KXNCAAMBGAME-26MAR19IDHOHOU-HOU,Idaho at Houston Winner?,1525434,,,Houston
Idaho,Idaho,2026-03-20T04:23:35Z,2026-03-20T04:23:37Z,3423809,4088195,KXNCAAMBGAME,,KXNCAAMBGAME-26MAR19IDHOHOU,Idaho at Houston,2026-03-19T20:00:00Z,,Idaho vs Houston,both_mm,Idaho vs Houston,Houston,Houston,0.01,cad6eaa8-923f-42f5-a57b-122f20fca8ee,game_winner,,,Idaho,6847618,2026-03-15T22:47:00Z,Houston,Houston,kalshi,no,,2026-03-20T04:28:41Z,closed,Idaho,Idaho,KXNCAAMBGAME-26MAR19IDHOHOU-IDHO,Idaho at Houston Winner?,8176390,,,Idaho
Kennesaw St.,Kennesaw State,2026-03-20T04:40:44Z,2026-03-20T04:40:46Z,2494623,3626891,KXNCAAMBGAME,,KXNCAAMBGAME-26MAR19KENNGONZ,Kennesaw St. at Gonzaga,2026-03-19T20:00:00Z,,Kennesaw St. vs Gonzaga,both_mm,Kennesaw State vs Gonzaga,Gonzaga,Gonzaga,0.99,37bf3b24-ceb0-450d-896c-c99b25c48fd4,game_winner,,,Gonzaga,4989246,2026-03-15T22:47:00Z,Kennesaw St.,Kennesaw State,kalshi,yes,,2026-03-20T04:45:51Z,closed,Gonzaga,Gonzaga,KXNCAAMBGAME-26MAR19KENNGONZ-GONZ,Kennesaw St. at Gonzaga Winner?,7253782,,,Gonzaga
Kennesaw St.,Kennesaw State,2026-03-20T04:40:44Z,2026-03-20T04:40:46Z,6909596,10468633,KXNCAAMBGAME,,KXNCAAMBGAME-26MAR19KENNGONZ,Kennesaw St. at Gonzaga,2026-03-19T20:00:00Z,,Kennesaw St. vs Gonzaga,both_mm,Kennesaw State vs Gonzaga,Gonzaga,Gonzaga,0.01,1cd3cb30-434d-4a28-bccc-d9f772538317,game_winner,,,Kennesaw St.,13819192,2026-03-15T22:47:00Z,Gonzaga,Gonzaga,kalshi,no,,2026-03-20T04:45:51Z,closed,Kennesaw St.,Kennesaw State,KXNCAAMBGAME-26MAR19KENNGONZ-KENN,Kennesaw St. at Gonzaga Winner?,20937266,,,Kennesaw St.
Santa Clara,Santa Clara,2026-03-20T18:34:48Z,2026-03-20T18:34:50Z,4607771,10187305,KXNCAAMBGAME,,KXNCAAMBGAME-26MAR20SCUUK,Santa Clara at Kentucky,2026-03-20T20:00:00Z,,Santa Clara vs Kentucky,both_mm,Santa Clara vs Kentucky,Kentucky,Kentucky,0.01,7e4e77ea-d793-4736-a75c-c9950053afb8,game_winner,,,Santa Clara,9215542,2026-03-15T22:47:00Z,Kentucky,Kentucky,kalshi,no,,2026-03-20T18:39:51Z,closed,Santa Clara,Santa Clara,KXNCAAMBGAME-26MAR20SCUUK-SCU,Santa Clara at Kentucky Winner?,20374610,,,Santa Clara
Santa Clara,Santa Clara,2026-03-20T18:34:48Z,2026-03-20T18:34:50Z,5677189,12895147,KXNCAAMBGAME,,KXNCAAMBGAME-26MAR20SCUUK,Santa Clara at Kentucky,2026-03-20T20:00:00Z,,Santa Clara vs Kentucky,both_mm,Santa Clara vs Kentucky,Kentucky,Kentucky,0.99,b878901b-bfd7-4096-9955-e81a8e8ee2f8,game_winner,,,Kentucky,11354378,2026-03-15T22:47:00Z,Santa Clara,Santa Clara,kalshi,yes,,2026-03-20T18:39:51Z,closed,Kentucky,Kentucky,KXNCAAMBGAME-26MAR20SCUUK-UK,Santa Clara at Kentucky Winner?,25790294,,,Kentucky
Long Island,Long Island,2026-03-20T19:42:25Z,2026-03-20T19:42:27Z,1379568,1398020,KXNCAAMBGAME,,KXNCAAMBGAME-26MAR20LIUARIZ,LIU at Arizona,2026-03-20T20:00:00Z,,Long Island vs Arizona,both_mm,Long Island vs Arizona,Arizona,Arizona,0.99,a34cefa8-2fbc-44cb-897d-8353b69d0df8,game_winner,,,Arizona,2759136,2026-03-15T22:47:00Z,Long Island,Long Island,kalshi,yes,,2026-03-20T19:47:31Z,closed,Arizona,Arizona,KXNCAAMBGAME-26MAR20LIUARIZ-ARIZ,LIU at Arizona Winner?,2796040,,,Arizona
Long Island,Long Island,2026-03-20T19:42:25Z,2026-03-20T19:42:27Z,5116034,5775920,KXNCAAMBGAME,,KXNCAAMBGAME-26MAR20LIUARIZ,LIU at Arizona,2026-03-20T20:00:00Z,,Long Island vs Arizona,both_mm,Long Island vs Arizona,Arizona,Arizona,0.01,63c2c119-9963-495b-8430-e5a72b086383,game_winner,,,LIU,10232068,2026-03-15T22:47:00Z,Arizona,Arizona,kalshi,no,,2026-03-20T19:47:31Z,closed,LIU,Long Island,KXNCAAMBGAME-26MAR20LIUARIZ-LIU,LIU at Arizona Winner?,11551840,,,LIU
Wright St.,Wright State,2026-03-20T20:01:17Z,2026-03-20T20:01:19Z,3501836,6129881,KXNCAAMBGAME,,KXNCAAMBGAME-26MAR20WRSTUVA,Wright St. at Virginia,2026-03-20T20:00:00Z,,Wright St. vs Virginia,both_mm,Wright State vs Virginia,Virginia,Virginia,0.99,7f5b2c83-a6a6-4492-8edb-be6611948659,game_winner,,,Virginia,7003672,2026-03-15T22:47:00Z,Wright St.,Wright State,kalshi,yes,,2026-03-20T20:06:21Z,closed,Virginia,Virginia,KXNCAAMBGAME-26MAR20WRSTUVA-UVA,Wright St. at Virginia Winner?,12259762,,,Virginia
Wright St.,Wright State,2026-03-20T20:01:17Z,2026-03-20T20:01:19Z,6038349,10173567,KXNCAAMBGAME,,KXNCAAMBGAME-26MAR20WRSTUVA,Wright St. at Virginia,2026-03-20T20:00:00Z,,Wright St. vs Virginia,both_mm,Wright State vs Virginia,Virginia,Virginia,0.01,defc6baf-1b75-48a4-a953-28b51fa18692,game_winner,,,Wright St.,12076698,2026-03-15T22:47:00Z,Virginia,Virginia,kalshi,no,,2026-03-20T20:06:21Z,closed,Wright St.,Wright State,KXNCAAMBGAME-26MAR20WRSTUVA-WRST,Wright St. at Virginia Winner?,20347134,,,Wright St.
Tennessee St.,Tennessee State,2026-03-20T21:25:04Z,2026-03-20T21:25:06Z,726698,1011662,KXNCAAMBGAME,,KXNCAAMBGAME-26MAR20TNSTISU,Tennessee St. at Iowa St.,2026-03-20T20:00:00Z,,Tennessee St. vs Iowa St.,both_mm,Tennessee State vs Iowa State,Iowa St.,Iowa State,0.99,1800f8cd-3d75-41ad-b892-dc37ec287260,game_winner,,,Iowa St.,1453396,2026-03-15T22:47:00Z,Tennessee St.,Tennessee State,kalshi,yes,,2026-03-20T21:30:11Z,closed,Iowa St.,Iowa State,KXNCAAMBGAME-26MAR20TNSTISU-ISU,Tennessee St. at Iowa St. Winner?,2023324,,,Iowa St.
Tennessee St.,Tennessee State,2026-03-20T21:25:04Z,2026-03-20T21:25:06Z,3392587,4273718,KXNCAAMBGAME,,KXNCAAMBGAME-26MAR20TNSTISU,Tennessee St. at Iowa St.,2026-03-20T20:00:00Z,,Tennessee St. vs Iowa St.,both_mm,Tennessee State vs Iowa State,Iowa St.,Iowa State,0.01,21261920-7789-45c3-a291-0f9c25252dcd,game_winner,,,Tennessee St.,6785174,2026-03-15T22:47:00Z,Iowa St.,Iowa State,kalshi,no,,2026-03-20T21:30:11Z,closed,Tennessee St.,Tennessee State,KXNCAAMBGAME-26MAR20TNSTISU-TNST,Tennessee St. at Iowa St. Winner?,8547436,,,Tennessee St.
Hofstra,Hofstra,2026-03-20T21:31:51Z,2026-03-20T21:31:53Z,2962832,5117241,KXNCAAMBGAME,,KXNCAAMBGAME-26MAR20HOFALA,Hofstra at Alabama,2026-03-20T20:00:00Z,,Hofstra vs Alabama,both_mm,Hofstra vs Alabama,Alabama,Alabama,0.99,b5c1f7ab-f597-426b-948f-3dc2779904d7,game_winner,,,Alabama,5925664,2026-03-15T22:47:00Z,Hofstra,Hofstra,kalshi,yes,,2026-03-20T21:37:01Z,closed,Alabama,Alabama,KXNCAAMBGAME-26MAR20HOFALA-ALA,Hofstra at Alabama Winner?,10234482,,,Alabama
Hofstra,Hofstra,2026-03-20T21:31:51Z,2026-03-20T21:31:53Z,4430071,7198158,KXNCAAMBGAME,,KXNCAAMBGAME-26MAR20HOFALA,Hofstra at Alabama,2026-03-20T20:00:00Z,,Hofstra vs Alabama,both_mm,Hofstra vs Alabama,Alabama,Alabama,0.01,10eb0fab-c8ff-4d65-995c-cde089e1c742,game_winner,,,Hofstra,8860142,2026-03-15T22:47:00Z,Alabama,Alabama,kalshi,no,,2026-03-20T21:37:01Z,closed,Hofstra,Hofstra,KXNCAAMBGAME-26MAR20HOFALA-HOF,Hofstra at Alabama Winner?,14396316,,,Hofstra
Utah St.,Utah State,2026-03-20T22:32:08Z,2026-03-20T22:32:10Z,4444891,9236821,KXNCAAMBGAME,,KXNCAAMBGAME-26MAR20USUVILL,Utah St. at Villanova,2026-03-20T20:00:00Z,,Utah St. vs Villanova,both_mm,Utah State vs Villanova,Villanova,Villanova,0.99,0fa19c3c-2944-4f60-b0ee-85f1a847c31f,game_winner,,,Utah St.,8889782,2026-03-15T22:47:00Z,Villanova,Villanova,kalshi,yes,,2026-03-20T22:37:11Z,closed,Utah St.,Utah State,KXNCAAMBGAME-26MAR20USUVILL-USU,Utah St. at Villanova Winner?,18473642,,,Utah St.
Utah St.,Utah State,2026-03-20T22:32:08Z,2026-03-20T22:32:10Z,5294380,9910353,KXNCAAMBGAME,,KXNCAAMBGAME-26MAR20USUVILL,Utah St. at Villanova,2026-03-20T20:00:00Z,,Utah St. vs Villanova,both_mm,Utah State vs Villanova,Villanova,Villanova,0.01,6048bf8d-4272-45bb-b6e7-a819d7860765,game_winner,,,Villanova,10588760,2026-03-15T22:47:00Z,Utah St.,Utah State,kalshi,no,,2026-03-20T22:37:11Z,closed,Villanova,Villanova,KXNCAAMBGAME-26MAR20USUVILL-VILL,Utah St. at Villanova Winner?,19820706,,,Villanova
Miami (Ohio),Miami (Ohio),2026-03-20T22:39:22Z,2026-03-20T22:39:24Z,7272816,9109073,KXNCAAMBGAME,,KXNCAAMBGAME-26MAR20MOHTENN,Miami (OH) at Tennessee,2026-03-20T23:25:00Z,,Miami (Ohio) vs Tennessee,both_mm,Miami (Ohio) vs Tennessee,Tennessee,Tennessee,0.01,b7d25fdf-c17e-4b41-84f1-8543d55e88dd,game_winner,,,Miami (OH),14545632,2026-03-19T03:36:00Z,Tennessee,Tennessee,kalshi,no,,,closed,Miami (OH),Miami (Ohio),KXNCAAMBGAME-26MAR20MOHTENN-MOH,Miami (OH) at Tennessee Winner?,18218146,,,Miami (OH)
Miami (Ohio),Miami (Ohio),2026-03-20T22:39:22Z,2026-03-20T22:39:24Z,1616899,2361178,KXNCAAMBGAME,,KXNCAAMBGAME-26MAR20MOHTENN,Miami (OH) at Tennessee,2026-03-20T23:25:00Z,,Miami (Ohio) vs Tennessee,both_mm,Miami (Ohio) vs Tennessee,Tennessee,Tennessee,0.99,c9a2cd56-c058-4ccb-b572-d1b45e002fa5,game_winner,,,Tennessee,3233798,2026-03-19T03:36:00Z,Miami (Ohio),Miami (Ohio),kalshi,yes,,,closed,Tennessee,Tennessee,KXNCAAMBGAME-26MAR20MOHTENN-TENN,Miami (OH) at Tennessee Winner?,4722356,,,Tennessee
Iowa,Iowa,2026-03-21T01:10:14Z,2026-03-21T01:10:16Z,4597713,7848735,KXNCAAMBGAME,,KXNCAAMBGAME-26MAR20IOWACLEM,Iowa at Clemson,2026-03-20T20:00:00Z,,Iowa vs Clemson,both_mm,Iowa vs Clemson,Clemson,Clemson,0.01,18265225-7355-4a71-ac74-e2e4166839f5,game_winner,,,Clemson,9195426,2026-03-15T22:47:00Z,Iowa,Iowa,kalshi,no,,2026-03-21T01:15:21Z,closed,Clemson,Clemson,KXNCAAMBGAME-26MAR20IOWACLEM-CLEM,Iowa at Clemson Winner?,15697470,,,Clemson
Iowa,Iowa,2026-03-21T01:10:14Z,2026-03-21T01:10:16Z,4710113,8196926,KXNCAAMBGAME,,KXNCAAMBGAME-26MAR20IOWACLEM,Iowa at Clemson,2026-03-20T20:00:00Z,,Iowa vs Clemson,both_mm,Iowa vs Clemson,Clemson,Clemson,0.99,6c0475de-5d7f-4814-a0ce-3c55b28e2ba1,game_winner,,,Iowa,9420226,2026-03-15T22:47:00Z,Clemson,Clemson,kalshi,yes,,2026-03-21T01:15:21Z,closed,Iowa,Iowa,KXNCAAMBGAME-26MAR20IOWACLEM-IOWA,Iowa at Clemson Winner?,16393852,,,Iowa
Northern Iowa,Northern Iowa,2026-03-21T01:35:01Z,2026-03-21T01:35:04Z,2523838,3244159,KXNCAAMBGAME,,KXNCAAMBGAME-26MAR20UNISJU,Northern Iowa at St. John's,2026-03-20T20:00:00Z,,Northern Iowa vs St. John's,both_mm,Northern Iowa vs Saint John's,St. John's,Saint John's,0.99,11a27858-f660-4276-817b-b5dbbf9ee146,game_winner,,,St. John's,5047676,2026-03-15T22:47:00Z,Northern Iowa,Northern Iowa,kalshi,yes,,2026-03-21T01:40:11Z,closed,St. John's,Saint John's,KXNCAAMBGAME-26MAR20UNISJU-SJU,Northern Iowa at St. John's Winner?,6488318,,,St. John's
Northern Iowa,Northern Iowa,2026-03-21T01:35:01Z,2026-03-21T01:35:04Z,2172474,3473802,KXNCAAMBGAME,,KXNCAAMBGAME-26MAR20UNISJU,Northern Iowa at St. John's,2026-03-20T20:00:00Z,,Northern Iowa vs St. John's,both_mm,Northern Iowa vs Saint John's,St. John's,Saint John's,0.01,cd047598-21ff-4ec8-a544-21b0c4a03a07,game_winner,,,Northern Iowa,4344948,2026-03-15T22:47:00Z,St. John's,Saint John's,kalshi,no,,2026-03-21T01:40:11Z,closed,Northern Iowa,Northern Iowa,KXNCAAMBGAME-26MAR20UNISJU-UNI,Northern Iowa at St. John's Winner?,6947604,,,Northern Iowa
Queens (N.C.),Queens (N.C.),2026-03-21T01:37:02Z,2026-03-21T01:37:04Z,1064218,1188943,KXNCAAMBGAME,,KXNCAAMBGAME-26MAR20QUCPUR,Queens University at Purdue,2026-03-20T20:00:00Z,,Queens (N.C.) vs Purdue,both_mm,Queens (N.C.) vs Purdue,Purdue,Purdue,0.99,366d35d1-be98-4297-b19e-b7bee8c2aa56,game_winner,,,Purdue,2128436,2026-03-15T22:47:00Z,Queens (N.C.),Queens (N.C.),kalshi,yes,,2026-03-21T01:42:11Z,closed,Purdue,Purdue,KXNCAAMBGAME-26MAR20QUCPUR-PUR,Queens University at Purdue Winner?,2377886,,,Purdue
Queens (N.C.),Queens (N.C.),2026-03-21T01:37:02Z,2026-03-21T01:37:04Z,3806108,5215885,KXNCAAMBGAME,,KXNCAAMBGAME-26MAR20QUCPUR,Queens University at Purdue,2026-03-20T20:00:00Z,,Queens (N.C.) vs Purdue,both_mm,Queens (N.C.) vs Purdue,Purdue,Purdue,0.01,ab5380d6-c43e-450c-aa8f-4cfce677068b,game_winner,,,Queens University,7612216,2026-03-15T22:47:00Z,Purdue,Purdue,kalshi,no,,2026-03-21T01:42:11Z,closed,Queens University,Queens (N.C.),KXNCAAMBGAME-26MAR20QUCPUR-QUC,Queens University at Purdue Winner?,10431770,,,Queens University
UCF,UCF,2026-03-21T02:00:37Z,2026-03-21T02:00:39Z,3237527,4763147,KXNCAAMBGAME,,KXNCAAMBGAME-26MAR20UCFUCLA,UCF at UCLA,2026-03-20T20:00:00Z,,UCF vs UCLA,both_mm,UCF vs UCLA,UCLA,UCLA,0.01,9ffdd3fb-570d-401e-aaf5-67bf8aedf428,game_winner,,,UCF,6475054,2026-03-15T22:47:00Z,UCLA,UCLA,kalshi,no,,2026-03-21T02:05:41Z,closed,UCF,UCF,KXNCAAMBGAME-26MAR20UCFUCLA-UCF,UCF at UCLA Winner?,9526294,,,UCF
UCF,UCF,2026-03-21T02:00:37Z,2026-03-21T02:00:39Z,3323683,5354366,KXNCAAMBGAME,,KXNCAAMBGAME-26MAR20UCFUCLA,UCF at UCLA,2026-03-20T20:00:00Z,,UCF vs UCLA,both_mm,UCF vs UCLA,UCLA,UCLA,0.99,ddc56f23-00f1-489e-9e4a-aa4fd2d1690b,game_winner,,,UCLA,6647366,2026-03-15T22:47:00Z,UCF,UCF,kalshi,yes,,2026-03-21T02:05:41Z,closed,UCLA,UCLA,KXNCAAMBGAME-26MAR20UCFUCLA-UCLA,UCF at UCLA Winner?,10708732,,,UCLA
Prairie View A&M,Prairie View A&M,2026-03-21T03:47:16Z,2026-03-21T03:47:18Z,906027,1486188,KXNCAAMBGAME,,KXNCAAMBGAME-26MAR20PVFLA,Prairie View A&M at Florida,2026-03-21T04:25:00Z,,Prairie View A&M vs Florida,both_mm,Prairie View A&M vs Florida,Florida,Florida,0.99,3ed1621e-6e70-4834-8756-c8bf2823ebda,game_winner,,,Florida,1812054,2026-03-19T01:03:00Z,Prairie View A&M,Prairie View A&M,kalshi,yes,,2026-03-21T03:52:21Z,closed,Florida,Florida,KXNCAAMBGAME-26MAR20PVFLA-FLA,Prairie View A&M at Florida Winner?,2972376,,,Florida
Prairie View A&M,Prairie View A&M,2026-03-21T03:47:16Z,2026-03-21T03:47:18Z,7489390,8437579,KXNCAAMBGAME,,KXNCAAMBGAME-26MAR20PVFLA,Prairie View A&M at Florida,2026-03-21T04:25:00Z,,Prairie View A&M vs Florida,both_mm,Prairie View A&M vs Florida,Florida,Florida,0.01,0637104b-c9b9-40db-80ea-23e0f297444a,game_winner,,,Prairie View A&M,14978780,2026-03-19T01:03:00Z,Florida,Florida,kalshi,no,,2026-03-21T03:52:21Z,closed,Prairie View A&M,Prairie View A&M,KXNCAAMBGAME-26MAR20PVFLA-PV,Prairie View A&M at Florida Winner?,16875158,,,Prairie View A&M
Cal Baptist,California Baptist,2026-03-21T04:14:16Z,2026-03-21T04:14:18Z,2909022,3776717,KXNCAAMBGAME,,KXNCAAMBGAME-26MAR20CBUKU,California Baptist at Kansas,2026-03-20T20:00:00Z,,Cal Baptist vs Kansas,both_mm,California Baptist vs Kansas,Kansas,Kansas,0.01,58aeb2f4-50f1-4717-a67a-1a90c9ef31c6,game_winner,,,California Baptist,5818044,2026-03-15T22:47:00Z,Kansas,Kansas,kalshi,no,,2026-03-21T04:19:21Z,closed,California Baptist,California Baptist,KXNCAAMBGAME-26MAR20CBUKU-CBU,California Baptist at Kansas Winner?,7553434,,,California Baptist
Cal Baptist,California Baptist,2026-03-21T04:14:16Z,2026-03-21T04:14:18Z,1624805,2621435,KXNCAAMBGAME,,KXNCAAMBGAME-26MAR20CBUKU,California Baptist at Kansas,2026-03-20T20:00:00Z,,Cal Baptist vs Kansas,both_mm,California Baptist vs Kansas,Kansas,Kansas,0.99,36ef0fbb-4c33-47e7-ab7c-dc66435b90ff,game_winner,,,Kansas,3249610,2026-03-15T22:47:00Z,Cal Baptist,California Baptist,kalshi,yes,,2026-03-21T04:19:21Z,closed,Kansas,Kansas,KXNCAAMBGAME-26MAR20CBUKU-KU,California Baptist at Kansas Winner?,5242870,,,Kansas
Missouri,Missouri,2026-03-21T04:29:57Z,2026-03-21T04:30:00Z,5622748,9498498,KXNCAAMBGAME,,KXNCAAMBGAME-26MAR20MIZZMIA,Missouri at Miami (FL),2026-03-20T20:00:00Z,,Missouri vs Miami (FL),both_mm,Missouri vs Miami (FL),Miami (FL),Miami (FL),0.99,47626b2b-7bcb-416c-88ec-559722f440cd,game_winner,,,Miami (FL),11245496,2026-03-15T22:47:00Z,Missouri,Missouri,kalshi,yes,,2026-03-21T04:35:01Z,closed,Miami (FL),Miami (FL),KXNCAAMBGAME-26MAR20MIZZMIA-MIA,Missouri at Miami (FL) Winner?,18996996,,,Miami (FL)
Missouri,Missouri,2026-03-21T04:29:57Z,2026-03-21T04:30:00Z,4610422,7408468,KXNCAAMBGAME,,KXNCAAMBGAME-26MAR20MIZZMIA,Missouri at Miami (FL),2026-03-20T20:00:00Z,,Missouri vs Miami (FL),both_mm,Missouri vs Miami (FL),Miami (FL),Miami (FL),0.01,8c299017-e5fe-43bf-a597-ad423d9e4dae,game_winner,,,Missouri,9220844,2026-03-15T22:47:00Z,Miami (FL),Miami (FL),kalshi,no,,2026-03-21T04:35:01Z,closed,Missouri,Missouri,KXNCAAMBGAME-26MAR20MIZZMIA-MIZZ,Missouri at Miami (FL) Winner?,14816936,,,Missouri
Furman,Furman,2026-03-21T04:47:55Z,2026-03-21T04:47:57Z,2350853,3042533,KXNCAAMBGAME,,KXNCAAMBGAME-26MAR20FURCONN,Furman at UConn,2026-03-20T20:00:00Z,,Furman vs UConn,both_mm,Furman vs UConn,UConn,UConn,0.99,40c9be60-4e2c-4544-b7f6-78138c5cb3ec,game_winner,,,UConn,4701706,2026-03-15T22:47:00Z,Furman,Furman,kalshi,yes,,,closed,UConn,UConn,KXNCAAMBGAME-26MAR20FURCONN-CONN,Furman at UConn Winner?,6085066,,,UConn
Furman,Furman,2026-03-21T04:47:55Z,2026-03-21T04:47:57Z,7042098,8881592,KXNCAAMBGAME,,KXNCAAMBGAME-26MAR20FURCONN,Furman at UConn,2026-03-20T20:00:00Z,,Furman vs UConn,both_mm,Furman vs UConn,UConn,UConn,0.01,879954c4-5692-4b8e-894d-b9b7e90f2399,game_winner,,,Furman,14084196,2026-03-15T22:47:00Z,UConn,UConn,kalshi,no,,,closed,Furman,Furman,KXNCAAMBGAME-26MAR20FURCONN-FUR,Furman at UConn Winner?,17763184,,,Furman
Saint Louis,Saint Louis,2026-03-21T18:18:33Z,2026-03-21T18:18:35Z,4544643,5630752,KXNCAAMBGAME,,KXNCAAMBGAME-26MAR21SLUMICH,Saint Louis at Michigan,2026-03-21T19:10:00Z,,Saint Louis vs Michigan,both_mm,Saint Louis vs Michigan,Michigan,Michigan,0.99,c366ec2f-ce9f-4085-9e24-e9ce2c919cac,game_winner,,,Michigan,9089286,2026-03-20T04:26:00Z,Saint Louis,Saint Louis,kalshi,yes,,2026-03-21T18:23:41Z,closed,Michigan,Michigan,KXNCAAMBGAME-26MAR21SLUMICH-MICH,Saint Louis at Michigan Winner?,11261504,,,Michigan
Saint Louis,Saint Louis,2026-03-21T18:18:33Z,2026-03-21T18:18:35Z,4304430,5966791,KXNCAAMBGAME,,KXNCAAMBGAME-26MAR21SLUMICH,Saint Louis at Michigan,2026-03-21T19:10:00Z,,Saint Louis vs Michigan,both_mm,Saint Louis vs Michigan,Michigan,Michigan,0.01,57c2f1e4-0e08-422f-a790-8ad78caf6c90,game_winner,,,Saint Louis,8608860,2026-03-20T04:26:00Z,Michigan,Michigan,kalshi,no,,2026-03-21T18:23:41Z,closed,Saint Louis,Saint Louis,KXNCAAMBGAME-26MAR21SLUMICH-SLU,Saint Louis at Michigan Winner?,11933582,,,Saint Louis
Louisville,Louisville,2026-03-21T21:04:32Z,2026-03-21T21:04:34Z,3318903,5410886,KXNCAAMBGAME,,KXNCAAMBGAME-26MAR21LOUMSU,Louisville at Michigan St.,2026-03-21T20:00:00Z,,Louisville vs Michigan St.,both_mm,Louisville vs Michigan State,Michigan St.,Michigan State,0.01,86f28499-2bb4-43cc-9e8e-2208c74ab968,game_winner,,,Louisville,6637806,2026-03-19T22:47:00Z,Michigan St.,Michigan State,kalshi,no,,2026-03-21T21:09:41Z,closed,Louisville,Louisville,KXNCAAMBGAME-26MAR21LOUMSU-LOU,Louisville at Michigan St. Winner?,10821772,,,Louisville
Louisville,Louisville,2026-03-21T21:04:32Z,2026-03-21T21:04:34Z,5798927,8778270,KXNCAAMBGAME,,KXNCAAMBGAME-26MAR21LOUMSU,Louisville at Michigan St.,2026-03-21T20:00:00Z,,Louisville vs Michigan St.,both_mm,Louisville vs Michigan State,Michigan St.,Michigan State,0.99,a54fb847-3924-48b5-8e51-3c02aad9cd4a,game_winner,,,Michigan St.,11597854,2026-03-19T22:47:00Z,Louisville,Louisville,kalshi,yes,,2026-03-21T21:09:41Z,closed,Michigan St.,Michigan State,KXNCAAMBGAME-26MAR21LOUMSU-MSU,Louisville at Michigan St. Winner?,17556540,,,Michigan St.
TCU,TCU,2026-03-21T23:41:48Z,2026-03-21T23:41:50Z,4380961,6290769,KXNCAAMBGAME,,KXNCAAMBGAME-26MAR21TCUDUKE,TCU at Duke,2026-03-21T20:00:00Z,,TCU vs Duke,both_mm,TCU vs Duke,Duke,Duke,0.99,59577272-b347-4ad6-bc32-8afb9e6e7ef2,game_winner,,,Duke,8761922,2026-03-19T21:17:00Z,TCU,TCU,kalshi,yes,,2026-03-21T23:46:51Z,closed,Duke,Duke,KXNCAAMBGAME-26MAR21TCUDUKE-DUKE,TCU at Duke Winner?,12581538,,,Duke
TCU,TCU,2026-03-21T23:41:48Z,2026-03-21T23:41:50Z,6376242,9794134,KXNCAAMBGAME,,KXNCAAMBGAME-26MAR21TCUDUKE,TCU at Duke,2026-03-21T20:00:00Z,,TCU vs Duke,both_mm,TCU vs Duke,Duke,Duke,0.01,80178110-236f-4ddd-b067-9cf692804556,game_winner,,,TCU,12752484,2026-03-19T21:17:00Z,Duke,Duke,kalshi,no,,2026-03-21T23:46:51Z,closed,TCU,TCU,KXNCAAMBGAME-26MAR21TCUDUKE-TCU,TCU at Duke Winner?,19588268,,,TCU
Texas A&M,Texas A&M,2026-03-22T00:29:15Z,2026-03-22T00:29:17Z,1562682,2126145,KXNCAAMBGAME,,KXNCAAMBGAME-26MAR21TXAMHOU,Texas A&M at Houston,2026-03-22T01:10:00Z,,Texas A&M vs Houston,both_mm,Texas A&M vs Houston,Houston,Houston,0.99,e50a2be2-bfd6-49c3-9d2a-5fdf2b1d7b9f,game_winner,,,Houston,3125364,2026-03-20T04:26:00Z,Texas A&M,Texas A&M,kalshi,yes,,2026-03-22T00:34:21Z,closed,Houston,Houston,KXNCAAMBGAME-26MAR21TXAMHOU-HOU,Texas A&M at Houston Winner?,4252290,,,Houston
Texas A&M,Texas A&M,2026-03-22T00:29:15Z,2026-03-22T00:29:17Z,1485809,1994299,KXNCAAMBGAME,,KXNCAAMBGAME-26MAR21TXAMHOU,Texas A&M at Houston,2026-03-22T01:10:00Z,,Texas A&M vs Houston,both_mm,Texas A&M vs Houston,Houston,Houston,0.01,183d583e-99a4-4105-aa56-04e7647b56ae,game_winner,,,Texas A&M,2971618,2026-03-20T04:26:00Z,Houston,Houston,kalshi,no,,2026-03-22T00:34:21Z,closed,Texas A&M,Texas A&M,KXNCAAMBGAME-26MAR21TXAMHOU-TXAM,Texas A&M at Houston Winner?,3988598,,,Texas A&M
Texas,Texas,2026-03-22T01:08:38Z,2026-03-22T01:08:40Z,5907445,8725408,KXNCAAMBGAME,,KXNCAAMBGAME-26MAR21TEXGONZ,Texas at Gonzaga,2026-03-22T02:10:00Z,,Texas vs Gonzaga,both_mm,Texas vs Gonzaga,Gonzaga,Gonzaga,0.01,4bc490fd-7d8d-4294-860a-c0f4596745cb,game_winner,,,Gonzaga,11814890,2026-03-20T04:46:00Z,Texas,Texas,kalshi,no,,2026-03-22T01:13:42Z,closed,Gonzaga,Gonzaga,KXNCAAMBGAME-26MAR21TEXGONZ-GONZ,Texas at Gonzaga Winner?,17450816,,,Gonzaga
Texas,Texas,2026-03-22T01:08:38Z,2026-03-22T01:08:40Z,4348829,7363266,KXNCAAMBGAME,,KXNCAAMBGAME-26MAR21TEXGONZ,Texas at Gonzaga,2026-03-22T02:10:00Z,,Texas vs Gonzaga,both_mm,Texas vs Gonzaga,Gonzaga,Gonzaga,0.99,37303ccb-276a-480d-a71b-f52b6ac444e0,game_winner,,,Texas,8697658,2026-03-20T04:46:00Z,Gonzaga,Gonzaga,kalshi,yes,,2026-03-22T01:13:42Z,closed,Texas,Texas,KXNCAAMBGAME-26MAR21TEXGONZ-TEX,Texas at Gonzaga Winner?,14726532,,,Texas
VCU,VCU,2026-03-22T02:18:52Z,2026-03-22T02:18:54Z,1895579,2655321,KXNCAAMBGAME,,KXNCAAMBGAME-26MAR21VCUILL,VCU at Illinois,2026-03-22T02:50:00Z,,VCU vs Illinois,both_mm,VCU vs Illinois,Illinois,Illinois,0.99,68282a6d-8ec1-43cc-9b0e-11771ea5c474,game_winner,,,Illinois,3791158,2026-03-20T03:56:00Z,VCU,VCU,kalshi,yes,,2026-03-22T02:24:01Z,closed,Illinois,Illinois,KXNCAAMBGAME-26MAR21VCUILL-ILL,VCU at Illinois Winner?,5310642,,,Illinois
VCU,VCU,2026-03-22T02:18:52Z,2026-03-22T02:18:54Z,3687402,5607747,KXNCAAMBGAME,,KXNCAAMBGAME-26MAR21VCUILL,VCU at Illinois,2026-03-22T02:50:00Z,,VCU vs Illinois,both_mm,VCU vs Illinois,Illinois,Illinois,0.01,fd71b462-6bd7-4178-a36a-2d307d295d6a,game_winner,,,VCU,7374804,2026-03-20T03:56:00Z,Illinois,Illinois,kalshi,no,,2026-03-22T02:24:01Z,closed,VCU,VCU,KXNCAAMBGAME-26MAR21VCUILL-VCU,VCU at Illinois Winner?,11215494,,,VCU
Vanderbilt,Vanderbilt,2026-03-22T03:16:08Z,2026-03-22T03:16:10Z,5694367,11256794,KXNCAAMBGAME,,KXNCAAMBGAME-26MAR21VANNEB,Vanderbilt at Nebraska,2026-03-21T20:00:00Z,,Vanderbilt vs Nebraska,both_mm,Vanderbilt vs Nebraska,Nebraska,Nebraska,0.99,e5d33f16-6825-49d1-9295-f353a775ccc0,game_winner,,,Nebraska,11388734,2026-03-19T21:36:00Z,Vanderbilt,Vanderbilt,kalshi,yes,,2026-03-22T03:21:11Z,closed,Nebraska,Nebraska,KXNCAAMBGAME-26MAR21VANNEB-NEB,Vanderbilt at Nebraska Winner?,22513588,,,Nebraska
Vanderbilt,Vanderbilt,2026-03-22T03:16:08Z,2026-03-22T03:16:10Z,5921208,10556801,KXNCAAMBGAME,,KXNCAAMBGAME-26MAR21VANNEB,Vanderbilt at Nebraska,2026-03-21T20:00:00Z,,Vanderbilt vs Nebraska,both_mm,Vanderbilt vs Nebraska,Nebraska,Nebraska,0.01,f9c30dc8-a198-4a53-a9b2-297e1e989282,game_winner,,,Vanderbilt,11842416,2026-03-19T21:36:00Z,Nebraska,Nebraska,kalshi,no,,2026-03-22T03:21:11Z,closed,Vanderbilt,Vanderbilt,KXNCAAMBGAME-26MAR21VANNEB-VAN,Vanderbilt at Nebraska Winner?,21113602,,,Vanderbilt
High Point,High Point,2026-03-22T03:53:16Z,2026-03-22T03:53:18Z,4403777,6760810,KXNCAAMBGAME,,KXNCAAMBGAME-26MAR21HPARK,High Point at Arkansas,2026-03-21T20:00:00Z,,High Point vs Arkansas,both_mm,High Point vs Arkansas,Arkansas,Arkansas,0.99,c24d7e69-e3af-42a9-8b2b-42c0a589c10d,game_winner,,,Arkansas,8807554,2026-03-19T22:46:00Z,High Point,High Point,kalshi,yes,,2026-03-22T03:58:21Z,closed,Arkansas,Arkansas,KXNCAAMBGAME-26MAR21HPARK-ARK,High Point at Arkansas Winner?,13521620,,,Arkansas
High Point,High Point,2026-03-22T03:53:16Z,2026-03-22T03:53:18Z,8781303,12542695,KXNCAAMBGAME,,KXNCAAMBGAME-26MAR21HPARK,High Point at Arkansas,2026-03-21T20:00:00Z,,High Point vs Arkansas,both_mm,High Point vs Arkansas,Arkansas,Arkansas,0.01,a1c162d6-9225-4cc0-aaf0-62a9d70d8613,game_winner,,,High Point,17562606,2026-03-19T22:46:00Z,Arkansas,Arkansas,kalshi,no,,2026-03-22T03:58:21Z,closed,High Point,High Point,KXNCAAMBGAME-26MAR21HPARK-HP,High Point at Arkansas Winner?,25085390,,,High Point
Miami (FL),Miami (FL),2026-03-22T18:19:24Z,2026-03-22T18:19:26Z,4990931,8491020,KXNCAAMBGAME,,KXNCAAMBGAME-26MAR22MIAPUR,Miami (FL) at Purdue,2026-03-22T20:00:00Z,,Miami (FL) vs Purdue,both_mm,Miami (FL) vs Purdue,Purdue,Purdue,0.01,f71beec9-e3e7-4d5d-a6a4-1c8702e758c7,game_winner,,,Miami (FL),9981862,2026-03-21T04:36:00Z,Purdue,Purdue,kalshi,no,,2026-03-22T18:24:31Z,closed,Miami (FL),Miami (FL),KXNCAAMBGAME-26MAR22MIAPUR-MIA,Miami (FL) at Purdue Winner?,16982040,,,Miami (FL)
Miami (FL),Miami (FL),2026-03-22T18:19:24Z,2026-03-22T18:19:26Z,4149689,7440406,KXNCAAMBGAME,,KXNCAAMBGAME-26MAR22MIAPUR,Miami (FL) at Purdue,2026-03-22T20:00:00Z,,Miami (FL) vs Purdue,both_mm,Miami (FL) vs Purdue,Purdue,Purdue,0.99,3f8c7565-0e80-477e-9a18-bb6b830c13e7,game_winner,,,Purdue,8299378,2026-03-21T04:36:00Z,Miami (FL),Miami (FL),kalshi,yes,,2026-03-22T18:24:31Z,closed,Purdue,Purdue,KXNCAAMBGAME-26MAR22MIAPUR-PUR,Miami (FL) at Purdue Winner?,14880812,,,Purdue
Kentucky,Kentucky,2026-03-22T20:57:09Z,2026-03-22T20:57:12Z,6912131,10578737,KXNCAAMBGAME,,KXNCAAMBGAME-26MAR22UKISU,Kentucky at Iowa St.,2026-03-22T20:00:00Z,,Kentucky vs Iowa St.,both_mm,Kentucky vs Iowa State,Iowa St.,Iowa State,0.99,a2d41c70-66bb-41b7-86d9-1171eb9d8f90,game_winner,,,Iowa St.,13824262,2026-03-20T21:26:00Z,Kentucky,Kentucky,kalshi,yes,,2026-03-22T21:02:21Z,closed,Iowa St.,Iowa State,KXNCAAMBGAME-26MAR22UKISU-ISU,Kentucky at Iowa St. Winner?,21157474,,,Iowa St.
Kentucky,Kentucky,2026-03-22T20:57:09Z,2026-03-22T20:57:12Z,4369594,7385766,KXNCAAMBGAME,,KXNCAAMBGAME-26MAR22UKISU,Kentucky at Iowa St.,2026-03-22T20:00:00Z,,Kentucky vs Iowa St.,both_mm,Kentucky vs Iowa State,Iowa St.,Iowa State,0.01,31a6fb53-e7ee-42b3-8f1b-f78af0424741,game_winner,,,Kentucky,8739188,2026-03-20T21:26:00Z,Iowa St.,Iowa State,kalshi,no,,2026-03-22T21:02:21Z,closed,Kentucky,Kentucky,KXNCAAMBGAME-26MAR22UKISU-UK,Kentucky at Iowa St. Winner?,14771532,,,Kentucky
St. John's,Saint John's,2026-03-22T23:38:57Z,2026-03-22T23:39:00Z,5610000,10452598,KXNCAAMBGAME,,KXNCAAMBGAME-26MAR22SJUKU,St. John's at Kansas,2026-03-22T20:00:00Z,,St. John's vs Kansas,both_mm,Saint John's vs Kansas,Kansas,Kansas,0.01,6074cae7-5416-40ad-bd20-0bd1b705e066,game_winner,,,Kansas,11220000,2026-03-21T04:25:00Z,St. John's,Saint John's,kalshi,no,,2026-03-22T23:44:01Z,closed,Kansas,Kansas,KXNCAAMBGAME-26MAR22SJUKU-KU,St. John's at Kansas Winner?,20905196,,,Kansas
St. John's,Saint John's,2026-03-22T23:38:57Z,2026-03-22T23:39:00Z,4742983,8494213,KXNCAAMBGAME,,KXNCAAMBGAME-26MAR22SJUKU,St. John's at Kansas,2026-03-22T20:00:00Z,,St. John's vs Kansas,both_mm,Saint John's vs Kansas,Kansas,Kansas,0.99,7e84fc03-b821-4d74-9675-ebcc86320cc6,game_winner,,,St. John's,9485966,2026-03-21T04:25:00Z,Kansas,Kansas,kalshi,yes,,2026-03-22T23:44:01Z,closed,St. John's,Saint John's,KXNCAAMBGAME-26MAR22SJUKU-SJU,St. John's at Kansas Winner?,16988426,,,St. John's
Tennessee,Tennessee,2026-03-23T00:38:24Z,2026-03-23T00:38:26Z,3298357,6451225,KXNCAAMBGAME,,KXNCAAMBGAME-26MAR22TENNUVA,Tennessee at Virginia,2026-03-22T20:00:00Z,,Tennessee vs Virginia,both_mm,Tennessee vs Virginia,Virginia,Virginia,0.99,af181ac6-4216-4d5c-8ce4-8105a8eda13a,game_winner,,,Tennessee,6596714,2026-03-20T22:46:00Z,Virginia,Virginia,kalshi,yes,,2026-03-23T00:43:31Z,closed,Tennessee,Tennessee,KXNCAAMBGAME-26MAR22TENNUVA-TENN,Tennessee at Virginia Winner?,12902450,,,Tennessee
Tennessee,Tennessee,2026-03-23T00:38:24Z,2026-03-23T00:38:26Z,5855272,9795872,KXNCAAMBGAME,,KXNCAAMBGAME-26MAR22TENNUVA,Tennessee at Virginia,2026-03-22T20:00:00Z,,Tennessee vs Virginia,both_mm,Tennessee vs Virginia,Virginia,Virginia,0.01,6ec4bc37-2411-46e3-90fe-75cdac1032f2,game_winner,,,Virginia,11710544,2026-03-20T22:46:00Z,Tennessee,Tennessee,kalshi,no,,2026-03-23T00:43:31Z,closed,Virginia,Virginia,KXNCAAMBGAME-26MAR22TENNUVA-UVA,Tennessee at Virginia Winner?,19591744,,,Virginia
Iowa,Iowa,2026-03-23T01:35:24Z,2026-03-23T01:35:26Z,6915774,12614333,KXNCAAMBGAME,,KXNCAAMBGAME-26MAR22IOWAFLA,Iowa at Florida,2026-03-22T20:00:00Z,,Iowa vs Florida,both_mm,Iowa vs Florida,Florida,Florida,0.01,54fb2ba9-c70c-41ee-ac33-6d93606a176e,game_winner,,,Florida,13831548,2026-03-21T03:57:00Z,Iowa,Iowa,kalshi,no,,2026-03-23T01:40:32Z,closed,Florida,Florida,KXNCAAMBGAME-26MAR22IOWAFLA-FLA,Iowa at Florida Winner?,25228666,,,Florida
Iowa,Iowa,2026-03-23T01:35:24Z,2026-03-23T01:35:26Z,5338716,12052530,KXNCAAMBGAME,,KXNCAAMBGAME-26MAR22IOWAFLA,Iowa at Florida,2026-03-22T20:00:00Z,,Iowa vs Florida,both_mm,Iowa vs Florida,Florida,Florida,0.99,62c474a6-fd4e-4f1e-bdbd-dbb982d12efa,game_winner,,,Iowa,10677432,2026-03-21T03:57:00Z,Florida,Florida,kalshi,yes,,2026-03-23T01:40:32Z,closed,Iowa,Iowa,KXNCAAMBGAME-26MAR22IOWAFLA-IOWA,Iowa at Florida Winner?,24105060,,,Iowa
Utah St.,Utah State,2026-03-23T02:40:29Z,2026-03-23T02:40:31Z,4245023,7549255,KXNCAAMBGAME,,KXNCAAMBGAME-26MAR22USUARIZ,Utah St. at Arizona,2026-03-22T20:00:00Z,,Utah St. vs Arizona,both_mm,Utah State vs Arizona,Arizona,Arizona,0.99,842d3e5a-c660-455f-b93c-fe7b02a3f7c8,game_winner,,,Arizona,8490046,2026-03-20T22:46:00Z,Utah St.,Utah State,kalshi,yes,,2026-03-23T02:45:41Z,closed,Arizona,Arizona,KXNCAAMBGAME-26MAR22USUARIZ-ARIZ,Utah St. at Arizona Winner?,15098510,,,Arizona
Utah St.,Utah State,2026-03-23T02:40:29Z,2026-03-23T02:40:31Z,4766133,7258953,KXNCAAMBGAME,,KXNCAAMBGAME-26MAR22USUARIZ,Utah St. at Arizona,2026-03-22T20:00:00Z,,Utah St. vs Arizona,both_mm,Utah State vs Arizona,Arizona,Arizona,0.01,1c7734be-b23c-4ae0-a08d-9367189fde30,game_winner,,,Utah St.,9532266,2026-03-20T22:46:00Z,Arizona,Arizona,kalshi,no,,2026-03-23T02:45:41Z,closed,Utah St.,Utah State,KXNCAAMBGAME-26MAR22USUARIZ-USU,Utah St. at Arizona Winner?,14517906,,,Utah St.
Texas Tech,Texas Tech,2026-03-23T04:23:02Z,2026-03-23T04:23:04Z,3171272,5370357,KXNCAAMBGAME,,KXNCAAMBGAME-26MAR22TTUALA,Texas Tech at Alabama,2026-03-22T20:00:00Z,,Texas Tech vs Alabama,both_mm,Texas Tech vs Alabama,Alabama,Alabama,0.99,8332a629-a090-4388-8b67-06c68dcf5ada,game_winner,,,Alabama,6342544,2026-03-20T21:36:00Z,Texas Tech,Texas Tech,kalshi,yes,,2026-03-23T04:28:11Z,closed,Alabama,Alabama,KXNCAAMBGAME-26MAR22TTUALA-ALA,Texas Tech at Alabama Winner?,10740714,,,Alabama
Texas Tech,Texas Tech,2026-03-23T04:23:02Z,2026-03-23T04:23:04Z,5060906,6793617,KXNCAAMBGAME,,KXNCAAMBGAME-26MAR22TTUALA,Texas Tech at Alabama,2026-03-22T20:00:00Z,,Texas Tech vs Alabama,both_mm,Texas Tech vs Alabama,Alabama,Alabama,0.01,7af16af5-6e7e-4cd6-80bf-4c50bc6a01f6,game_winner,,,Texas Tech,10121812,2026-03-20T21:36:00Z,Alabama,Alabama,kalshi,no,,2026-03-23T04:28:11Z,closed,Texas Tech,Texas Tech,KXNCAAMBGAME-26MAR22TTUALA-TTU,Texas Tech at Alabama Winner?,13587234,,,Texas Tech
Iowa,Iowa,2026-03-27T01:27:55Z,2026-03-27T01:27:57Z,2829312,5682620,KXNCAAMBGAME,,KXNCAAMBGAME-26MAR26IOWANEB,Iowa at Nebraska,2026-03-26T20:00:00Z,,Iowa vs Nebraska,both_mm,Iowa vs Nebraska,Nebraska,Nebraska,0.99,97b42551-cfb8-48eb-9fe8-a1c407c8f2b8,game_winner,,,Iowa,5658624,2026-03-23T01:45:00Z,Nebraska,Nebraska,kalshi,yes,,2026-03-27T01:32:58Z,closed,Iowa,Iowa,KXNCAAMBGAME-26MAR26IOWANEB-IOWA,Iowa at Nebraska Winner?,11365240,,,Iowa
Iowa,Iowa,2026-03-27T01:27:55Z,2026-03-27T01:27:57Z,4303158,7646910,KXNCAAMBGAME,,KXNCAAMBGAME-26MAR26IOWANEB,Iowa at Nebraska,2026-03-26T20:00:00Z,,Iowa vs Nebraska,both_mm,Iowa vs Nebraska,Nebraska,Nebraska,0.01,9edddd86-0d1e-4916-96af-ce046b4da3ef,game_winner,,,Nebraska,8606316,2026-03-23T01:45:00Z,Iowa,Iowa,kalshi,no,,2026-03-27T01:32:58Z,closed,Nebraska,Nebraska,KXNCAAMBGAME-26MAR26IOWANEB-NEB,Iowa at Nebraska Winner?,15293820,,,Nebraska
Texas,Texas,2026-03-27T01:33:47Z,2026-03-27T01:33:49Z,4232849,7754683,KXNCAAMBGAME,,KXNCAAMBGAME-26MAR26TEXPUR,Texas at Purdue,2026-03-26T20:00:00Z,,Texas vs Purdue,both_mm,Texas vs Purdue,Purdue,Purdue,0.99,f6254c6d-0130-4c41-98bb-0674fb71d472,game_winner,,,Purdue,8465698,2026-03-22T18:26:00Z,Texas,Texas,kalshi,yes,,2026-03-27T01:38:58Z,closed,Purdue,Purdue,KXNCAAMBGAME-26MAR26TEXPUR-PUR,Texas at Purdue Winner?,15509366,,,Purdue
Texas,Texas,2026-03-27T01:33:47Z,2026-03-27T01:33:49Z,6871655,11687766,KXNCAAMBGAME,,KXNCAAMBGAME-26MAR26TEXPUR,Texas at Purdue,2026-03-26T20:00:00Z,,Texas vs Purdue,both_mm,Texas vs Purdue,Purdue,Purdue,0.01,8824e139-41bd-4214-bcd8-0bb5c7a6cdbf,game_winner,,,Texas,13743310,2026-03-22T18:26:00Z,Purdue,Purdue,kalshi,no,,2026-03-27T01:38:58Z,closed,Texas,Texas,KXNCAAMBGAME-26MAR26TEXPUR-TEX,Texas at Purdue Winner?,23375532,,,Texas
Illinois,Illinois,2026-03-27T04:18:43Z,2026-03-27T04:18:45Z,11029324,15566648,KXNCAAMBGAME,,KXNCAAMBGAME-26MAR26ILLHOU,Illinois at Houston,2026-03-26T20:00:00Z,,Illinois vs Houston,both_mm,Illinois vs Houston,Houston,Houston,0.01,4372b73d-bc41-4c9c-97b0-865e74f6db9a,game_winner,,,Houston,22058648,2026-03-22T02:26:00Z,Illinois,Illinois,kalshi,no,,2026-03-27T04:23:48Z,closed,Houston,Houston,KXNCAAMBGAME-26MAR26ILLHOU-HOU,Illinois at Houston Winner?,31133296,,,Houston
Illinois,Illinois,2026-03-27T04:18:43Z,2026-03-27T04:18:45Z,4709724,8965686,KXNCAAMBGAME,,KXNCAAMBGAME-26MAR26ILLHOU,Illinois at Houston,2026-03-26T20:00:00Z,,Illinois vs Houston,both_mm,Illinois vs Houston,Houston,Houston,0.99,0c5afceb-5a26-471d-aa51-e2a86e5d9374,game_winner,,,Illinois,9419448,2026-03-22T02:26:00Z,Houston,Houston,kalshi,yes,,2026-03-27T04:23:48Z,closed,Illinois,Illinois,KXNCAAMBGAME-26MAR26ILLHOU-ILL,Illinois at Houston Winner?,17931372,,,Illinois
Arkansas,Arkansas,2026-03-27T04:26:20Z,2026-03-27T04:26:22Z,3577745,4609761,KXNCAAMBGAME,,KXNCAAMBGAME-26MAR26ARKARIZ,Arkansas at Arizona,2026-03-26T20:00:00Z,,Arkansas vs Arizona,both_mm,Arkansas vs Arizona,Arizona,Arizona,0.99,c5557089-c213-4c8c-851d-ffb702783088,game_winner,,,Arizona,7155490,2026-03-23T02:45:00Z,Arkansas,Arkansas,kalshi,yes,,2026-03-27T04:31:28Z,closed,Arizona,Arizona,KXNCAAMBGAME-26MAR26ARKARIZ-ARIZ,Arkansas at Arizona Winner?,9219522,,,Arizona
Arkansas,Arkansas,2026-03-27T04:26:20Z,2026-03-27T04:26:22Z,6084844,7594841,KXNCAAMBGAME,,KXNCAAMBGAME-26MAR26ARKARIZ,Arkansas at Arizona,2026-03-26T20:00:00Z,,Arkansas vs Arizona,both_mm,Arkansas vs Arizona,Arizona,Arizona,0.01,0ebb4350-1ed0-405d-b5a5-5e11ba4da338,game_winner,,,Arkansas,12169688,2026-03-23T02:45:00Z,Arizona,Arizona,kalshi,no,,2026-03-27T04:31:28Z,closed,Arkansas,Arkansas,KXNCAAMBGAME-26MAR26ARKARIZ-ARK,Arkansas at Arizona Winner?,15189682,,,Arkansas
St. John's,Saint John's,2026-03-28T01:27:13Z,2026-03-28T01:28:35Z,6489532,11961699,KXNCAAMBGAME,,KXNCAAMBGAME-26MAR27SJUDUKE,St. John's at Duke,2026-03-27T20:00:00Z,,St. John's vs Duke,both_mm,Saint John's vs Duke,Duke,Duke,0.99,d745a425-4329-4dc0-93d9-0aeba01d6ff9,game_winner,,,Duke,12979064,2026-03-22T23:45:00Z,St. John's,Saint John's,kalshi,yes,,2026-03-28T01:33:38Z,closed,Duke,Duke,KXNCAAMBGAME-26MAR27SJUDUKE-DUKE,St. John's at Duke Winner?,23923398,,,Duke
St. John's,Saint John's,2026-03-28T01:27:13Z,2026-03-28T01:28:35Z,7144040,13171929,KXNCAAMBGAME,,KXNCAAMBGAME-26MAR27SJUDUKE,St. John's at Duke,2026-03-27T20:00:00Z,,St. John's vs Duke,both_mm,Saint John's vs Duke,Duke,Duke,0.01,a2b79557-ccd1-4b41-80f3-143aa10fd7df,game_winner,,,St. John's,14288080,2026-03-22T23:45:00Z,Duke,Duke,kalshi,no,,2026-03-28T01:33:38Z,closed,St. John's,Saint John's,KXNCAAMBGAME-26MAR27SJUDUKE-SJU,St. John's at Duke Winner?,26343858,,,St. John's
Alabama,Alabama,2026-03-28T02:09:26Z,2026-03-28T02:09:28Z,5096588,7516059,KXNCAAMBGAME,,KXNCAAMBGAME-26MAR27ALAMICH,Alabama at Michigan,2026-03-28T02:35:00Z,,Alabama vs Michigan,both_mm,Alabama vs Michigan,Michigan,Michigan,0.01,e322a852-276f-42f5-b868-f47cd1c2422f,game_winner,,,Alabama,10193176,2026-03-23T04:26:00Z,Michigan,Michigan,kalshi,no,,2026-03-28T02:14:38Z,closed,Alabama,Alabama,KXNCAAMBGAME-26MAR27ALAMICH-ALA,Alabama at Michigan Winner?,15032118,,,Alabama
Alabama,Alabama,2026-03-28T02:09:26Z,2026-03-28T02:09:28Z,3097236,4500343,KXNCAAMBGAME,,KXNCAAMBGAME-26MAR27ALAMICH,Alabama at Michigan,2026-03-28T02:35:00Z,,Alabama vs Michigan,both_mm,Alabama vs Michigan,Michigan,Michigan,0.99,7debf811-8bbc-40d7-b380-b7c0ad5c5bc9,game_winner,,,Michigan,6194472,2026-03-23T04:26:00Z,Alabama,Alabama,kalshi,yes,,2026-03-28T02:14:38Z,closed,Michigan,Michigan,KXNCAAMBGAME-26MAR27ALAMICH-MICH,Alabama at Michigan Winner?,9000686,,,Michigan
Michigan St.,Michigan State,2026-03-28T04:15:58Z,2026-03-28T04:16:03Z,5580932,10664524,KXNCAAMBGAME,,KXNCAAMBGAME-26MAR27MSUCONN,Michigan St. at UConn,2026-03-28T04:45:00Z,,Michigan St. vs UConn,both_mm,Michigan State vs UConn,UConn,UConn,0.99,6dd5e8e8-3e42-4d79-a17f-98cc1b4ecda0,game_winner,,,UConn,11161864,2026-03-23T03:36:00Z,Michigan St.,Michigan State,kalshi,yes,,2026-03-28T04:21:08Z,closed,UConn,UConn,KXNCAAMBGAME-26MAR27MSUCONN-CONN,Michigan St. at UConn Winner?,21329048,,,UConn
Michigan St.,Michigan State,2026-03-28T04:15:58Z,2026-03-28T04:16:03Z,6849039,12180790,KXNCAAMBGAME,,KXNCAAMBGAME-26MAR27MSUCONN,Michigan St. at UConn,2026-03-28T04:45:00Z,,Michigan St. vs UConn,both_mm,Michigan State vs UConn,UConn,UConn,0.01,07f7fd3e-5d51-41f0-b80f-3994ed73f8c4,game_winner,,,Michigan St.,13698078,2026-03-23T03:36:00Z,UConn,UConn,kalshi,no,,2026-03-28T04:21:08Z,closed,Michigan St.,Michigan State,KXNCAAMBGAME-26MAR27MSUCONN-MSU,Michigan St. at UConn Winner?,24361580,,,Michigan St.
Tennessee,Tennessee,2026-03-28T04:50:14Z,2026-03-28T04:50:15Z,6575986,10549719,KXNCAAMBGAME,,KXNCAAMBGAME-26MAR27TENNISU,Tennessee at Iowa St.,2026-03-27T20:00:00Z,,Tennessee vs Iowa St.,both_mm,Tennessee vs Iowa State,Iowa St.,Iowa State,0.01,1b6af032-043c-4870-8b45-7ca7d067c826,game_winner,,,Iowa St.,13151972,2026-03-23T00:45:00Z,Tennessee,Tennessee,kalshi,no,,2026-03-28T04:55:18Z,closed,Iowa St.,Iowa State,KXNCAAMBGAME-26MAR27TENNISU-ISU,Tennessee at Iowa St. Winner?,21099438,,,Iowa St.
Tennessee,Tennessee,2026-03-28T04:50:14Z,2026-03-28T04:50:15Z,3553014,7141958,KXNCAAMBGAME,,KXNCAAMBGAME-26MAR27TENNISU,Tennessee at Iowa St.,2026-03-27T20:00:00Z,,Tennessee vs Iowa St.,both_mm,Tennessee vs Iowa State,Iowa St.,Iowa State,0.99,33dcc893-c901-4cdb-9743-799a4744cfbd,game_winner,,,Tennessee,7106028,2026-03-23T00:45:00Z,Iowa St.,Iowa State,kalshi,yes,,2026-03-28T04:55:18Z,closed,Tennessee,Tennessee,KXNCAAMBGAME-26MAR27TENNISU-TENN,Tennessee at Iowa St. Winner?,14283916,,,Tennessee
Iowa,Iowa,2026-03-29T00:29:52Z,2026-03-29T00:29:56Z,5093654,8618286,KXNCAAMBGAME,,KXNCAAMBGAME-26MAR28IOWAILL,Iowa at Illinois,2026-03-29T01:09:00Z,,Iowa vs Illinois,both_mm,Iowa vs Illinois,Illinois,Illinois,0.99,55b32b9f-2b1e-4e6e-834e-06ecf334170e,game_winner,,,Illinois,10187308,2026-03-27T04:25:00Z,Iowa,Iowa,kalshi,yes,,2026-03-29T00:35:14Z,closed,Illinois,Illinois,KXNCAAMBGAME-26MAR28IOWAILL-ILL,Iowa at Illinois Winner?,17236572,,,Illinois
Iowa,Iowa,2026-03-29T00:29:52Z,2026-03-29T00:29:56Z,6966965,10554991,KXNCAAMBGAME,,KXNCAAMBGAME-26MAR28IOWAILL,Iowa at Illinois,2026-03-29T01:09:00Z,,Iowa vs Illinois,both_mm,Iowa vs Illinois,Illinois,Illinois,0.01,a648c499-4a37-4b56-9e2a-5a7ac4cc08f6,game_winner,,,Iowa,13933930,2026-03-27T04:25:00Z,Illinois,Illinois,kalshi,no,,2026-03-29T00:35:14Z,closed,Iowa,Iowa,KXNCAAMBGAME-26MAR28IOWAILL-IOWA,Iowa at Illinois Winner?,21109982,,,Iowa
Purdue,Purdue,2026-03-29T03:06:44Z,2026-03-29T03:06:46Z,8916625,15428562,KXNCAAMBGAME,,KXNCAAMBGAME-26MAR28PURARIZ,Purdue at Arizona,2026-03-29T03:49:00Z,,Purdue vs Arizona,both_mm,Purdue vs Arizona,Arizona,Arizona,0.99,593cb070-8cf6-4119-9984-f8ad5b155c6e,game_winner,,,Arizona,17833250,2026-03-27T04:35:00Z,Purdue,Purdue,kalshi,yes,,2026-03-29T03:11:48Z,closed,Arizona,Arizona,KXNCAAMBGAME-26MAR28PURARIZ-ARIZ,Purdue at Arizona Winner?,30857124,,,Arizona
Purdue,Purdue,2026-03-29T03:06:44Z,2026-03-29T03:06:46Z,7783503,12149509,KXNCAAMBGAME,,KXNCAAMBGAME-26MAR28PURARIZ,Purdue at Arizona,2026-03-29T03:49:00Z,,Purdue vs Arizona,both_mm,Purdue vs Arizona,Arizona,Arizona,0.01,17a2ad1f-8488-42e9-ad32-cf58558fc8bf,game_winner,,,Purdue,15567006,2026-03-27T04:35:00Z,Arizona,Arizona,kalshi,no,,2026-03-29T03:11:48Z,closed,Purdue,Purdue,KXNCAAMBGAME-26MAR28PURARIZ-PUR,Purdue at Arizona Winner?,24299018,,,Purdue
Tennessee,Tennessee,2026-03-29T20:42:10Z,2026-03-29T20:42:12Z,4650667,6738987,KXNCAAMBGAME,,KXNCAAMBGAME-26MAR29TENNMICH,Tennessee at Michigan,2026-03-29T21:15:00Z,,Tennessee vs Michigan,both_mm,Tennessee vs Michigan,Michigan,Michigan,0.99,e649fac3-fef6-4ec6-9539-8a9f54f48320,game_winner,,,Michigan,9301334,2026-03-28T04:55:00Z,Tennessee,Tennessee,kalshi,yes,,2026-03-29T20:47:18Z,closed,Michigan,Michigan,KXNCAAMBGAME-26MAR29TENNMICH-MICH,Tennessee at Michigan Winner?,13477974,,,Michigan
Tennessee,Tennessee,2026-03-29T20:42:10Z,2026-03-29T20:42:12Z,4573627,5698014,KXNCAAMBGAME,,KXNCAAMBGAME-26MAR29TENNMICH,Tennessee at Michigan,2026-03-29T21:15:00Z,,Tennessee vs Michigan,both_mm,Tennessee vs Michigan,Michigan,Michigan,0.01,af960c28-a14d-48fc-9bbe-6f13e9d558cb,game_winner,,,Tennessee,9147254,2026-03-28T04:55:00Z,Michigan,Michigan,kalshi,no,,2026-03-29T20:47:18Z,closed,Tennessee,Tennessee,KXNCAAMBGAME-26MAR29TENNMICH-TENN,Tennessee at Michigan Winner?,11396028,,,Tennessee
UConn,UConn,2026-03-29T23:23:23Z,2026-03-29T23:23:25Z,9753097,20033031,KXNCAAMBGAME,,KXNCAAMBGAME-26MAR29CONNDUKE,UConn at Duke,2026-03-30T00:05:00Z,,UConn vs Duke,both_mm,UConn vs Duke,Duke,Duke,0.99,f7dfa622-38d7-4ff6-8c47-6f7f36efce4a,game_winner,,,UConn,19506194,2026-03-28T04:25:00Z,Duke,Duke,kalshi,yes,,2026-03-29T23:28:28Z,closed,UConn,UConn,KXNCAAMBGAME-26MAR29CONNDUKE-CONN,UConn at Duke Winner?,40066062,,,UConn
UConn,UConn,2026-03-29T23:23:23Z,2026-03-29T23:23:25Z,8431289,16554326,KXNCAAMBGAME,,KXNCAAMBGAME-26MAR29CONNDUKE,UConn at Duke,2026-03-30T00:05:00Z,,UConn vs Duke,both_mm,UConn vs Duke,Duke,Duke,0.01,760f3852-fe98-45c6-b4c9-a2f29cdfb94f,game_winner,,,Duke,16862578,2026-03-28T04:25:00Z,UConn,UConn,kalshi,no,,2026-03-29T23:28:28Z,closed,Duke,Duke,KXNCAAMBGAME-26MAR29CONNDUKE-DUKE,UConn at Duke Winner?,33108652,,,Duke
Texas,Texas,2026-03-31T17:00:00Z,,4183058,7686900,KXNCAAMBGAME,,KXNCAAMBGAME-26MAR17TEXNCST,Texas at NC St.,2026-03-17T20:00:00Z,,Texas vs NC State,both_mm,Texas vs NC State,NC State,NC State,0.01,a24b9e88-5d09-4834-9659-50c0fe4b5dcd,game_winner,,,NC St.,8366116,2026-03-15T23:15:00Z,Texas,Texas,kalshi,,,2026-03-18T04:05:29Z,closed,NC St.,NC State,KXNCAAMBGAME-26MAR17TEXNCST-NCST,Texas at NC St. Winner?,15373800,,,NC St.
Texas,Texas,2026-03-31T17:00:00Z,,3702974,7244810,KXNCAAMBGAME,,KXNCAAMBGAME-26MAR17TEXNCST,Texas at NC St.,2026-03-17T20:00:00Z,,Texas vs NC State,both_mm,Texas vs NC State,NC State,NC State,0.99,7314eb70-dd6b-417e-b8a0-53175cff2be0,game_winner,,,Texas,7405948,2026-03-15T23:15:00Z,NC State,NC State,kalshi,,,2026-03-18T04:05:29Z,closed,Texas,Texas,KXNCAAMBGAME-26MAR17TEXNCST-TEX,Texas at NC St. Winner?,14489620,,,Texas
Akron,Akron,2026-04-03T17:00:00Z,,2662707,4459925,KXNCAAMBGAME,,KXNCAAMBGAME-26MAR20AKRTTU,Akron at Texas Tech,2026-03-20T20:00:00Z,,Akron vs Texas Tech,both_mm,Akron vs Texas Tech,Texas Tech,Texas Tech,0.01,069bd435-f2ac-4f84-9c80-acbcac515bab,game_winner,,,Akron,5325414,2026-03-15T22:47:00Z,Texas Tech,Texas Tech,kalshi,,,2026-03-20T18:54:01Z,closed,Akron,Akron,KXNCAAMBGAME-26MAR20AKRTTU-AKR,Akron at Texas Tech Winner?,8919850,,,Akron
Akron,Akron,2026-04-03T17:00:00Z,,2880408,4461406,KXNCAAMBGAME,,KXNCAAMBGAME-26MAR20AKRTTU,Akron at Texas Tech,2026-03-20T20:00:00Z,,Akron vs Texas Tech,both_mm,Akron vs Texas Tech,Texas Tech,Texas Tech,0.99,55720ca4-3d8c-4988-98b1-6e506fef015d,game_winner,,,Texas Tech,5760816,2026-03-15T22:47:00Z,Akron,Akron,kalshi,,,2026-03-20T18:54:01Z,closed,Texas Tech,Texas Tech,KXNCAAMBGAME-26MAR20AKRTTU-TTU,Akron at Texas Tech Winner?,8922812,,,Texas Tech
Illinois,Illinois,2026-04-05T00:25:05Z,2026-04-05T00:25:05Z,10790210,17924755,KXNCAAMBGAME,,KXNCAAMBGAME-26APR04ILLCONN,Illinois at UConn,2026-04-05T01:09:00Z,,Illinois vs UConn,both_mm,Illinois vs UConn,UConn,UConn,0.99,8e6faeaf-3805-47b4-8f67-24d7a551bbdf,game_winner,,,UConn,21580420,2026-03-30T00:27:00Z,Illinois,Illinois,kalshi,yes,,2026-04-05T00:30:14Z,closed,UConn,UConn,KXNCAAMBGAME-26APR04ILLCONN-CONN,Illinois at UConn Winner?,35849510,,,UConn
Illinois,Illinois,2026-04-05T00:25:05Z,2026-04-05T00:25:05Z,12825951,20253884,KXNCAAMBGAME,,KXNCAAMBGAME-26APR04ILLCONN,Illinois at UConn,2026-04-05T01:09:00Z,,Illinois vs UConn,both_mm,Illinois vs UConn,UConn,UConn,0.01,1582323c-40dd-43f8-8dcb-e090359472d5,game_winner,,,Illinois,25651902,2026-03-30T00:27:00Z,UConn,UConn,kalshi,no,,2026-04-05T00:30:14Z,closed,Illinois,Illinois,KXNCAAMBGAME-26APR04ILLCONN-ILL,Illinois at UConn Winner?,40507768,,,Illinois
Michigan,Michigan,2026-04-05T03:34:34Z,2026-04-05T03:34:34Z,19591651,26116920,KXNCAAMBGAME,,KXNCAAMBGAME-26APR04MICHARIZ,Michigan at Arizona,2026-04-05T03:49:00Z,,Michigan vs Arizona,both_mm,Michigan vs Arizona,Arizona,Arizona,0.01,3db88503-09f2-45e2-8955-d8e5c3fa3ea1,game_winner,,,Arizona,39183302,2026-03-30T00:27:00Z,Michigan,Michigan,kalshi,no,,2026-04-05T03:39:43Z,closed,Arizona,Arizona,KXNCAAMBGAME-26APR04MICHARIZ-ARIZ,Michigan at Arizona Winner?,52233840,,,Arizona
Michigan,Michigan,2026-04-05T03:34:34Z,2026-04-05T03:34:34Z,12210417,18246144,KXNCAAMBGAME,,KXNCAAMBGAME-26APR04MICHARIZ,Michigan at Arizona,2026-04-05T03:49:00Z,,Michigan vs Arizona,both_mm,Michigan vs Arizona,Arizona,Arizona,0.99,03866e75-9c97-4b67-b15a-6882a343bc15,game_winner,,,Michigan,24420834,2026-03-30T00:27:00Z,Arizona,Arizona,kalshi,yes,,2026-04-05T03:39:43Z,closed,Michigan,Michigan,KXNCAAMBGAME-26APR04MICHARIZ-MICH,Michigan at Arizona Winner?,36492288,,,Michigan
UCLA,UCLA,2026-04-05T17:00:00Z,,5497707,8720065,KXNCAAMBGAME,,KXNCAAMBGAME-26MAR22UCLACONN,UCLA at UConn,2026-03-22T20:00:00Z,,UCLA vs UConn,both_mm,UCLA vs UConn,UConn,UConn,0.99,b6df2287-040c-48f3-8b54-ff0e9064512b,game_winner,,,UConn,10995414,2026-03-21T04:56:00Z,UCLA,UCLA,kalshi,,,2026-03-23T03:33:22Z,closed,UConn,UConn,KXNCAAMBGAME-26MAR22UCLACONN-CONN,UCLA at UConn Winner?,17440130,,,UConn
UCLA,UCLA,2026-04-05T17:00:00Z,,6230887,8855218,KXNCAAMBGAME,,KXNCAAMBGAME-26MAR22UCLACONN,UCLA at UConn,2026-03-22T20:00:00Z,,UCLA vs UConn,both_mm,UCLA vs UConn,UConn,UConn,0.01,c23be140-461f-47dd-a45f-7e438de2f96c,game_winner,,,UCLA,12461774,2026-03-21T04:56:00Z,UConn,UConn,kalshi,,,2026-03-23T03:33:22Z,closed,UCLA,UCLA,KXNCAAMBGAME-26MAR22UCLACONN-UCLA,UCLA at UConn Winner?,17710436,,,UCLA
Michigan,Michigan,2026-04-07T03:21:17Z,2026-04-07T03:21:17Z,34747757,61129383,,,KXMARMAD-26,Men's College Basketball Champion,2026-04-07T14:00:00Z,,Michigan vs UConn,both_mm,Michigan vs UConn,UConn,UConn,0.01,8caced0c-d725-402f-b053-69fe27ef60ea,championship_future_equivalent,,,UConn,69495514,2025-10-28T18:00:00Z,Michigan,Michigan,kalshi,no,National Championship,2026-04-07T03:51:23Z,closed,UConn,UConn,KXMARMAD-26-CONN,Will UConn win the College Basketball National Championship?,122258766,,,UConn
Michigan,Michigan,2026-04-07T03:21:17Z,2026-04-07T03:21:17Z,21212813,38796765,,,KXMARMAD-26,Men's College Basketball Champion,2026-04-07T14:00:00Z,,Michigan vs UConn,both_mm,Michigan vs UConn,UConn,UConn,0.99,824e4b2f-6524-48e3-b735-c64852e67805,championship_future_equivalent,,,Michigan,42425626,2025-10-28T18:00:00Z,UConn,UConn,kalshi,yes,National Championship,2026-04-07T03:51:23Z,closed,Michigan,Michigan,KXMARMAD-26-MICH,Will Michigan win the College Basketball National Championship?,77593530,,,Michigan
